propension_12m,PC1,PC2,PC3
1,-1.3225134696649639,-1.4461261515608435,-4.182605552844618
0,-0.012079153485528352,-1.7856572397882355,-4.063345689123128
0,1.7484197795012726,-0.8440149584965132,0.493729234681016
0,-1.127121659709198,2.1989088540425286,0.48284916947706
1,-1.5556753009421826,-0.9034215090106376,1.0707229314943623
0,-2.6528398020538613,-0.9570069789754532,0.7852812950135424
0,1.124754653476625,2.1054175505486157,0.1900775722330456
1,2.022808241899124,-0.8566704050937489,0.3059713596740239
0,-1.5858821686416746,-0.7458921176113862,0.5656961497962048
0,1.6963956143322205,-0.9826251143800847,0.25280192791033906
0,-0.6083736942159457,2.3071074702879306,0.6555802346282881
1,-1.578617416509195,-1.0402469821185127,-1.2566431178632764
0,0.9838451188762962,-0.8920644375156447,0.5849325016878991
0,1.989147105269793,-0.8605413210972822,0.3183692949913431
0,-1.1619404001166165,-0.7697249677172354,1.0990964926234088
0,1.0568340183749305,-1.0561725184472164,0.4883626989394038
0,-1.8237987752570297,2.0912322616367254,0.9132176183157776
1,-0.16684516739124017,-0.7118144949672679,0.6625214787518383
0,1.6588007270594873,2.0827478429175126,0.09708545997895847
1,0.5887219364792271,-1.6723579770991357,-4.197934132366436
1,1.0568340183749305,-1.0561725184472164,0.4883626989394038
0,1.6627344777028892,-0.9864960303836179,0.2651998632276583
1,-1.3674516220562773,2.1720861532089373,-0.03110343523016381
1,1.3425868382189898,1.8695475843801739,-0.13323275672160315
0,-1.7145154948939594,1.317571267508247,-4.45086744933622
0,-0.24575157144257392,-1.294383791836016,0.7947333913779758
0,1.6963956143322205,-0.9826251143800847,0.25280192791033906
1,0.9470818016534577,2.82417020014002,-0.11049492069901522
0,0.5753793668378894,-1.0231197932456786,0.8390825783187496
0,0.508508184189685,-0.7886705991495893,0.6174564461748412
1,1.7198580122351448,-0.8915086491255481,0.4175527775298967
0,1.955485968640462,-0.8644122371008154,0.33076723030866234
0,-1.2629238100046096,-0.7813377157278352,1.1362902985753662
0,-0.49324978001642994,-0.7769110113342054,0.9565126391000451
0,0.6845921491565723,-1.477438111489702,-1.6929625793350043
1,1.9840477359065896,-0.8169185464717805,0.40694368745978154
0,-0.816208138653495,-0.7414654132177564,0.3859184903208832
0,-1.9173941655717817,-0.8282240522722203,0.6011011105009584
0,-2.527316150706348,-0.9310737094254669,1.3248882028735989
0,-2.8155355291574864,-0.9685531390206347,1.1539459829695746
0,-3.0429505424728442,-1.673907188609454,-3.6559570846536396
0,0.37714091197242217,1.6851946560927662,-1.766296025082413
0,-0.03472052669371889,-1.1019495684395473,0.5095960738280205
1,1.8545025587524688,-0.8760249851114151,0.36796103626061993
0,-0.9435098535312192,2.148253303103088,0.5022969075970404
0,-1.8005142857511465,2.20636860885064,0.02469487107196567
0,-3.155521404159144,1.872896243012629,0.7794508011367575
1,-1.6481050725371336,-0.7972567242439543,0.5019176279624048
1,-2.7750421475683824,1.8890889627198897,0.8130853198212611
1,-1.1899118204814259,2.275771385723097,0.40227018728867836
1,1.5954122044442272,-0.9942378623906843,0.2899957338622967
1,-0.1203747235258388,2.03764473497525,-0.009223014051638662
0,-3.79309677297959,-1.7274067014131873,-3.2410069657534564
1,1.7922796548570101,-0.9273895917439833,0.30418251442681987
0,1.4169077825711653,-0.9263468931573472,0.5291341953857696
1,-0.34764106732534855,1.5716728632683532,-4.459277594800203
0,-1.2502354226465746,-0.5356067558285572,1.1142288806653273
0,1.8259407914863413,-0.92351867574045,0.29178457910950073
1,1.230239070884789,-1.0804407130550517,0.33779862988436943
1,-1.046736725695609,-0.8121845998679907,0.3841296450736792
0,-1.8223878199386687,-1.3681543333282211,-3.706761972069973
0,-1.7163919660940061,-0.6334223545035242,1.1992255826393576
1,-1.8529358143416403,2.111107516401429,0.4730801086981855
1,-0.8054421430503195,-0.956938100781896,0.22557016573858804
0,-4.312668814211473,-0.8557580990270781,0.8951042571189838
0,0.11987265272732243,-0.9659899150684931,0.5005084925773562
1,1.494428794556234,-1.0058506104012843,0.32718953981425425
1,-1.7412426455684336,-1.3711358180481492,-3.720018339905488
0,-2.1095596100428033,-0.8953460341100629,1.1876524818648928
0,0.016482613780599457,-1.7381635491592007,-3.987169231972009
1,-1.7050587136140616,-0.9771221803808002,1.0556777184116446
1,0.3212722156265396,-0.8145372807341573,0.40932042031885935
0,-3.7611512348280103,-1.1991700274969126,-0.8502153156195695
0,2.0564693785284547,-0.8527994890902157,0.29357342435670475
0,-1.7999470288743775,2.0781414705375036,0.04149533142654736
0,1.933189189457339,2.070092396320277,-0.09067241502803346
1,-0.9216132656205466,-1.3915266691542048,-4.00862435904322
0,-2.4543272512077143,-1.0951817903570384,1.2283184001251035
1,1.8607675468354736,2.1059733389387123,0.022697848075043388
0,-2.5512891352890996,-1.07362136927799,0.7648879494161664
1,1.0619333877381338,-1.099795293072718,0.3997883064709654
0,-0.6375258083833917,-0.8333762644104713,1.2000536256607799
1,-1.4221085979814538,-0.8111419012813547,0.6090813260326289
0,-1.5704141670967373,-0.9616385163666673,1.0060859771423678
0,-1.2515594525584017,2.1570378336967906,0.7024527179213516
1,1.6963956143322205,-0.9826251143800847,0.25280192791033906
1,-0.09074850707157962,-1.3100149029446935,-1.441410987745826
0,-1.0375026072674127,-0.7278539473714976,0.8794929441791174
0,-1.8735342902160443,-0.9115986855196905,0.4115543902467623
1,1.8373051489325491,2.0148568736841757,-0.14205300154451425
0,2.6318094927387072,1.8893051210477403,-0.13524098648698116
0,-2.690355398885482,-1.7275535412179714,-3.6172569646306174
0,-3.045465754356568,2.1145759113178966,0.8786678816506512
1,2.5981483561093763,1.885434205044207,-0.12284305116966199
1,0.45648401902063274,-0.9272807550331608,0.37652913940416427
0,-0.9166242916647191,-0.8813052995414924,0.4399127566274226
1,0.5860291961747537,-0.868174316393526,0.4155117906033259
0,0.24699737297526886,-1.5277600195356342,-1.5317894202098548
0,-1.1129811553976756,-0.8967223755902072,0.8209753799007745
1,-2.0269312137528175,-0.9576143330601029,1.244294025936831
0,-0.40337632028610104,2.123282480300372,0.14286256382284673
0,1.2579970905750013,1.6139885592459926,-2.160416275446569
1,1.8545025587524688,-0.8760249851114151,0.36796103626061993
0,-0.34027639846327756,-1.354695685041392,-1.1188171415782764
0,1.6912962449690172,-0.939002339754583,0.34137632037877746
0,1.8259407914863413,-0.92351867574045,0.29178457910950073
0,-2.037137967420938,-0.931226976728498,1.0742822187618162
1,1.6404376985197662,1.9480086030374746,-0.15623978210903744
0,1.6912962449690172,-0.939002339754583,0.34137632037877746
1,2.4533359818772547,2.70092555461061,-0.4408518439777572
0,0.41727242241764073,-1.129719922514348,0.7239234699684688
1,-0.8156408817767259,-0.8696925515308928,0.4027189506754649
0,0.897937154226211,1.344478590982791,-4.6547787384078845
1,2.3225942749917237,-1.1275314470341864,0.32160361955446815
0,-2.0811677362320027,-0.7629742686022518,0.5577159342645343
1,1.561751067814896,-0.9981087783942176,0.3023936691796159
1,1.3204564851696066,-0.8533552774803123,0.46095314851470703
0,-1.4124771161318161,-0.7701603122192217,0.41513208074117036
1,-0.3916760232271186,2.3276917807457616,0.298668984964476
1,1.2588008381509168,-1.032947022426017,0.41397508703548863
1,0.43770100483671714,1.9778643542855474,0.07933618366841345
0,-1.1766792662711714,-0.8279419750732652,1.0344595382714143
0,-1.4224190359963613,-1.5345348432865933,-3.733361882700202
0,1.5852134657178205,-0.9069923131396811,0.4671445187991735
0,-0.8120733895885021,-0.6135119860957615,0.9698561818947599
1,-2.8696021581813453,-0.8587911494415598,1.173480896048756
0,0.6768138673363404,-0.769316019131923,0.555466769588245
1,1.3210237420463755,-0.9815824157934486,0.4777536088692887
1,1.2751945003949212,-1.2768932995495985,-1.6504022376414347
1,-1.3873465277709778,2.337150253389532,0.3712829463695735
1,1.494428794556234,-1.0058506104012843,0.32718953981425425
0,-1.3030864254160917,-1.2484985124226229,-1.0636394800492135
0,1.2149409627951793,-0.9495723891785467,0.6035218072896847
1,1.3261231114095786,-1.0252051904189505,0.38917921640085024
0,1.505225895125673,2.060752077336478,-0.12344850119434235
1,-1.1261570394109879,2.027332652295032,-0.18966291456525494
0,-3.18178650627352,-0.977960045969852,0.7896990147991911
0,-0.6422358292668675,-0.8939607461387283,0.2521548816204305
1,-0.3693792440439954,-0.606812852675331,0.7201086303011719
0,1.5393842240663662,-1.2023031968958309,-1.66101132771155
0,1.2251397015215857,-1.0368179384295504,0.42637302235280783
0,-0.020889610640431933,-1.0518146922471439,0.8682961687390366
0,-1.460869103973988,-0.7713900426593863,0.7100536538183866
1,-1.038890888838916,-1.374450945661586,-3.875000128746172
0,-2.596634015315021,-0.04469127537447037,1.6282064399401812
0,-0.9467179361058262,-0.6289956501098944,1.0194479231640365
1,-0.5614832647063498,2.0166823510317022,0.027703455472565898
1,1.6627344777028892,-0.9864960303836179,0.2651998632276583
1,-2.6014475789002347,-0.5713695447870211,1.0406964928010394
1,2.061350753580165,0.31181831709374946,0.2079148178980195
0,-2.555877917972476,-0.9785674000545017,1.2487117457224797
0,-3.1453616250318808,1.9290270171408217,-1.2299530517808908
1,-1.14205350934363,-0.9956472608172284,0.3495495189117801
0,-1.0130755890662781,-0.8083136838644575,0.3717317097563601
1,-1.2920608490892205,-0.7614624609631322,0.6961527889577741
1,-2.0269312137528175,-0.9576143330601029,1.244294025936831
0,-2.8327463333458707,-1.3960286650588725,-1.2764823498733227
0,-3.909953562775676,-1.5407821801535442,-3.302051034862657
0,0.7269387307750824,2.1293076716707344,0.020656861148472518
0,1.7198580122351448,-0.8915086491255481,0.4175527775298967
1,-1.7913032573474998,-0.9305179210353702,1.1575084787155965
0,1.573115425261104,1.9402667710304082,-0.13144391147439904
0,-0.6570233506766509,-0.7116612276642368,0.913127462863621
0,1.623973971710355,-0.9467441717616495,0.3661721910134159
0,-0.347302238207336,-1.1777694015334794,0.8151267369753518
1,1.7312223696813527,2.0468669002990776,-0.01628480312411828
1,-2.481957544869044,-1.3714178952471046,-4.153376767675944
0,-0.6120592187555499,-1.1241323658741107,0.8089353666908853
1,-1.9359798569632047,1.416060808233282,-4.663406000229465
1,0.5329866835184747,-1.1207483600671169,0.4042060262566141
0,-2.483456275350611,-1.0144483426729372,1.1353414826194028
1,1.5280899311855651,-1.001979694397751,0.31479160449693505
0,-0.766083275214753,2.1571582775849008,-0.14889141811888928
0,0.3881433982747441,-1.0489864748302467,0.6309465524627679
1,1.7586185182276792,-0.9312605077475165,0.3165804497441391
0,1.989147105269793,-0.8605413210972822,0.3183692949913431
1,-0.28112949659914716,3.0839238599323338,0.16903871193643932
1,1.2746973080835589,1.9900328906862437,-0.12523734644154635
0,-1.4164419717414816,-0.9829918142199927,0.5373073939187721
1,-2.0122003625399767,-0.9602555186234716,0.9617703881769345
1,1.7922796548570101,-0.9273895917439833,0.30418251442681987
1,1.3761779102829144,-1.2652805515389987,-1.6875960435933923
0,-0.24946554873951216,-0.5886880030978294,0.953040526791792
1,2.022808241899124,-0.8566704050937489,0.3059713596740239
0,-0.11632256055476367,-0.8648591887800895,0.570493579444009
1,1.724957381598348,-0.9351314237510497,0.32897838506145827
1,1.0210581376277101,2.030296542668935,0.10806305314277347
0,-2.78640650501459,-1.0492865867047363,1.2469229004752755
1,-1.055290363988651,-0.9299621326452737,0.9901287545575947
1,0.2488505730046744,-0.7786563381157222,0.5226906834219361
1,-0.8385049178366182,2.193039220203336,-0.0355211550158125
1,1.787180285493807,-0.8837668171184816,0.39275690689525833
1,-0.9771709901605502,2.144382387099555,0.5146948429143595
0,-2.101348447724694,-0.02760912438360479,1.6361866554718518
1,0.06894404171266491,-1.2176780241991412,-1.5390729614649288
1,-0.21427253493520154,-0.8846204271549291,0.28493096778673943
0,-0.762515783026529,2.413338843020032,0.41824581310040565
0,-0.9149480862650914,2.195746993732123,0.5784733647481596
0,-1.643228366025632,1.5381446015160842,-4.59783863314846
0,0.9231081632472721,2.010535304294095,-0.17749955851449606
0,-2.5849502719184305,-1.0774922852815232,0.7772858847334857
0,-0.7146574718887329,-0.858079803520293,0.3655251447235074
0,0.9267215843440407,-0.9870518187737145,0.4325795873856606
0,-1.3546822976488968,-1.656689827399338,-3.4159160107767907
0,1.5515523290884896,-0.9108632291432143,0.4795424541164927
0,-1.8813788634175432,0.8152815227472339,1.040249962766941
0,-0.5151568307435329,-0.95493295544799,0.6306944107834009
1,-1.7531100082317346,-0.8420426413442024,1.0397356905752577
0,1.9280898200941357,2.1137151709457784,-0.0020980225595950636
1,1.6290733410735583,-0.9903669463871512,0.2775977985449775
1,-1.022196484236089,-0.7978640783286042,0.9609303588856939
1,0.24608189916553644,0.6917032343243156,0.5681676184830299
1,1.494428794556234,-1.0058506104012843,0.32718953981425425
0,-1.2731305636727301,-0.7549503593962302,0.9662784914003518
0,1.7077599717784284,1.9557504350445412,-0.18103565274367592
1,1.398544754031444,-1.0610861330373857,0.27580895329777344
0,-0.2473353097215002,2.2653568938303033,0.02383964703233877
0,2.2400048046550602,-0.2606754908352152,0.06737334858017284
1,-0.9365191973794198,-0.7162411993608978,0.8422991382271597
0,-2.7482132558988246,-0.9608113070135682,1.1291501123349366
1,1.364883617402113,-1.064957049040919,0.2882068886150927
1,0.9940438576027026,-0.9793099867666479,0.40778371675102215
1,1.753519148864476,-0.8876377331220149,0.40515484221257747
0,1.4607676579269029,-1.0097215264048176,0.3395874751315735
1,0.007725503838419712,2.2895384091005258,0.2552686139796657
1,1.9840477359065896,-0.8169185464717805,0.40694368745978154
0,-2.7538232119418544,-0.9686197269860529,0.8224751009655
1,2.022808241899124,-0.8566704050937489,0.3059713596740239
1,1.6290733410735583,-0.9903669463871512,0.2775977985449775
1,-0.21202907265880483,2.06420472780555,0.44029203626205826
0,-1.854604004799554,-0.9050865839527886,0.6816800926893402
0,1.0334027254382694,2.134786391600149,0.033322132893544756
0,-1.521423817411533,2.193439451062263,0.437675147993432
1,-0.816208138653495,-0.7414654132177564,0.3859184903208832
1,1.6963956143322205,-0.9826251143800847,0.25280192791033906
0,-1.8357384045217204,-0.7797743423941623,0.9830941465033197
0,-3.286791441968121,-1.0227459630701001,1.3275170774120435
0,0.45648401902063274,-0.9272807550331608,0.37652913940416427
0,-0.08758326486788724,2.1669339410706865,0.5678490799296582
1,0.5321967637900039,1.38650287863156,-4.623776302740394
0,1.9280898200941357,2.1137151709457784,-0.0020980225595950636
1,1.5280899311855651,-1.001979694397751,0.31479160449693505
1,1.4078852079197204,2.0625572985241276,-4.827809382420732
0,-2.243806793138686,-0.954178761558556,0.5479316787372734
1,-1.8672693021330398,2.070399638530437,0.06629120206118573
0,-1.6434030665953718,-0.7975304354350958,1.1026557798908627
0,-1.3555900722987069,1.843535512397721,-1.990105907084067
1,0.6819132366995437,-0.8129387937574247,0.46689237711980663
0,-2.5934808201869237,2.0259473643236974,0.7458346856792079
0,-1.1328193909154338,-0.9113166083207352,0.8449128180172182
1,1.4048097421144488,1.920912191012742,-0.0694542348878031
0,-5.573683280919339,2.415147036664711,-0.8886913629088784
0,0.9895117451162685,-1.063914350454283,0.5131585695740423
0,1.505225895125673,2.060752077336478,-0.12344850119434235
0,1.6740988351490973,1.9518795190410079,-0.16863771742635666
0,0.8757929733293832,-1.2387399279043627,-1.6070018666566244
0,-2.2339743128674576,2.2840001279267024,0.7698057217709918
1,-3.402906274317699,1.3713264568275871,-4.417220944381898
0,-0.4003428847785456,2.115133989936132,-0.17989385378638043
0,0.6961929973019266,-1.057771005423949,0.43079074213845653
0,0.5264990325837683,-1.7237225837317038,-4.2617126542002355
1,-0.7720036692726904,1.4259569156071776,-4.798009638221157
0,1.8545025587524688,-0.8760249851114151,0.36796103626061993
0,-1.7858592939592293,1.2766562664115322,-3.9254473220406862
0,0.27506194793003413,1.7866598613292433,0.0695519281411527
0,-0.02927656330544849,1.1052246190073556,-4.573359726928262
0,-0.9359208355363875,2.4376070376278673,0.5688098821554399
0,-2.6843355559139166,-1.2116099848606114,-0.9360856448601812
0,-4.5684454441494555,-1.6208416857875774,-3.3366159662761694
0,1.524156180542163,2.06726417890338,0.1466772012482353
0,-2.6797333788620756,2.011693430749729,0.5005048538712685
1,2.022808241899124,-0.8566704050937489,0.3059713596740239
0,-4.000484466119297,-0.7365892024987858,1.2788861383685484
0,1.4556682885636996,-0.9660987517793157,0.4281618676000119
1,0.13576912265996466,2.0569899980437674,-0.038703940899678824
1,-1.8832224422626245,-0.7729219416707007,0.9839525790215145
0,1.3883460153050375,-0.9738405837863822,0.45295773823465035
1,-0.28726143443383584,-0.7205123462233576,0.3815007705352346
1,1.3088556370242521,-1.2730223835460652,-1.6628001729587538
0,-1.568921249520901,-1.1180655330481042,-1.4818807145261368
0,0.06334748003809938,2.0928709406622024,0.07466632220339801
0,2.2501726323698583,-1.0916505044157512,0.43497388265754494
0,-0.7186789976953407,-0.8912529726099413,0.8661494013844027
1,-1.3042209391696296,-0.9920442357963501,-1.097240400758377
0,-1.1236904808039088,-0.8609080209371902,0.6028747609997762
0,-1.1819485290897023,-0.6994411255689873,0.4169209259883744
0,-0.9696130771319819,-0.8483392536775675,0.8714975338990607
1,1.6963956143322205,-0.9826251143800847,0.25280192791033906
0,0.12590632354633263,-0.5897307016844654,0.7280888458328423
0,0.09712478293374147,1.726323692249444,0.3254908500192073
1,-0.12181967331570125,2.230431970460891,0.2162859627805041
1,-0.6386683370786437,-0.6377801807035969,0.8192921128397255
1,-1.787171336133516,-1.4511888961839357,-3.880227286084379
0,-0.7462526746624161,-0.897425003785088,0.6121051051816153
0,-0.6085746926375365,-0.8900898301351949,0.23975694630311126
1,1.6861968756058139,-0.8953795651290813,0.4299507128472159
0,-1.4807640096886887,-0.6063259424787916,1.1124400354181234
0,-2.2554945686691568,-1.266829763049317,-1.145618995880597
1,1.297561344143451,-1.0726988810479854,0.31300275924973103
1,-0.37133189298702945,-1.1406587284748797,0.6335754270012125
0,-2.630268926890058,-1.3213719744396866,-0.9556205579393625
1,-0.8156408817767259,-0.8696925515308928,0.4027189506754649
1,-0.5121233952359776,-0.9630814458122299,0.3079379931741738
0,0.006283875054192917,-1.6509179999081973,-3.8100204470351318
1,1.8932630647450033,-0.9157768437333835,0.2669887084748623
0,-2.0488948811741747,-1.405700350888807,-4.2091750739780736
0,-1.6052098174796066,-0.7090551557439279,0.9848829917505237
0,2.0005114627160006,2.0778342283273434,-0.11546828566267185
0,0.7182671136333479,-1.613251538459501,-4.158951481167274
0,-1.361841232534267,-1.2781471546257388,-4.0984336854134416
1,1.3832466459418342,-0.9302178091608805,0.5415321307030888
0,1.933189189457339,2.070092396320277,-0.09067241502803346
0,2.1014948726039937,2.089446976337943,-0.15266209161462946
1,1.5515523290884896,-0.9108632291432143,0.4795424541164927
0,0.9267215843440407,-0.9870518187737145,0.4325795873856606
0,-1.3674516220562773,2.1720861532089373,-0.03110343523016381
1,1.561751067814896,-0.9981087783942176,0.3023936691796159
0,2.234905435291857,-0.2170527162097134,0.15594774104861125
1,-2.3830401223393873,-0.8746084563492009,1.0813472163128637
1,-1.2562274431441611,2.246246949844159,-4.6810447560426995
0,-3.4222397360613606,1.6087059545877762,-1.1972825438007368
1,-3.9186770945240457,-1.5736816380520509,-3.4021649301302195
0,1.7586185182276792,-0.9312605077475165,0.3165804497441391
1,1.8259407914863413,-0.92351867574045,0.29178457910950073
0,-0.9794144524369469,-0.8044427678609243,0.3593337744390409
0,-2.583282081460517,1.9387018150726942,0.5686859007423309
1,1.6302389597933595,2.035254152288478,0.020909002827839314
0,-1.1378620920602776,-1.7070780674709634,-4.046514839271774
0,-1.7080845141561956,2.1002038240839567,0.5935001746039235
1,-2.5818064410034993,-1.6394849198839772,-4.082582041014823
1,-0.07962798841787735,-0.8691367631407961,0.23533922651746256
0,1.2531342119109445,-0.8610971094873787,0.4857490191493455
0,-0.690684487305982,-0.7155321436677701,0.9255253981809403
0,-1.357650246751312,2.128189667392294,0.481060324229856
1,-0.6793814920142122,-1.131874197881177,0.8337312373255237
1,0.09853573825210231,-1.733062902715503,-4.294488740366544
0,-0.9042434528163538,-1.3744432974700493,0.7601684599644629
0,-1.677631460101472,-0.6731742131254927,1.0982532548536001
0,1.297561344143451,-1.0726988810479854,0.31300275924973103
1,1.6912962449690172,-0.939002339754583,0.34137632037877746
0,-2.2105430199307965,-0.9069587821206626,1.2248462878168505
1,0.948795700675462,-1.5425323518092668,-4.15716263592007
1,0.8916721661432065,-1.6375197330673363,-4.309515550222309
0,-1.6781987169782409,-0.5449470748123564,1.0814527944990184
0,2.367549704501856,-1.323984033528733,-1.6665972479713358
1,-0.9629507256275359,2.0903100069382,-0.16307819868341253
1,0.999143226965906,-1.02293276139215,0.31920932428258375
0,-0.18061139830587047,-0.8807495111513959,0.2725330324694203
1,0.8987270739546819,-1.162772647715886,0.373203590589123
0,1.9167254626479278,-0.824660378478847,0.43173955809441994
0,-0.5492076958288843,2.153722706083354,0.5474709290806684
1,0.8257381744560476,-0.9986645667843141,0.46977339333761814
0,2.333888567872525,-1.3278549495322662,-1.6541993126540167
0,-0.4380255472144846,2.07808990484295,0.333128338191834
0,-1.73888974369872,-0.8961150215055576,0.36196264897748553
1,-0.7967752814988923,-0.7443803099722666,0.7041330044894446
1,1.1063916249369037,1.9706783106685775,-0.06324766985495037
0,0.5887219364792271,-1.6723579770991357,-4.197934132366436
0,0.4264546797418893,2.2145480755878313,-0.2073185989594635
1,-0.4439761984605962,1.2742463145290963,-4.264236178538137
0,-3.3320395988953617,-1.5859683281127186,-3.237429275259048
0,-1.9128620530853475,-0.7436196885845856,0.4957262576779383
0,-3.7479950395068347,-0.8664084002904078,1.1124706271568043
0,1.4607676579269029,-1.0097215264048176,0.3395874751315735
0,-1.239469427043399,-0.751079443392697,0.9538805560830327
1,1.5954122044442272,-0.9942378623906843,0.2899957338622967
0,1.702660602415225,1.9993732096700425,-0.09246126027523748
0,1.0904951550042616,-1.0523016024436833,0.4759647636220847
0,-0.09952289413257817,-0.7040726629602014,0.6377256081171999
1,-0.9200554705700087,2.1785115754382263,0.3198871651047064
1,1.4169077825711653,-0.9263468931573472,0.5291341953857696
1,-0.7539852347580361,-0.6901008065851882,0.4496970121546833
0,-1.496996799210398,2.1129797145693026,-0.07008608642932544
1,-1.699648908214533,-0.9570779138656703,0.7079934284019002
1,1.787180285493807,-0.8837668171184816,0.39275690689525833
1,1.4658670272901062,-1.0533443010303192,0.25101308266313505
0,0.28772724526351984,-1.1888263611539824,0.6849408187693071
0,-1.8060421235020547,-0.9887349283914,1.092871524363602
1,-4.374076590303777,2.80759957704576,1.2820096305470274
0,-3.8177337375377913,-0.14957476400643577,1.610457163629636
0,-2.576850667243772,-0.7367073561587573,1.23904826312976
1,1.5954122044442272,-0.9942378623906843,0.2899957338622967
1,-1.8678365590098085,2.1986267768435734,0.0494907417066041
0,-0.095280619558014,-1.3946192666323283,-1.336036134922806
1,-2.8701694150581143,-0.7305640111284234,1.1566804356941742
0,1.6963956143322205,-0.9826251143800847,0.25280192791033906
0,-0.45448927402389566,-0.8166628699561738,0.8555403113142874
1,1.2588008381509168,-1.032947022426017,0.41397508703548863
1,1.4379036218670107,2.0530102453294115,-0.09865263055970395
1,-0.5800129253714088,-0.84259613950616,0.31593340345423054
0,-2.1494546297888752,-0.5991398988618217,1.255023888941487
0,-2.4505988862971955,1.6363581550026056,-1.4514478151799735
0,-2.089721374525045,-0.8807518013795348,1.1637150437484494
1,-0.6645326084499907,2.0405438872823645,-0.16928476371626525
1,-1.3109264493670543,-0.8867747025217583,0.39473873514379443
0,-3.6794249757335624,-1.4700629935033098,-3.3002621896154527
0,1.4658670272901062,-1.0533443010303192,0.25101308266313505
1,1.556651698451693,-0.954486003768716,0.39096806164805425
1,-0.943687381951968,-0.8360461361186527,0.5811178642625104
0,0.9489724346186194,-0.6677887636918659,0.8110773180414946
0,0.37037873157805506,1.9701225222784808,0.10413205430305188
0,-0.4094637799483567,2.1255835954719853,0.4093047953429533
1,-0.6997256222543011,2.3364763113394638,0.49882479528878726
0,-2.2625591701581347,-0.9847107450848356,1.3310795731580654
0,-0.7829443654456054,-0.6942454337798629,1.0628330994004607
0,1.0390693516782417,1.962936478661511,-0.038451799220311986
0,1.724957381598348,-0.9351314237510497,0.32897838506145827
0,1.4658670272901062,-1.0533443010303192,0.25101308266313505
0,1.2359368020910246,2.0297847493082117,-0.024265018655788777
1,-1.0181749584294812,-0.7646909092389558,0.4603061022247985
1,1.753519148864476,-0.8876377331220149,0.40515484221257747
0,-0.23549147056172942,1.9730882625510135,0.27554118664250044
1,-1.0138966137610121,-1.5831378204676825,-4.365960902814347
1,2.0005114627160006,2.0778342283273434,-0.11546828566267185
1,2.216511495740527,-1.0955214204192845,0.44737181797486414
0,-0.7874336375611249,-1.4785496882698952,-1.3582031310189997
1,1.432205890660775,-1.0572152170338525,0.26341101798045424
0,-2.28681148778953,1.4314240283593045,-3.8616536054584993
1,-1.7087131331874017,-1.1262866412409398,0.9187431340479403
0,2.3746184401607757,-0.9889212911506148,0.562530926325145
1,0.025546838753467974,-1.5689548217839315,-4.1979189376180495
1,0.6288707240432645,-1.0655128374310157,0.455586612773095
0,-0.5202562001067362,-0.9113101808224884,0.7192688032518395
0,-1.9109124115286549,2.7146483174945475,0.9800110736489456
0,-1.268023179367813,-0.7377149411023335,1.2248646910438046
0,0.5946423305371645,-0.9411566151214122,0.4511840877358325
0,0.6591653669059626,1.8793748135605124,0.2918747345616578
1,0.6509310125272413,-1.4813090274932352,-1.6805646440176851
0,1.0548784799266584,-1.5745423784241686,-4.282930834340466
0,1.0955945243674647,-1.0959243770691849,0.3873903711536462
0,-1.410176983658477,1.9990065098301346,0.19204420573319553
1,1.364883617402113,-1.064957049040919,0.2882068886150927
0,1.6290733410735583,-0.9903669463871512,0.2775977985449775
1,1.6924618636888185,2.086618758921046,0.08468752466163927
1,0.6983769635089548,2.0818139810416993,-0.05551959600264672
0,-1.940686670019379,-1.0042185924055331,1.1424632656328786
0,-1.7587199642747642,-0.8498510613166871,0.733060679205821
0,0.24076348985852766,-1.2276829682838595,-1.4768159484505796
0,-1.9829835632338737,2.061428076083206,0.3860086457730403
0,-2.119360985347768,-0.8514495482934197,0.6754887224048736
0,-0.7008912409741024,-0.6891447873361651,0.7555135910059254
0,-2.381307246742817,2.022785504013292,0.8414588809503075
0,1.1971762960984904,2.0695366079301802,0.07670730912996883
1,-1.2578244406414063,-0.8249604903533369,1.047715906106928
1,1.0419870008957783,-0.6831131684675558,0.5076638735661723
0,-0.05106622115174965,-0.8216430725117612,0.3115156836685819
1,1.4893294251930307,-0.9622278357757824,0.4157639322826927
0,-1.9647083098573583,-0.9062497264275349,1.308072547770631
0,-0.6292826081052573,-1.438991673638427,-3.7483886925559657
0,-3.2418301995522585,-1.4197410854573775,-3.461435348740602
0,-2.8469607849731546,-1.5424988207902481,-3.3994608669023925
1,-1.8444052660731476,-0.9923321332037918,0.5045313077524632
0,-0.7717810064209885,-0.9530671847783628,0.21317223042126887
0,-3.5435620411000626,-0.7231042563203119,0.6985261372890804
1,1.3420195813422209,1.99777472269331,-0.1500332170761848
0,-1.6481050725371336,-0.7972567242439543,0.5019176279624048
0,-0.5126906521127466,-0.8348543074990935,0.29113753281959215
0,-1.8643001717878482,-0.8272680330231972,0.9069176893522005
0,-3.603484812522182,1.9946979590964764,0.4116597404473056
0,1.8545025587524688,-0.8760249851114151,0.36796103626061993
0,-0.9715043639205779,1.972532474160917,0.4429209108005029
0,-1.9151507032953852,2.120601102688259,0.7564621789762771
0,2.022808241899124,-0.8566704050937489,0.3059713596740239
1,-0.7850131806549503,-0.8576731451631195,0.713077432967373
0,0.5901102180507303,-1.0257609788090472,0.5565589405588527
1,1.4607676579269029,-1.0097215264048176,0.3395874751315735
0,-2.3533438413197216,-1.0835690423464388,1.191124594173146
1,0.6094915940776782,-0.7770578511389895,0.5802626402228837
1,-0.8808972211797402,-0.912908667799221,0.6616968464508922
1,-0.6085746926375365,-0.8900898301351949,0.23975694630311126
0,1.933189189457339,2.070092396320277,-0.09067241502803346
0,2.090130515157786,-0.8489285730866825,0.2811754890393855
0,-0.06619769711602151,2.033764502022568,0.03568367100423635
0,1.1863791955290515,-0.9970660798075817,0.5273453501385655
0,-0.5406540575358422,2.271500238860637,-0.05852818040324688
0,-1.219063934648872,-0.8647123489753052,0.9467435783211706
0,-0.9794144524369469,-0.8044427678609243,0.3593337744390409
0,1.330655223896013,-0.9406008267313156,0.2838043635778302
1,-1.123179894124082,-0.8094768263392038,0.9981241648376514
0,0.784062265307338,2.224295052928804,0.17300977545071095
0,2.0564693785284547,-0.8527994890902157,0.29357342435670475
0,1.4893294251930307,-0.9622278357757824,0.4157639322826927
1,-2.7778528667215476,-0.9315090539274531,0.6409237909913608
0,-1.2014988407793357,1.7164199366840114,-4.175074100699733
1,-0.33767075635769833,-1.1367878124713464,0.6211774916838932
0,-1.046736725695609,-0.8121845998679907,0.3841296450736792
1,1.0562667614981616,-0.9279453801340799,0.4715622385848222
0,-1.962088893469698,-1.379989212654643,-1.4934538153006016
1,1.4842300558298276,-0.9186050611502807,0.504338324751131
0,1.9192899082943924,2.723595262241713,-0.34785973172367013
1,0.8257381744560476,-0.9986645667843141,0.46977339333761814
1,1.5280899311855651,-1.001979694397751,0.31479160449693505
0,-2.441808757305007,-0.7645727555789844,0.500143977463587
0,1.5674487990211319,2.112116683969046,-0.059669979360542316
0,-1.055290363988651,-0.9299621326452737,0.9901287545575947
0,-1.5373202873441751,-0.8295404620499979,0.9768875814704671
0,-0.2366873464697054,-1.1251750644607468,0.5839836857319357
0,0.45546567153340617,-1.04124464282318,0.6061506818281295
0,-0.6809963352594018,-0.8542088875167597,0.3531272094061882
0,0.6192392421936269,-1.1064944264931484,0.6495358580645535
0,2.851623421336279,0.1989743244293598,1.2726713747693075
0,1.922970085074484,1.28964602499659,-4.646177878103147
1,1.4042424852376798,2.049139329325878,-0.08625469524238476
1,0.5472686901822195,-0.8284224577715577,0.5164841183890834
0,-0.6930943757161186,1.9930501966533294,-0.2454612208673845
1,-0.5412524193788745,-0.8823479981281285,0.2149610756684729
0,-2.9592212106231304,2.0679716519724662,0.7768371213466989
1,1.5280899311855651,-1.001979694397751,0.31479160449693505
0,-1.5950110787532,-0.7963007049949313,0.8077342068136468
0,0.454293049858383,-0.00851039574693684,0.6223088359620484
0,-2.3156611788837824,-1.0465249572532573,0.6781024021949321
0,-0.35401645081572897,-0.8564813165435604,0.4230971015244547
0,-2.5159517932601405,2.007301839999159,0.8910506222195842
0,1.820841422123138,-0.8798959011149484,0.38035897157793913
0,2.090130515157786,-0.8489285730866825,0.2811754890393855
0,0.5957768442907024,-1.197610891747685,0.4847850084449958
1,1.5280899311855651,-1.001979694397751,0.31479160449693505
0,1.6290733410735583,-0.9903669463871512,0.2775977985449775
0,-1.5480862829473507,-0.614067774485858,1.1372359060527617
1,-0.5376849271906504,-0.6261674326929972,0.7820983068877678
0,-1.2872374897904424,-1.7199205459217277,-3.7143994602426003
0,1.5178911924591585,-0.9147341451467476,0.49194038943381196
1,-1.3596057851995842,1.6098198074153418,-4.290233209050014
0,1.5393842240663662,-1.2023031968958309,-1.66101132771155
1,-0.4538989271225774,2.2763271741131934,0.23489046313067602
1,2.318124178483161,2.813669028909614,-0.4080605630630621
0,-0.8837669026113035,1.7695011981340503,-2.1468765411719537
0,1.6861968756058139,-0.8953795651290813,0.4299507128472159
0,-0.8742962934839609,-0.6648765927283296,0.9060776600609598
0,-2.2540055318650922,-0.8669332123075527,0.7250804636741505
0,-0.8977506764451715,-0.6951348650634679,1.0884874025532936
0,-1.4750973834487164,-0.7781758554174297,1.040666103304267
0,0.016256052106912434,-0.8139012405046947,0.2867198130339435
0,1.1737138981955657,1.9784201426756438,-0.08804354048958879
0,2.346056672894648,-1.0364149817796497,0.48635446917402575
0,-0.975279703371954,-0.6764893407389294,0.9432714660129174
0,-1.290895230369419,2.2641586377124967,0.439463993240636
1,1.5903128350810238,-0.9506150877651827,0.3785701263307351
1,-1.1134917420775021,-0.9481535701881936,0.4257259760628993
1,-1.2235960471353062,-0.9493167126629398,1.0521184311441907
0,0.5581819570179695,1.8677620655499128,0.32906854051361545
1,1.7586185182276792,-0.9312605077475165,0.3165804497441391
1,-0.23926681001310562,-0.6759335523488328,0.7758917418549152
1,-0.5463517887420777,-0.8387252235026268,0.30353546813691135
0,1.7586185182276792,-0.9312605077475165,0.3165804497441391
0,1.1304212797165973,1.9335676376099777,0.11830364011918885
0,-2.152511535297273,-0.8038892696989666,1.0831360615600676
0,0.9329865724270453,1.9949465052764128,0.08731639920008395
1,2.6153457659292965,-1.005447653751384,0.38717098663547217
0,1.561751067814896,-0.9981087783942176,0.3023936691796159
0,-1.5950110787532,-0.7963007049949313,0.8077342068136468
1,1.7648835063106838,2.0507378163026106,-0.028682738441437476
0,-1.997779099585371,2.1828694016382992,0.6998206349043391
1,-0.6621307349815683,-0.7288966459581336,0.6545412632201678
1,-0.9322097477446873,1.7473872647122772,-4.274257583238287
0,-1.6831544907379676,-1.447724638537576,-4.240177509645565
0,0.0934363688888991,-1.6894401280900013,-4.205914347898106
0,-1.4633356625810672,2.116850630572836,-0.08248402174664464
1,1.8881636953818,-0.8721540691078818,0.3555631009433007
1,0.4891268081627371,-1.0373737268196468,0.5937527465108102
1,1.297561344143451,-1.0726988810479854,0.31300275924973103
1,-2.171782513938262,-0.9467106407426309,1.123873960031093
1,1.2924619747802477,-1.0290761064224838,0.40157715171816943
0,1.331222480772782,-1.0688279650444523,0.30060482393241184
0,-0.5126906521127466,-0.8348543074990935,0.29113753281959215
1,0.6967602541786956,-1.1859981437370852,0.4475912024930382
0,-0.6479024555068398,-0.7221108332000902,0.32392881373428734
1,-0.5696131882234114,2.267355611665962,0.5546079068425305
1,-1.6903198474595067,-0.9189051730247705,1.1203146727636393
0,1.4995281639194373,-1.049473385026786,0.23861514734581582
1,-0.849869275282826,-0.7453363292212896,0.39831642563820246
0,0.7182671136333479,-1.613251538459501,-4.158951481167274
0,0.9875562066679964,-1.5822842104312351,-4.258134963705827
1,0.7685687110152474,2.160115740460557,0.27447856435451795
0,-2.0167324750264113,-1.0448598823111064,1.0671452409999544
0,1.3444861399493,-0.8904659505389121,0.6425044584888464
0,0.5615484507846025,-1.073254669438082,0.4803824834077333
0,-0.9302772993209645,-0.9554600576932737,1.134486258579776
0,0.9436825034648142,-1.3592252342104325,-1.6149972769366812
1,-1.9631533426578296,2.0151641158943354,0.014910615544704912
0,0.9170901024944031,-1.0280334078358477,0.6265288326771191
1,0.7570276196258823,-1.6530033970814695,-4.259923808953031
0,-1.4475265343326502,-1.4206282265128436,-4.326963056866799
1,0.4126241436648952,-0.8439061217856907,0.5660758596583603
1,1.933189189457339,2.070092396320277,-0.09067241502803346
0,1.1241562916335925,-1.04843068644015,0.4635668283047655
0,-0.7186789976953407,-0.8912529726099413,0.8661494013844027
1,0.18674383537552675,-1.2004391091645823,0.7221346247212648
1,-1.3397108794848838,1.4447557072347472,-4.692619590649751
0,-0.06316426160846621,2.025616011658328,-0.28707274660499077
1,-0.0009413577130075514,2.076980618290896,-0.22329422477119074
1,-0.945186058930847,-0.9287989901705274,0.3637362994763033
1,0.36330999591913515,1.6350597799003626,-2.124996119993429
0,1.6290733410735583,-0.9903669463871512,0.2775977985449775
0,-0.48855060192567723,-1.4258091247959073,-4.06442266534535
1,1.432205890660775,-1.0572152170338525,0.26341101798045424
0,0.25916547799739204,-1.2363200517830175,0.6087643616181879
0,0.9143769965334814,-1.0915416677049286,0.5073205076348892
0,0.6647158268796237,2.0779430650381663,-0.04312166068532747
0,-2.873823834631455,-0.8797284719885627,1.0197458513304702
1,-1.3825329641857647,2.8638285228020828,0.9587928935087153
1,1.955485968640462,-0.8644122371008154,0.33076723030866234
0,-2.7281253667042478,2.0104637003095642,0.7954264269484846
0,-1.2440015395298334,-0.8356838070803317,1.0592554089060526
1,-1.854036747922785,-1.033313722265925,0.6984805530439218
0,-2.215134630465182,-1.460529215167735,-3.9130033722506887
1,-2.1182264715942303,-1.1079038249196926,0.709089643114037
1,-0.6222046102692326,2.256972594095527,0.296880139717272
0,1.561751067814896,-0.9981087783942176,0.3023936691796159
0,1.432205890660775,-1.0572152170338525,0.26341101798045424
1,0.12256539303179584,-1.7701735757741026,-4.112937430392405
1,1.6576351083396859,-0.9428732557581162,0.3537742556960967
1,0.2182228718828985,-0.7906757444834953,0.2123322011300282
1,-0.5376849271906504,-0.6261674326929972,0.7820983068877678
0,-1.7040629883495877,2.133376993173605,0.09287591794302814
0,-2.302462204845921,-0.749362802755993,1.0512903881227684
0,-2.369217221227814,-0.8853317730761958,1.0928867191119882
1,-0.2600317120212492,1.9587677410116269,-0.301259527169514
1,-2.3717400165528546,-1.2754744947400116,-3.695207274522464
0,-0.7146574718887329,-0.858079803520293,0.3655251447235074
0,-1.1905021673827443,-0.8172186583462703,1.0229200354722898
0,-1.1026946415080632,2.1184491175495683,-0.02491206494569733
0,0.8308375438192508,-1.0422873414098162,0.38119900086917974
1,1.5280899311855651,-1.001979694397751,0.31479160449693505
0,2.795015806522159,1.952282475690908,-0.10865627060513877
1,1.477231384736314,1.8850312483943068,-0.18282449799087994
1,1.5954122044442272,-0.9942378623906843,0.2899957338622967
0,1.7648835063106838,2.0507378163026106,-0.028682738441437476
1,-1.0267055066979738,2.3387487403662646,0.4288549031705208
0,2.0005114627160006,2.0778342283273434,-0.11546828566267185
1,1.9064925304176283,-1.4654224068292017,-1.6701749384657438
0,1.4169077825711653,-0.9263468931573472,0.5291341953857696
0,0.00577285489538585,1.7556925333009774,0.16873541067970627
1,-0.4512714957932033,1.863445880805484,-2.219475307828665
0,1.5343549192685697,1.9800186296523765,-0.030471583688641495
0,-1.1026946415080632,2.1184491175495683,-0.02491206494569733
0,-0.6125084432809385,2.1791540431659358,0.07164254305441155
0,-1.3765725172260883,2.1825357587447907,0.5580952138991698
1,0.13576912265996466,2.0569899980437674,-0.038703940899678824
0,-2.476434514232548,-0.596867469835021,1.1850539968232205
0,-0.849869275282826,-0.7453363292212896,0.39831642563820246
1,0.24644394394594454,-1.5392172241958302,-4.002180847079386
1,0.6533514694334157,-0.8604324843864596,0.3907159199686875
1,2.0850311457945825,-0.8053057984611808,0.3697498815078239
0,-0.44026900949088127,-0.8707352501175287,0.1777672697165153
1,0.060342489136336885,-1.8215381824066708,-4.176715952226205
1,1.921824832011131,-0.8682831531043487,0.3431651656259815
0,1.8259407914863413,-0.92351867574045,0.29178457910950073
0,-1.185402798019541,-0.860841432971772,0.9343456430038514
1,1.7586185182276792,-0.9312605077475165,0.3165804497441391
1,-0.9481062176773295,-1.275592648399983,-3.7350451497612522
0,1.5515523290884896,-0.9108632291432143,0.4795424541164927
1,2.369549981809181,-0.2015690521955804,0.10635599977933445
1,1.6627344777028892,-0.9864960303836179,0.2651998632276583
1,1.6290733410735583,-0.9903669463871512,0.2775977985449775
1,-2.550755458584724,2.1990270077025,0.5226870447158484
1,1.6861968756058139,-0.8953795651290813,0.4299507128472159
0,-0.7432192391548607,-0.905573494149328,0.28934868757238813
1,1.494428794556234,-1.0058506104012843,0.32718953981425425
0,0.017303638475333453,-0.9633394125559755,0.7505233805986973
0,-0.6717622168312057,-0.7698782350202666,0.8484905085116263
1,-0.6231951484430015,-1.4412927888100402,-4.014830924076073
0,-1.8753199352089889,-1.514846620375419,-3.6536261382816293
0,0.2540661086341888,-1.1926972771575157,0.6973387540866264
0,-0.7213994216754264,0.7945368071104,0.8136254417716956
1,2.029001488541126,-1.555063365257307,0.9403146019521065
0,1.4619332766467044,2.0158995722708117,0.08289867941443525
1,-0.7262583200340871,-1.277746909586046,-1.7582281767499535
0,2.0564693785284547,-0.8527994890902157,0.29357342435670475
0,-0.31417810126659934,-0.9730291188806788,0.7341746379311539
1,-0.4202377904932464,2.2801980901167265,0.22249252781335677
1,-1.1408878906238284,2.0299738378584005,0.0928607231946419
0,-3.0528085859961682,-0.790626469017081,0.8118812056437711
0,2.1014948726039937,2.089446976337943,-0.15266209161462946
0,0.5912758367705315,1.999860119866582,0.2998701448417145
0,-0.34390463947443956,-0.8367107612195719,0.6761509634431684
0,1.3934453846682409,-1.0174633584118842,0.3643833457662119
1,-1.1477201355836022,-0.8237973478785904,0.42132345102563684
1,-1.1087428636309455,-0.3026751607839185,1.0445242745734435
1,1.5280899311855651,-1.001979694397751,0.31479160449693505
1,-1.1119930650986234,-0.855400716136319,0.6431075408491065
0,1.561751067814896,-0.9981087783942176,0.3023936691796159
1,2.0005114627160006,2.0778342283273434,-0.11546828566267185
1,-0.347240876052898,2.1769482021045534,0.47308331717675334
0,1.87096628556188,2.0187277896877087,-0.15445093686183342
0,-1.4883530276835206,-0.8956796770035711,1.0459270608597242
0,-0.14695026167653946,-0.8768785951478626,0.2601350971521011
0,2.869367661885944,-0.09988253751708014,0.00896136248798485
0,0.8916721661432065,-1.6375197330673363,-4.309515550222309
0,-2.4093017571321758,1.8470646750711206,0.7820828841537699
0,1.803644012303218,2.010985957680642,-0.12965506622719503
0,0.4269039042672783,-1.088738333452215,0.5299742246770102
0,-0.8784310425489538,-0.7928300198503245,0.32213996848708326
0,-2.970585568069338,-0.8704038974521594,1.2106747020007134
1,-1.5485099442206434,-1.4322409745234432,-4.2897692509148415
0,-2.47805236486408,2.6052199708089807,1.1022015815749338
0,-0.47902951548341555,-0.8309833914955603,0.27873959750227295
0,-1.6580469924016787,-1.561631255311326,-3.6465763354789678
0,1.2486020994245102,-0.9457014731750134,0.5911238719723656
1,0.4478997435631236,1.890618805034544,-0.09781260126846329
0,0.5080570935792272,-1.030861625252745,0.863878448953388
1,0.30900754304448497,-0.6918174472218923,0.35228718011494753
1,1.736321739044556,2.003244125673576,-0.10485919559255667
1,1.7096389078522898,-1.6719550204492355,-4.137952685545217
1,0.289343954593779,2.0789857636248024,0.18183002027362205
1,2.0678337359746624,2.08557606033441,-0.14026415629731023
0,1.1349533922030315,2.018172001297612,0.012928787296168814
1,1.921824832011131,-0.8682831531043487,0.3431651656259815
1,-1.8020772678923895,-0.775903426390629,0.9706962111860006
0,-2.371619094696237,1.8841087601643023,0.2690606921755554
0,-1.3833480919889194,-0.850893759903323,0.5081089982468713
1,1.4556682885636996,-0.9660987517793157,0.4281618676000119
1,1.2802938697581245,-1.3205160741751,-1.738976630109873
1,1.6627344777028892,-0.9864960303836179,0.2651998632276583
0,1.6740988351490973,1.9518795190410079,-0.16863771742635666
1,-0.34438496896609144,-0.8154997274814273,0.22914785623299608
0,0.8446684598725378,-0.9921524652174124,0.739899095780196
0,0.43316889235028294,1.8932599905979126,0.18471103649143356
1,-1.4444053771645768,2.123362732139738,0.18764168069593307
0,2.5308260828507145,1.8776923730371406,-0.0980471805350236
1,-0.5835825339517642,-0.21784057433530746,-1.2445447614075762
0,0.08984331344857907,2.1758389155524993,-0.08333924578627154
0,-0.07348103268625324,-1.062197709817579,0.6105684016137781
0,-2.960378814401217,-0.8967912537837643,1.3806865091757283
0,2.0341725993453315,2.0817051443308765,-0.127866220979991
0,-0.30445884425375574,2.170369512572233,-0.12851326726989962
1,-1.570584060552065,-0.8767604414878912,0.29997297239088955
0,0.8257381744560476,-0.9986645667843141,0.46977339333761814
1,1.8259407914863413,-0.92351867574045,0.29178457910950073
1,-2.1273242767394924,2.1237629629986645,0.6608379837051774
1,2.761354669892828,1.9484115596873748,-0.09625833528781959
1,0.4936589206491714,-0.9527693631320119,0.4883778936877901
1,1.8881636953818,-0.8721540691078818,0.3555631009433007
1,0.8422019012654586,1.89608820801481,-0.052638579784835174
0,0.7151232827184169,-1.0512589038570472,0.7009164445810344
0,1.8881636953818,-0.8721540691078818,0.3555631009433007
1,1.6912962449690172,-0.939002339754583,0.34137632037877746
1,-2.003476830791607,-0.9273560607249647,1.0618842834444973
1,1.9668503260866697,2.0739633123238104,-0.10307035034535265
0,-0.30910898909157075,-1.0892941218423116,0.6973539488350126
0,0.6647158268796237,2.0779430650381663,-0.04312166068532747
0,0.5820954455313517,2.2010695569076044,0.24739738735462607
1,-2.272765923826255,-0.9583233887532306,1.1610677659830504
0,-2.5187625124133066,-0.8132961766481839,0.7188890933896839
0,-2.3794159599542204,-0.7980862238251925,1.270035504048865
0,1.30835844471289,1.993903806689777,-0.13763528175886555
0,-1.3588078505293995,-0.8365732383639365,1.0849097120588855
0,-0.11065593431479151,-1.0367091017187275,0.4987196473301522
0,1.0059754719256795,1.8308384243448415,-0.009253403548411138
0,1.9046274221912112,2.0225987056912422,-0.1668488721791527
1,1.0961928862104973,2.0579238599195806,0.1139011150819264
1,1.6861968756058139,-0.8953795651290813,0.4299507128472159
0,0.11942156211686464,-1.2081809411716486,0.7469304953559031
1,0.6192392421936269,-1.1064944264931484,0.6495358580645535
0,-3.0719615342643607,1.5818855298015575,-4.469426365441233
0,1.6963956143322205,-0.9826251143800847,0.25280192791033906
1,2.232975222549938,1.79923135437984,-0.07504015514758924
1,1.561751067814896,-0.9981087783942176,0.3023936691796159
0,-0.08369478930959529,3.0225449922658987,0.2000259528555442
1,1.5954122044442272,-0.9942378623906843,0.2899957338622967
0,-2.207966445892634,-1.34072427840998,-3.6518220982860394
0,-3.0587289800541058,-1.5218278309948043,-3.8372370144584966
0,-0.3053979012998704,-1.7795138947579017,-4.145713516558714
0,-3.5674218024244277,-0.7708716581404884,1.223087832066419
0,-2.3196827046903903,-1.0796981263429055,1.178726658855827
1,0.8542999417221754,-0.9511708761552793,0.5459498504887375
1,-0.2923608037970391,-0.6768895715978559,0.470075163003673
0,-0.23656931411832482,2.0498842062661633,-0.13650867754995633
0,-3.3371527961060097,-1.4026612105138847,-0.6952639162756589
1,-0.6982638096447282,-1.1020260806438746,-1.698852179953416
0,-1.4760316849045236,-1.198057843426959,0.7245113575803427
1,-0.6793201298597742,2.222843405756856,0.49168781752692536
0,-1.9375377776515883,0.5487179397416675,0.21538496442238791
1,-1.2156096657190332,-0.7033120415725206,0.4293188613056935
1,1.3546848786757064,-0.9777114997899153,0.4653556735519695
0,-2.0764657302902414,-0.7632479797933933,1.158454086192992
1,-1.301125074062089,-0.9306711883384013,0.9069024946038142
0,1.3546848786757064,-0.9777114997899153,0.4653556735519695
0,-1.1341765675206734,1.724161768691078,-4.199869971334372
0,1.798544642940015,2.054608732306144,-0.04108067375875664
0,1.8995280528280079,2.066221480316744,-0.07827447971071426
1,1.2149409627951793,-0.9495723891785467,0.6035218072896847
1,-0.652434567993274,-0.8067151968877249,0.42930366655730734
0,-1.1256598470996253,-1.2395935379408103,-1.7148278057651432
0,-0.6747313471763973,2.1277894365333676,0.007864021220611533
1,-1.361409458764219,-0.09971614307323541,-3.7851738045023953
0,1.989147105269793,-0.8605413210972822,0.3183692949913431
0,-0.9155464481081237,-0.9581012432566424,0.8519626208198794
1,1.4658670272901062,-1.0533443010303192,0.25101308266313505
1,-0.9047493475386849,2.10850144448112,0.4013245798112828
0,-1.9386131011983099,2.0294846374337223,0.5917113293567194
1,-0.9457533158076159,-0.800571851857391,0.3469358391217217
0,1.0950272674906958,-0.9676972387560483,0.37058991079906456
0,0.36468100037181944,-1.140102940084783,0.4661957028432101
1,1.263332950637351,-0.9483426587383821,0.30860023421246857
0,-0.08931614046445749,-0.7304600192918065,0.8077374152922147
1,1.6740988351490973,1.9518795190410079,-0.16863771742635666
0,-0.25703147670979454,2.3431754447598943,0.2490772436951992
1,1.561751067814896,-0.9981087783942176,0.3023936691796159
1,1.0562667614981616,-0.9279453801340799,0.4715622385848222
0,1.6576351083396859,-0.9428732557581162,0.3537742556960967
0,-2.153022121977099,-0.855320464296953,0.6878866577221928
0,-1.4792321325137094,-0.9061292825394246,0.45672841173039047
0,1.5852134657178205,-0.9069923131396811,0.4671445187991735
0,-2.35391109819649,-0.9553419040333023,1.1743241338185644
1,-0.2538367885036513,1.8020670131390486,-2.1884880669095597
0,-0.5999078310861093,-0.6775320393255654,0.7183197850539678
0,1.5280899311855651,-1.001979694397751,0.31479160449693505
0,-1.7811045186210934,-1.0177634702863738,0.9803596937787201
1,-0.6227949571705509,-0.83601744997384,0.9175299879008835
1,0.44571802341745725,-0.7118080674690211,0.5368774639864593
0,1.4842300558298276,-0.9186050611502807,0.504338324751131
0,-2.605979691386669,-0.6559739084746556,1.146071345624059
1,1.6639000964226907,2.039125068292011,0.008511067510520115
1,1.6627344777028892,-0.9864960303836179,0.2651998632276583
1,2.118692282423914,-0.8014348824576475,0.3573519461905047
0,1.921824832011131,-0.8682831531043487,0.3431651656259815
0,-0.618773431363943,-0.8028442808841916,0.4169057312399881
1,-2.2365282131587616,-1.388217969039015,-3.7279985554371584
1,0.12709750551823012,-1.685569212086468,-4.218312283215425
1,1.4995281639194373,-1.049473385026786,0.23861514734581582
0,1.26390020751412,-1.0765697970515187,0.32540069456705023
0,1.2466327331287934,-1.3243869901786334,-1.7265786947925539
1,1.8545025587524688,-0.8760249851114151,0.36796103626061993
0,0.650377583497917,-1.4927662321534312,-4.150956070887218
1,1.5954122044442272,-0.9942378623906843,0.2899957338622967
1,-3.170879010296706,1.534798497529696,-4.198050534348487
0,0.5101226474585825,1.9419834116671122,-0.034034079434663286
0,-2.624571195683822,1.7888534879235773,-1.3176842064795207
1,0.016482613780599457,-1.7381635491592007,-3.987169231972009
1,1.8596019281156722,-0.9196477597369168,0.27938664379218153
1,-1.0324032379042096,-0.7714767219969992,0.7909185517106789
0,-0.012305715159215374,-0.8613949311337297,0.21054335588282425
0,-2.3177603129355306,-0.6184944788794879,1.3170135655280832
1,-2.576850667243772,-0.7367073561587573,1.23904826312976
0,-2.9124974132388717,-0.9469927179415861,0.6905155322606374
0,-0.5349874312958698,2.099650325921999,-0.13030211251710366
0,-1.7579048364716094,2.864871221388719,1.183744574467665
0,1.3705813486083487,2.045268413322345,-0.07385675992506556
0,-3.86155355999179,-1.478694256793981,-3.249812015827981
1,1.9503865992772589,-0.8207894624753137,0.4193416227771007
1,-0.8614701234281802,-1.1650034352870424,-1.7254368958352584
0,1.6290733410735583,-0.9903669463871512,0.2775977985449775
0,-0.313579739423567,2.1808191181080865,0.4606853818594342
0,1.955485968640462,-0.8644122371008154,0.33076723030866234
0,2.1045565105618205,2.3707764268226614,-2.457426272632608
0,0.2985243458329587,1.8777763265837797,0.23430277776071035
0,-2.3971806266509095,2.2210227732835346,0.7432210058891494
0,-0.882963155035388,-0.8774343835379592,0.4275148213101033
0,1.6861968756058139,-0.8953795651290813,0.4299507128472159
1,0.8580110295138755,-1.6413906490708696,-4.297117614904989
1,1.100693893730668,-1.1395471516946865,0.2988159786852078
0,-1.134182380426404,1.9247043045838088,-1.3991184127075293
0,1.3609498667587112,2.004286824260212,0.12009248536639287
1,-1.131256408774191,2.0709554269205337,-0.10108852209681657
0,-3.114464233014858,-0.9702182139627855,0.7649031441645526
1,-1.4056448711720426,2.0836108735177694,0.08666935291017543
1,1.494428794556234,-1.0058506104012843,0.32718953981425425
1,1.7922796548570101,-0.9273895917439833,0.30418251442681987
1,1.921824832011131,-0.8682831531043487,0.3431651656259815
1,-1.2026002078394609,2.030040425823819,0.42433160519871727
1,1.7648835063106838,2.0507378163026106,-0.028682738441437476
1,0.4051743819609241,1.7175391616557416,0.125335039694896
1,1.955485968640462,-0.8644122371008154,0.33076723030866234
0,-0.7711826445779562,2.2007810522104028,-0.06031702565045084
1,0.26429595232685865,2.0021325488933828,0.22990025272344788
0,-0.3764312623502328,-1.097035953849378,0.722149819469651
0,1.7586185182276792,-0.9312605077475165,0.3165804497441391
0,1.6404376985197662,1.9480086030374746,-0.15623978210903744
1,-0.347240876052898,2.1769482021045534,0.47308331717675334
1,0.8451195504829954,-0.749961439114257,0.4934770930016491
0,1.921824832011131,-0.8682831531043487,0.3431651656259815
1,0.8548671985989442,-1.0793980144684159,0.5627503108433192
0,-0.08305115238145298,2.251538304758321,0.4624742271066382
0,-0.7854029091109704,2.2548534323717577,0.6174560159473211
1,0.2488505730046744,-0.7786563381157222,0.5226906834219361
1,1.6576351083396859,-0.9428732557581162,0.3537742556960967
1,1.933189189457339,2.070092396320277,-0.09067241502803346
0,-0.8390721747133871,2.3212663585164726,-0.05232161537039416
1,0.4320032736304816,-1.1323611080777165,0.4413998322085717
0,1.724957381598348,-0.9351314237510497,0.32897838506145827
0,-0.5349874312958698,2.099650325921999,-0.13030211251710366
0,-2.1815838892432273,-0.9028141549259879,0.6117102005710735
1,-1.156250683852095,2.27964230172663,0.3898722519713592
0,-1.6668574495565822,-0.8277887077702341,1.2850655223831966
1,-1.8693915262093375,-0.7227870654782971,1.34265267393253
0,-2.844040626226672,-1.1957051625607924,0.6993205823351625
1,2.118692282423914,-0.8014348824576475,0.3573519461905047
1,1.4893294251930307,-0.9622278357757824,0.4157639322826927
0,1.5515523290884896,-0.9108632291432143,0.4795424541164927
0,2.0678337359746624,2.08557606033441,-0.14026415629731023
0,1.921824832011131,-0.8682831531043487,0.3431651656259815
1,-1.975482320402248,-0.7516352317827936,1.1212602802410345
1,0.4177235130280984,-0.8875288964111924,0.47750146718992187
1,1.3255558545328099,-0.8969780521058139,0.3723787560462686
0,-2.251194812711927,1.9536648043397902,0.8972419925040507
1,-1.1262271039763945,-1.1113663996276737,-1.7316282661197249
0,-0.36668174814921467,2.119004905939665,-0.19229178910369962
0,0.9838451188762962,-0.8920644375156447,0.5849325016878991
0,0.22655379382155125,2.15584829530537,0.10125103808524043
1,1.8545025587524688,-0.8760249851114151,0.36796103626061993
0,1.798544642940015,2.054608732306144,-0.04108067375875664
1,0.5809298268115504,-0.8245515417680245,0.5040861830717642
1,1.230239070884789,-1.0804407130550517,0.33779862988436943
1,-0.959383233439312,2.346490572373331,0.4040590325358825
0,1.8881636953818,-0.8721540691078818,0.3555631009433007
0,2.678765199556165,2.815267515886346,-0.3504886062621148
0,-0.9833793080466122,-1.0172742698616954,0.4815090876166426
1,-1.3109264493670543,-0.8867747025217583,0.39473873514379443
1,1.3323880994925834,1.9567931336311772,0.04391602821527367
1,0.8885283352282753,-1.0755270984648826,0.5503523755259999
0,-1.2974961580651985,2.0161265626416056,0.19508317963056815
1,-0.5879682018214185,2.193474564705322,0.648443256866426
0,1.3705813486083487,2.045268413322345,-0.07385675992506556
1,2.3707122241976397,-1.559976979847476,0.7277608563104758
1,2.302422067599999,-2.405621863630675,-3.775832344878245
0,0.748784419347748,-1.047387987853514,0.6885185092637152
0,0.34646748912603437,2.173973144882872,0.3341829345758605
0,1.1139575529071861,-0.9611851371891463,0.6407156132416424
1,-2.167250401451828,-0.8621062770549963,1.0184991072080734
0,1.2918947179034788,-0.9008489681093472,0.3847766913635878
0,-2.588971797725038,-1.1106654543711716,1.2779101413943805
0,-1.3109264493670543,-0.8867747025217583,0.39473873514379443
0,1.0277049942320338,-0.9754390707631148,0.39538578143370295
1,2.7112298064540865,-0.9502121311152824,0.4385515731519529
1,-3.123585128184669,-0.9597686084269321,1.354101793293886
1,-0.2805169646372683,-0.9691582028771455,0.7217767026138348
0,-1.9248132901112864,-1.2024558616757761,1.2407011406940367
0,1.798544642940015,2.054608732306144,-0.04108067375875664
0,1.4548645409877843,1.6808368298926935,-2.1462294948820455
0,1.1971762960984904,2.0695366079301802,0.07670730912996883
0,-2.8200676416439205,-1.0531575027082696,1.2593208357925947
0,0.8416346443886896,2.024315346327946,-0.06943904013941686
0,-0.8894508059700945,-1.4804086072025462,-4.2384038591467466
0,-1.721448495086294,-1.28949947068042,-1.238611108134684
1,-0.3152559448231947,-0.8962331751655289,0.322124773738697
1,1.4658670272901062,-1.0533443010303192,0.25101308266313505
1,1.398544754031444,-1.0610861330373857,0.27580895329777344
0,-1.9036279346571514,-0.6592890360880923,0.9910895567833765
1,-0.6854180523384603,-1.4926573954426083,-4.078609445909874
0,-2.3926716041890246,-0.915590045411334,1.275296461604322
0,-0.8788284059703952,-0.7494809564159644,1.01145251288398
0,-1.809578510724015,2.0371598814753704,0.23544457671800584
0,-2.3829834521424447,-1.0542667892603237,0.7028982728295704
1,0.39324276763794724,-1.0926092494557482,0.5423721599943294
0,1.6963956143322205,-0.9826251143800847,0.25280192791033906
0,-0.8926513070819682,-0.7387576396889696,0.9999130100848556
1,1.4328042525038076,2.096633019954913,-0.010078238091265563
1,1.8322057795693458,2.0584796483096772,-0.053478609076075836
0,-2.248906162501889,-0.9105559869330544,0.636506071205712
0,-0.10759139384097281,2.2372177832189344,-0.1143264867053764
0,1.5224233049455929,-0.8301297814591129,0.3865655366107918
0,-2.8522300477916853,-1.4139979712859703,-4.016999479185433
1,0.9797640970003196,-0.7344777751001239,0.44388535173237226
1,-0.852803261876753,-0.9524456444774128,-1.246874057084402
0,0.3946060150127932,-0.14292065216427588,-4.449886669744553
0,-1.5688511849554945,2.0206335188746016,0.06008463702833304
1,1.6963956143322205,-0.9826251143800847,0.25280192791033906
0,-1.2659009552915153,2.0554717629064005,-0.05149678082753974
1,1.6525357389764828,-0.8992504811326145,0.4423486481645351
0,1.2918947179034788,-0.9008489681093472,0.3847766913635878
0,-0.5177900214759499,-0.7912315328735919,0.3797119252880306
1,-1.920281177624852,-1.1178514979881413,1.1353262878710166
0,-0.703860371319294,2.208522884217469,-0.08511289628508932
0,-0.029022795487483224,2.0082758939237166,0.1475324252878622
1,1.5280899311855651,-1.001979694397751,0.31479160449693505
1,1.4995281639194373,-1.049473385026786,0.23861514734581582
1,-0.2630190458279,-1.542200984963131,-1.2572459979816284
1,-0.825329033823306,-0.7310158076819031,0.975117139450217
1,1.5108925213656452,1.88890216439784,-0.19522243330819913
0,-1.3097608306472528,2.1388463961538706,0.13804993942665628
0,-2.5216495244663766,-1.102923622364105,1.253114270759742
0,1.2987269628632525,1.952922217627644,0.05631396353259287
0,0.2959704455416542,-1.7944417703819382,-4.26350149944744
1,-0.6703172670413434,-0.9626654705059076,0.6229815316794836
1,1.803644012303218,2.010985957680642,-0.12965506622719503
1,1.364883617402113,-1.064957049040919,0.2882068886150927
0,0.6596164575164204,2.121565839663668,0.04545273178311095
1,0.1815282997460123,-0.7863981701227887,0.5474865540565745
0,1.921824832011131,-0.8682831531043487,0.3431651656259815
1,1.524156180542163,2.06726417890338,0.1466772012482353
1,-2.90836266417388,-0.8190392908195913,1.2744532238345134
1,1.623973971710355,-0.9467441717616495,0.3661721910134159
1,-0.9457533158076159,-0.800571851857391,0.3469358391217217
0,-3.3733067163967143,2.7545183297764875,1.1208212766734917
0,1.921824832011131,-0.8682831531043487,0.3431651656259815
1,1.8259407914863413,-0.92351867574045,0.29178457910950073
0,0.6288707240432645,-1.0655128374310157,0.455586612773095
1,-0.7528507210044981,-0.9465550832114609,0.4832979328638466
0,1.6016771925272317,1.9877604616594433,-0.055267454323279855
0,-2.2568694538936134,2.06465652435903,0.6218553325060158
0,0.25803096424385413,-0.9798657751567446,0.5751634409090246
0,-0.10087718123257974,1.9159296982290155,0.27770314874552077
0,-2.640461852710734,-1.4346689610814138,-3.579223331629328
1,1.9668503260866697,2.0739633123238104,-0.10307035034535265
1,-1.0130755890662781,-0.8083136838644575,0.3717317097563601
1,-1.1813812722129333,-0.8276682638821237,0.433721386342956
1,0.39755221727267975,1.3710192146174272,-4.5741845614711165
1,1.921824832011131,-0.8682831531043487,0.3431651656259815
1,-0.8442026490428538,-0.9171862421599277,0.3265424935243457
0,-0.7282873895204289,2.288982620710429,0.4226483381376681
0,1.3476161430167866,-1.3127742421680335,-1.7637725007445115
0,-0.33083851139792486,1.716983373265645,0.2927147638528985
1,-0.6562890281955636,-1.5733908431267098,-3.985632528404173
0,0.022521040189916935,2.1680970835454327,-0.05854337515163312
0,1.1578174282629237,-1.0445597704366167,0.45116889298744633
0,-0.21259632953557378,2.1924318661186866,0.42349157590747655
0,-0.13565596879573816,-1.0772020976459427,-1.7156678350563839
1,2.0005114627160006,2.0778342283273434,-0.11546828566267185
1,-0.5972103351913287,2.048285719289431,-0.1940806343509037
1,-0.4168066115879568,-0.7796187848629922,0.342518119336073
0,-2.082959194130678,-1.1656796675652494,-0.7067130356370148
0,-0.6227949571705509,-0.83601744997384,0.9175299879008835
1,-0.6131068051239708,-0.9746941938228296,0.3451317991261314
1,0.7233664829965513,-1.6568743130850028,-4.247525873635713
1,1.6290733410735583,-0.9903669463871512,0.2775977985449775
1,1.7586185182276792,-0.9312605077475165,0.3165804497441391
0,-2.4268999976951244,-0.7912338231017308,1.2708939365670595
0,1.787180285493807,-0.8837668171184816,0.39275690689525833
0,-2.0212645875128454,-1.1294642459987412,1.172520093822974
1,0.9267215843440407,-0.9870518187737145,0.4325795873856606
0,1.820841422123138,-0.8798959011149484,0.38035897157793913
0,-0.2912829602404438,-0.7536855153130059,0.88212502719613
1,1.6740988351490973,1.9518795190410079,-0.16863771742635666
0,-0.6182061744871741,-0.9310714191973279,0.4337061915945698
0,-0.3769985192270015,-0.9688088155362414,0.7053493591150694
1,1.22967181400802,-0.9522135747419153,0.32099816952978777
1,-0.3101565754599915,-0.9398559497910305,0.23355038127025854
1,-1.465465901599079,-0.7371942663552967,0.8467168580128085
0,1.3546848786757064,-0.9777114997899153,0.4653556735519695
1,-2.0800332224784652,-1.0194285452285246,0.5913168549736977
1,-0.9794144524369469,-0.8044427678609243,0.3593337744390409
0,0.22040497200485779,-1.196568193161049,0.7097366894039455
1,0.9889444882394995,-0.9356872121411464,0.4963581092194606
0,-3.5566477918795383,-0.9254861527852296,1.4099000995960156
1,1.6627344777028892,-0.9864960303836179,0.2651998632276583
0,1.820841422123138,-0.8798959011149484,0.38035897157793913
0,-3.630457716072907,-1.536202208456883,-3.2312227102261954
0,-1.321946212788195,-1.57435328987398,-4.165805092490036
1,1.2531342119109445,-0.8610971094873787,0.4857490191493455
0,1.3877787584282686,-0.8456134454732458,0.43615727788006864
1,-0.1948085728143356,2.3945400513924624,0.31285576552899924
0,-0.686095704622605,-0.810586112891258,0.4417016018746265
0,-2.022909687946209,-0.9244411639704546,0.7436697692759361
0,1.3210237420463755,-0.9815824157934486,0.4777536088692887
0,-1.7154273457957956,-0.8049985562510208,0.5267134985970432
0,2.0005114627160006,2.0778342283273434,-0.11546828566267185
0,-0.7089597406824973,2.252145658842971,0.0034614961833490734
0,1.6912962449690172,-0.939002339754583,0.34137632037877746
0,-2.4420452480041535,1.7541356877798886,-2.0574469246638887
0,1.4776141102371125,2.830860016611302,-0.3277337225540473
0,-0.7619716161743093,-0.9361054776756076,1.0724965819931802
0,0.5586330476284272,2.109953091653068,0.08264653773506851
0,-2.2568925439181626,-1.1565606580234737,1.2593056410442085
0,-0.048822758875353006,2.127182082448718,0.4668767521439007
1,0.5564490814213991,-1.0296318948125804,0.5689568758761718
0,-0.8705209540325849,1.9841452221715166,0.40572710484854524
0,1.0568340183749305,-1.0561725184472164,0.4883626989394038
0,-1.2099430394790611,-0.8751619545111586,0.35754492919183684
1,-1.7310497197477577,-1.257838831406422,-1.0964155662155224
0,2.72625387590744,-1.514755718245242,0.8739072055798617
1,-1.778614869989465,-0.6847869611360924,1.1354470608055576
1,-2.3318508097125132,-1.371138094095522,-0.9618271229722152
1,-1.1766792662711714,-0.8279419750732652,1.0344595382714143
0,-1.6108764437195788,-0.5372052428052898,1.0566569238643806
0,0.5799114793243237,-0.9385154295580436,0.7337077254957295
0,-1.3606894416619102,1.8871582870232229,-1.9015315146156286
1,-0.5075912827495433,-0.8784770821245952,0.2025631403511537
1,-0.27649543883066025,-0.9359850337874972,0.22115244595293934
0,0.3447346135294641,-0.7234208154796208,0.5740712699384172
1,0.6196903328040848,-0.8643034003899929,0.4031138552860067
1,0.7906887562552133,-1.6491324810779362,-4.272321744270351
0,0.6579997481861612,-1.146246285115117,0.5485635302787959
0,-1.1714051963382284,1.4641102872524132,-4.754609267236347
1,-1.6052098174796066,-0.7090551557439279,0.9848829917505237
1,1.4169077825711653,-0.9263468931573472,0.5291341953857696
1,1.398544754031444,-1.0610861330373857,0.27580895329777344
1,1.6740988351490973,1.9518795190410079,-0.16863771742635666
1,0.5370699514558128,-0.7411769085205544,0.6936329033259605
0,-2.7349576116640213,-0.8433074854274267,1.1238891547794791
1,1.494428794556234,-1.0058506104012843,0.32718953981425425
0,1.4613660197699352,2.144126710583948,0.06609821905985365
1,1.668999465785894,1.9955022936665094,-0.08006332495791828
0,1.0192391311021975,2.0092004388503812,0.3326462310080235
0,0.12802255728685913,-1.7640348336082927,-3.4808211368195003
1,-2.1907047844130383,-0.8923645493901345,1.2009088497004068
0,-0.17551202894266726,-0.9243722857768975,0.18395864000098178
0,0.35391500476864396,-0.9246302525206432,0.6265440274255054
1,-1.791311272289214,-0.9913761139547687,0.8103478866037053
0,2.1104287164893307,-1.0635113938043825,0.5731400163952602
1,-3.859261442460165,1.2296143723359771,-3.8200604829478477
0,-1.9349889388131434,2.1060068699577306,0.7803996170927208
1,-0.3580148865977876,2.3315626967492946,0.28627104964715683
1,1.3934453846682409,-1.0174633584118842,0.3643833457662119
0,1.69244149803237,1.2189268383463556,-4.647966723350351
0,-1.8397032601313856,-0.9926058443949332,1.1052694596809212
0,1.561751067814896,-0.9981087783942176,0.3023936691796159
1,-3.7786227406286104,-0.878427806658181,0.8021121448648966
1,-0.8437373374481375,3.0590998769344018,0.18585436703940722
1,1.1737138981955657,1.9784201426756438,-0.08804354048958879
0,-2.895816920469339,2.5086341025741783,0.8922767104717482
1,1.460200401050134,-0.881494388091681,0.3227870147769918
0,-1.7245482409656068,-0.7945489507151675,1.1159121477263767
0,1.8545025587524688,-0.8760249851114151,0.36796103626061993
0,-0.3158232016999636,-0.7680060368523924,0.30532431338411536
0,-0.47546202329519177,-0.5748028260604291,0.8458768287215679
0,-0.26569833826122147,2.130617653950265,-0.22948559505565722
0,-2.8174343974088165,-1.6665813319087097,-3.995796493793589
0,-0.3421415066896947,2.133325427479052,0.3845089247083149
0,-1.562162951876889,-1.5063957326752244,-3.5951957489624875
1,1.241036171454228,1.9861619746827106,-0.11283941112422717
1,-0.2785945728824088,-0.5079545554137279,0.8600636092860912
1,0.6196903328040848,-0.8643034003899929,0.4031138552860067
0,-2.5146277633483134,-0.685342749526189,1.30282678496356
0,1.6912962449690172,-0.939002339754583,0.34137632037877746
1,1.8545025587524688,-0.8760249851114151,0.36796103626061993
1,1.820841422123138,-0.8798959011149484,0.38035897157793913
1,1.921824832011131,-0.8682831531043487,0.3431651656259815
0,-1.5199481769545156,-1.3847472838944084,-4.2135927937637225
0,-2.663103225918925,-0.7509612897327256,0.9937184313218211
0,-1.1036592618062735,2.2900253192970648,0.6476000190966176
0,0.8114584138536645,-0.7538323551177901,0.5058750283189682
0,1.7699828756738871,2.007115041677109,-0.11725713090987587
0,-0.9061817141458071,1.5289465608282327,-1.8478238232267579
1,-0.5212212003812394,2.268585342106127,0.2596863337653144
0,0.5922941842577581,2.1138240076566013,0.07024860241774931
0,0.4046071250841551,1.8457662999688778,0.10853457934031434
0,2.022808241899124,-0.8566704050937489,0.3059713596740239
0,-0.7682135142327646,-0.6968866193432316,0.7803094616405638
0,-0.1232613020999281,-1.710024438547832,-3.8490030982342933
0,0.4177235130280984,-0.8875288964111924,0.47750146718992187
0,-2.588971797725038,-1.1106654543711716,1.2779101413943805
0,0.9329865724270453,1.9949465052764128,0.08731639920008395
1,-0.5548823370105707,2.2647144261025933,0.2720842690826336
0,1.9668503260866697,2.0739633123238104,-0.10307035034535265
0,1.032804363595237,-1.0190618453886167,0.30681138896526455
1,-1.8254749806566573,-0.9858200316368899,0.774657010195041
1,1.3032590753496867,2.0375265813152783,-0.04906088929042714
0,1.117101383822117,-1.5231777717916006,-4.219152312506666
1,-0.677996099947947,-0.46980118376849217,0.9034639802709015
0,1.6810975062426106,-0.8517567905035797,0.5185251053156544
0,-1.3445875859963854,-0.8906456185252916,0.40713667046111357
1,1.8545025587524688,-0.8760249851114151,0.36796103626061993
0,2.7163291758172896,-0.993834905740784,0.3499771806835146
1,1.364883617402113,-1.064957049040919,0.2882068886150927
1,1.505793152002442,1.9325249390233417,-0.10664804083976069
0,1.6740988351490973,1.9518795190410079,-0.16863771742635666
1,1.803644012303218,2.010985957680642,-0.12965506622719503
1,-1.609911823421368,-0.7087814445527865,0.3841448398220655
0,0.1952408034716263,-0.9030032434761764,0.4945844587206428
0,-1.348041854926224,-1.0520459259280763,0.9245613874765907
0,-1.17628190284973,-0.8712910385076253,0.3451469938745177
0,0.25916547799739204,-1.2363200517830175,0.6087643616181879
1,0.8416035394224263,-1.2577600289739557,0.2208506762868846
0,-0.6809963352594018,-0.8542088875167597,0.3531272094061882
1,1.0345372391918075,1.8783321149738763,0.06692305360270807
0,-0.4991441945445799,1.6976287932479788,0.35470444043949445
0,-1.3296557363619532,2.303910496334465,0.5404363210263935
0,1.331222480772782,-1.0688279650444523,0.30060482393241184
0,-1.2001105592078325,2.3630169349741,0.579418972225555
0,2.1300566398701215,2.136940666966978,-0.07648563446351024
0,-0.5371176703138816,-0.7543945710061337,0.7988987672423494
0,-2.131459025804485,1.9958095358766694,0.07690029213130091
1,-0.30445884425375574,2.170369512572233,-0.12851326726989962
1,2.0290732299821284,2.1253279189563785,-0.03929182851155262
1,1.196010677378689,-0.9560844907454485,0.333396104847107
0,0.3477680490370194,-0.7315693058438607,0.2513148523291898
0,-0.8217048714381396,-0.6544935751578945,1.163805427186218
0,-0.6079763307945042,2.2637584068535705,-0.03373230976860843
1,2.212608656108734,2.7174519172113794,-0.26549190428808445
1,1.0885396165559893,-1.5706714624206355,-4.295328769657785
0,-1.8279977759816983,-1.375962753300706,-4.013436983439411
0,0.4188891317478997,2.1380922022644366,0.22081267147278366
0,-1.1842371792997395,2.164779665703857,0.6776568472867132
0,1.1844236570807791,-1.515435939784534,-4.243948183141304
0,-2.994039951030548,-0.9006621697872975,1.3930844444930475
1,1.0848285287642894,-0.8804516895050449,0.5477386957359415
1,1.6290733410735583,-0.9903669463871512,0.2775977985449775
0,0.7570276196258823,-1.6530033970814695,-4.259923808953031
0,0.3763298163031472,-0.6840756152148257,0.3274913094803091
1,-1.3302460832632717,-0.7890795477349016,1.1610861692100045
1,0.4264546797418893,2.2145480755878313,-0.2073185989594635
0,-2.1432207466721347,-0.8992169501135961,1.2000504171822122
0,1.6404376985197662,1.9480086030374746,-0.15623978210903744
0,0.37851191642510645,-1.0899680638923794,0.8248957977542263
1,0.8865589689325587,-1.4542126154685024,-1.7673501912389196
0,-2.668202595282128,-0.7073385151072239,1.0822928237902592
1,-2.3971806266509095,2.2210227732835346,0.7432210058891494
0,-3.735727485571083,-0.7902262381581546,1.2850775086530148
0,2.022808241899124,-0.8566704050937489,0.3059713596740239
1,1.4995281639194373,-1.049473385026786,0.23861514734581582
0,-4.077294625624121,-1.7317129619187066,-3.912573442318376
0,2.5307029199590594,-0.7852601992541832,1.0731950519238356
1,1.6912962449690172,-0.939002339754583,0.34137632037877746
0,-0.6564560937998819,-0.8398883659773732,0.9299279232182027
0,-2.324191727152275,2.0569146923519632,0.6466512031406543
0,-1.5458594763694078,1.825817321177393,-1.8754855153308216
1,-1.2685984511862958,-0.6703459957085955,0.8609036385773318
0,-0.20084224363334574,2.018280838008435,0.08527541227351317
0,1.2873626054170446,-0.9854533317969819,0.49015154418660795
0,-1.290895230369419,2.2641586377124967,0.439463993240636
1,1.1965779342554579,-1.084311629058585,0.3501965652016886
0,-0.5778308252494501,-1.2484885881837138,0.8133378917281477
0,-1.0609569902286233,-0.7581122197066358,1.0619026866714514
1,1.7312223696813527,2.0468669002990776,-0.01628480312411828
0,-1.3502542122363574,-0.7187957055866535,0.4789106025749704
0,0.8114584138536645,-0.7538323551177901,0.5058750283189682
0,1.8259407914863413,-0.92351867574045,0.29178457910950073
0,0.19289265719222015,2.151977379301837,0.11364897340255962
0,0.7476499055942099,-0.790933711227241,0.6549175885545518
0,-2.2152450258725582,-0.9066850709295212,0.6241081358883928
1,2.0341725993453315,2.0817051443308765,-0.127866220979991
1,-0.7375215079486251,2.204651968213936,-0.07271496096777012
1,0.8916721661432065,-1.6375197330673363,-4.309515550222309
0,-1.7029284745960498,1.8769227165473323,0.1264768386521915
0,-2.052605968965875,-0.7154805779732168,0.6338923914156536
0,0.2131235025196954,-0.7470529698579936,0.3009065935984667
0,-1.2517369809791508,-0.8272616055249502,0.7812736745868217
1,-1.935757194111503,-0.9629632921522585,0.3477758684129624
0,-1.3132793512367675,-1.3617954990643502,-3.687242253739179
0,-1.7778729125429562,1.5226609375019515,-4.548246891879184
1,-0.9771709901605502,2.144382387099555,0.5146948429143595
0,-2.3553394326697323,-0.18944477628837575,1.4696469606050901
0,-0.6538228495647772,-1.4533121951778132,-4.325189406367981
0,1.0161179739341242,-1.5347905198022003,-4.181958506554708
1,-1.466278911352099,-1.4511602100391232,-3.5438151624460064
0,0.13066975329676145,2.100612772669269,0.04987045156875965
1,1.8881636953818,-0.8721540691078818,0.3555631009433007
0,-4.789080766582252,-0.686669815539919,1.5356986875131842
1,0.47589425395248247,2.0663396339767153,-0.03843660447192575
0,1.0948046046389939,1.411326861629492,-4.640591957843362
0,-1.0807952257463813,-0.7727064524371638,1.0858401247878948
0,-1.4179738489164608,-0.6831884741593598,1.193019017606505
0,-1.807933410290651,1.8321367994470843,0.6642949012650443
0,-2.050370521631193,2.172486384067864,0.44209286777908063
1,-0.5212212003812394,2.268585342106127,0.2596863337653144
1,-0.30955821361695907,2.213992287197735,-0.03993887480146115
1,0.07847895600237123,-0.7625366338721266,0.3504983348677435
1,0.3194328434445788,-1.7033253051274015,-4.098750649827882
1,1.5578173171714942,2.071135094906913,0.13427926593091616
1,-2.802279884922683,-0.8510493174344933,1.1486850254141174
1,1.6627344777028892,-0.9864960303836179,0.2651998632276583
0,-0.7721472648761665,2.372357253957899,0.6121950583918639
1,0.7605998674044135,2.1331785876742675,0.008258925831153318
1,-0.4117072422247535,-0.8232415594884939,0.2539437268676345
1,2.6153457659292965,-1.005447653751384,0.38717098663547217
1,-1.1352212643838564,1.8581239249197627,0.021086791080785157
1,0.686561515452289,-1.098752594486082,0.6247399874299151
1,0.3948594769682063,2.1752028753230364,0.03926136149864447
0,-1.5015289116968324,2.028375350881668,0.03528876639369462
1,-1.779182126866234,-0.5565598228229561,1.118646600450976
1,0.8079735077593585,2.020444430324413,-0.057041104822097635
0,-0.446332999152295,-0.6555362737445305,0.9388537462272688
0,0.09912027224769002,1.5604696772465951,-2.114387029923314
0,-1.2914855772707374,-0.82883140635687,1.0601138414242475
1,1.8881636953818,-0.8721540691078818,0.3555631009433007
0,-1.2837529636724294,-1.485878010182812,-4.283577880630375
0,-1.4611933698363404,-1.3550986416912925,-1.1787985883994945
1,-0.2089466038983115,-1.8525055104349368,-4.077532469687652
0,-1.0803978623249402,-0.8160555158715239,0.39652758039099845
1,-1.39953190991192,-1.3760494326383186,-3.9325720855471196
1,-0.3780461055954225,-0.8193706434849606,0.24154579155031533
1,1.0212173432973273,-1.5784132944277018,-4.270532899023147
1,1.4271065212975718,-1.013592442408351,0.3519854104488927
1,1.331222480772782,-1.0688279650444523,0.30060482393241184
1,0.8135700694339243,-1.2901045345369309,-1.6707803884904244
0,1.9668503260866697,2.0739633123238104,-0.10307035034535265
1,1.8494031893892657,-0.8324022104859135,0.4565354287290584
0,0.23165316318475446,2.1122255206798686,0.012676645616802018
1,-2.9547121881612446,-1.0686411667224025,1.3089125770618715
0,-0.3981607846565869,1.7092415412585784,0.3175106344875369
0,1.9668503260866697,2.0739633123238104,-0.10307035034535265
0,-1.4546918910541895,-0.8918087610000379,1.033529125542405
1,0.8924931908379407,-0.8626955964641114,0.42817706234839814
0,-0.9230946654806068,1.937480195069155,-2.062704673740778
1,1.623973971710355,-0.9467441717616495,0.3661721910134159
1,0.5709572697825381,1.3467510200095916,-4.724748630526151
0,-1.3020282705516328,1.931522198953971,0.3004580324535882
1,-0.686095704622605,-0.810586112891258,0.4417016018746265
1,-0.3865997438884646,-0.9371481762622437,0.8475449010342307
0,-2.0619633548348326,1.8136774709215095,-1.3344998615824886
1,0.7875449253402822,-1.0871398464754822,0.5875461814779576
0,-1.14205350934363,-0.9956472608172284,0.3495495189117801
1,-1.7867711448610655,-0.8459135573477357,1.0521336258925769
0,-2.2625591701581347,-0.9847107450848356,1.3310795731580654
0,1.6810975062426106,-0.8517567905035797,0.5185251053156544
0,-0.9786461971385871,2.264527394249065,0.7919575231187994
0,-0.34277012572090165,-1.0931650378458446,0.7097518841523317
0,-3.4406289896553766,2.746776497769421,1.1456171473081302
1,2.0005114627160006,2.0778342283273434,-0.11546828566267185
1,1.668999465785894,1.9955022936665094,-0.08006332495791828
1,-2.1290571523360624,-0.7736309973638285,0.900726319067734
1,-2.374883847467786,-0.7134818601375578,1.1646606512258446
1,-0.001282052916089478,1.2809454479495266,-4.5139837301317245
1,0.8981598170779129,-1.0345455094027496,0.35640313023454134
0,-1.4455709958843783,-0.9022583665358913,0.4443304764130712
0,-0.5126906521127466,-0.8348543074990935,0.29113753281959215
1,-0.6809963352594018,-0.8542088875167597,0.3531272094061882
1,-1.61422716994768,-0.23251176252378072,1.2136928439786494
0,-1.3093116061218637,-1.1644400128861756,0.87534276306313
1,-0.4075724931597608,-0.695288132366499,0.8378814184415111
1,0.8393221631791989,-0.8919593025120952,0.36970828524259575
1,1.3032590753496867,2.0375265813152783,-0.04906088929042714
0,1.3832466459418342,-0.9302178091608805,0.5415321307030888
1,-0.5899375681171353,1.8147890477017026,-1.6692593098984931
0,-1.394114087592095,-0.6354210723391834,0.6684573228291665
1,1.190688645163784,1.4665623842655935,-4.589211371326881
0,-1.5511431884557483,-0.818817145323003,0.9653480786713425
1,-0.849302018406057,-0.8735634675344259,0.41511688599278407
1,1.5954122044442272,-0.9942378623906843,0.2899957338622967
0,1.2200403321583824,-0.9931951638040484,0.5149474148212464
1,-1.106716167314671,2.08527594845992,0.4757121917151981
0,-2.6347872115290474,-1.5456606811006535,-3.303836671631293
1,-2.7572543908471445,2.091197147993666,0.7024495094427837
0,-3.64058059537839,-0.5218855023301406,0.6135446300634363
1,2.090130515157786,-0.8489285730866825,0.2811754890393855
1,0.291810133224565,2.1990644115736986,-0.1577268576901867
1,-1.5708067234037666,1.5022636588976492,-4.711208896251537
1,1.494428794556234,-1.0058506104012843,0.32718953981425425
0,-2.6277092136930236,2.1503035866333002,0.7414321606419454
0,-1.448426902971185,2.0901895630500897,0.6882659373568284
1,0.7233664829965513,-1.6568743130850028,-4.247525873635713
1,2.416150385898209,0.09168317597135901,0.39207741941641916
1,1.297561344143451,-1.0726988810479854,0.31300275924973103
0,-2.7394897241504554,-0.9279118491150613,1.2292640076024992
0,-0.5800129253714088,-0.84259613950616,0.31593340345423054
1,0.5558818245446302,-0.9014047564994437,0.5521564155215902
0,0.06638091554565458,2.0847224502979627,-0.24809009540582913
0,0.9095241745241207,1.9038300400218764,-0.0774344504194736
0,-2.2625591701581347,-0.9847107450848356,1.3310795731580654
0,1.955485968640462,-0.8644122371008154,0.33076723030866234
0,0.7971764071899198,-1.0461582574133494,0.39359693618649894
1,-0.8190720606820155,2.190124323448826,0.28269335915274874
0,1.9668503260866697,2.0739633123238104,-0.10307035034535265
0,0.061281546182451255,2.1283452249234642,-0.15951570293739073
0,-0.8778637856721848,-0.9210571581634609,0.3389404288416649
0,0.028069634078509046,-1.1788121001201155,0.5901750560164022
0,-0.9849111852215916,-0.7174709298010624,1.1372207113043755
1,-1.5367530304674064,-0.957767600363134,0.9936880418250487
0,-0.7534179778812672,-0.8183279448983246,0.466497472509265
0,1.4098390469122453,-1.2614096355354654,-1.6999939789107115
0,-3.716086347674348,-1.8583416132551105,-3.8382010251628462
0,-3.8058021232148147,2.660573647105054,1.193420043330203
0,-1.5367219255011428,2.3243077749387675,0.7033983253987471
1,-0.2148397918119705,-0.7563932888417927,0.26813050743215777
1,2.605177938214499,-0.17447264017084774,0.019570452558100086
0,1.2918947179034788,-0.9008489681093472,0.3847766913635878
1,-0.3916991132516678,-0.8935254016367419,0.9361192935026692
0,-1.5467770686240732,1.4651529858390493,-4.529657586277398
0,1.1063916249369037,1.9706783106685775,-0.06324766985495037
1,1.5954122044442272,-0.9942378623906843,0.2899957338622967
1,1.7198580122351448,-0.8915086491255481,0.4175527775298967
1,1.7648835063106838,2.0507378163026106,-0.028682738441437476
1,-1.1827695537844363,-1.4742652621722123,-4.320771686582333
0,-1.4546918910541895,-0.8918087610000379,1.033529125542405
1,-0.18503311538492895,-1.5191980190772445,-4.159203622846641
0,0.2539499423678776,-0.8222791127412238,0.43411629095349774
1,-1.9745177001040375,-0.9232114335302901,0.44874819619871986
1,1.3261231114095786,-1.0252051904189505,0.38917921640085024
0,-2.1997459193613573,2.1596439056170995,0.7742082468082543
0,0.8593993110853786,-0.994793650780781,0.457375458020299
0,-2.2956299598861474,2.1044083829809983,0.7228276602917735
0,0.28772724526351984,-1.1888263611539824,0.6849408187693071
0,-0.6369354614820735,2.2596137796588955,0.5794037774771689
1,-1.260290565769505,-1.3947615449282755,-4.1188270310108175
1,-0.5686485679252009,2.0957794099184657,-0.11790417719978447
1,-1.039393894056009,2.0930177804669867,0.4509163210805597
1,1.6912962449690172,-0.939002339754583,0.34137632037877746
0,1.623973971710355,-0.9467441717616495,0.3661721910134159
1,-1.3451548428731541,-0.7624184802121552,0.39033621010653197
1,-2.9592212106231304,2.0679716519724662,0.7768371213466989
1,-0.20347543436576265,2.181982260582833,-0.1657070732218572
1,1.955485968640462,-0.8644122371008154,0.33076723030866234
0,0.663697479392397,1.963979177248147,0.18649988173863757
1,1.6290733410735583,-0.9903669463871512,0.2775977985449775
0,0.24362044257764695,-1.048881339826697,0.4157223360174644
1,-0.7211451228234393,-1.4610540271848798,-4.300393535733343
1,1.3883460153050375,-0.9738405837863822,0.45295773823465035
0,-4.484996023164735,-0.9082858481343926,1.4577181903664747
0,-2.152911726569723,-1.409164608535167,-3.849224850416888
1,1.6290733410735583,-0.9903669463871512,0.2775977985449775
1,1.162916797626127,-1.0881825450621183,0.3625945005190078
1,1.494428794556234,-1.0058506104012843,0.32718953981425425
0,1.7586185182276792,-0.9312605077475165,0.3165804497441391
1,-1.708595100836022,2.0487726294859705,0.1982507707660482
0,-0.7625388730510783,-0.8078783393624712,1.0556961216385987
0,1.2746973080835589,1.9900328906862437,-0.12523734644154635
0,1.955485968640462,-0.8644122371008154,0.33076723030866234
1,2.4869971185065856,2.7047964706141436,-0.4532497792950764
0,-1.2532356579580295,-0.9200144595768248,0.5638921098006145
0,2.1014948726039937,2.089446976337943,-0.15266209161462946
0,1.4893294251930307,-0.9622278357757824,0.4157639322826927
1,-0.1636673420048076,1.9927922299095837,0.197124166557139
0,-1.2680311943095268,-0.7985731340217319,0.8777040989319134
0,-1.1026946415080632,2.1184491175495683,-0.02491206494569733
1,-0.23656931411832482,2.0498842062661633,-0.13650867754995633
0,0.19754093594496563,1.86616357857318,0.271496583712668
1,1.5852134657178205,-0.9069923131396811,0.4671445187991735
0,-2.4845341189072068,-0.937652398957787,0.7232916184269464
0,1.5852134657178205,-0.9069923131396811,0.4671445187991735
1,-3.5733421964823657,-1.5020730201182118,-3.4260303880358487
0,-0.5349874312958698,2.099650325921999,-0.13030211251710366
0,-0.8304284031865093,-0.6873930330564013,1.0636915319186555
0,-1.2750218504613262,2.065921368442254,0.5377018683017939
1,-1.614841299329244,-0.750036744806061,1.1788322370419817
0,-2.2453386703136653,-0.654375421497923,1.2036433024250064
1,0.19637531722516421,-1.1594575201024493,0.5281853794298061
0,1.2701651955971247,1.905428526998609,-0.019862493618526315
1,1.3877787584282686,-0.8456134454732458,0.43615727788006864
0,0.18170582816676117,2.1979012690989523,0.4686655973911047
1,2.8623380797808213,1.9600243076979746,-0.1334521412397772
1,1.933189189457339,2.070092396320277,-0.09067241502803346
0,1.8494031893892657,-0.8324022104859135,0.4565354287290584
1,-0.15037342564011497,2.2437964727512543,0.4872700977412766
1,-1.0297057420094289,1.9543410366179972,-0.1214818676941925
0,0.5080570935792272,-1.030861625252745,0.863878448953388
0,-2.6119000854446064,-1.387175270452379,-3.5030468744782084
0,1.4220071519343687,-0.9699696677828489,0.4405598029173311
1,1.989147105269793,-0.8605413210972822,0.3183692949913431
0,1.753519148864476,-0.8876377331220149,0.40515484221257747
1,-1.1465545168638007,2.2018237507970384,0.16463465530849858
0,-0.7432192391548607,-0.905573494149328,0.28934868757238813
0,1.677933309671231,-1.1574560764758164,0.6457387830519714
1,-0.40071468494789125,-1.9629765557071395,-4.180293642720613
0,-0.900727821732077,2.141674613570768,-0.09929967684961252
1,1.702660602415225,1.9993732096700425,-0.09246126027523748
1,1.921824832011131,-0.8682831531043487,0.3431651656259815
1,-1.5479426873438744,-1.5604681128365796,-4.27296879056026
1,0.2459329237871374,1.8673933090133445,-0.023424989364548114
0,-1.290895230369419,2.2641586377124967,0.439463993240636
1,1.505793152002442,1.9325249390233417,-0.10664804083976069
1,0.6388467999179691,1.2262657137035218,-4.732744040806208
1,1.0834264193453416,-1.3873643448218014,-1.7531634106743963
1,-1.5807827992784713,-0.7895148922368879,0.4771217573277664
1,-0.18364483381342578,-0.872601020787156,0.5952894500786474
1,0.8987270739546819,-1.162772647715886,0.373203590589123
0,-1.6908304341393332,-0.970336367622757,0.7250652689257642
0,0.8416346443886896,2.024315346327946,-0.06943904013941686
0,1.921824832011131,-0.8682831531043487,0.3431651656259815
1,2.090130515157786,-0.8489285730866825,0.2811754890393855
0,1.1793104598701314,-1.3321288221856997,-1.7017828241579156
0,-0.7474634278131704,1.440277437146564,-4.221208924409143
1,-1.240036683920168,-0.6228523050795606,0.937080095728451
0,2.423577684879717,-1.1159186990235865,0.28440981360251055
0,-0.5800129253714088,-0.84259613950616,0.31593340345423054
1,1.4658670272901062,-1.0533443010303192,0.25101308266313505
0,-0.8451203968362694,-0.09985791981701451,1.0171147241487468
1,-0.713158794909854,-0.7653269494684184,0.5829067095097145
0,1.6296717029165906,2.1634812906016143,0.004108542473257683
0,1.8881636953818,-0.8721540691078818,0.3555631009433007
0,-0.4147406777323089,-0.8150930691242539,0.5767001444768618
0,-1.9800144328886824,-0.8362395954704283,1.2266351330640546
1,1.8995280528280079,2.066221480316744,-0.07827447971071426
0,-0.7146574718887329,-0.858079803520293,0.3655251447235074
0,-1.6138766790310335,-0.9216129465535574,0.5063201529996673
0,-2.2693683250933585,-0.6172647484393233,1.0220919924508676
1,1.6975612330520218,2.042995984295544,-0.003886867806799082
0,1.2588008381509168,-1.032947022426017,0.41397508703548863
0,-1.6796008263971884,-1.0518597301291126,-1.219449311911319
0,-2.016204177748785,-1.0297106972450467,-0.7483093666262348
0,-3.96876159081942,2.1706715718030294,-1.3415040801399911
0,-3.533585965225358,1.5686742948142252,-4.489804516290223
0,-1.9213590211814473,-1.0410555542729913,0.7232764236785602
0,-0.7962000096804092,-0.8117492553660045,1.0680940569559179
0,-0.6911950739858084,-0.7669633382657565,0.5302759943430649
0,-0.6321548630493825,0.2891698449439817,-1.839238494224047
1,1.787180285493807,-0.8837668171184816,0.39275690689525833
0,-1.8782890655541802,1.3828210511782155,-4.494252625572644
0,-0.9664750591227812,-1.2097893523872905,-1.1876188332224056
0,-0.9508526851708192,-0.7569490772318893,0.4355102315901601
0,-2.529285517002065,-1.309759226429087,-0.9928143638913199
0,-3.4853039928142686,-0.8845711516885149,0.8844799723004824
1,-3.369987095134876,-0.8322505258069236,1.254075072985524
0,-2.315150592203956,-0.9950937626552707,1.0733518060328069
0,1.7615647204875657,0.5826793590341866,0.1922825580175753
1,-0.47393014612021234,-0.874606166121062,0.1901652050338345
0,-1.9989367033634584,-0.7818935041179318,1.3036700227333684
0,0.2131235025196954,-0.7470529698579936,0.3009065935984667
0,-0.16203563593990705,-1.5305882369525314,-1.2944398039335858
1,-3.9305347615312614,-1.1417286637994288,-1.2002755032254309
1,-2.178016397055003,-0.6466335894908566,1.1788474317903679
0,-0.2809964463508312,2.2614859778267697,0.036237582349657974
1,-0.988535347606758,-0.7939931623250709,0.9485324235683746
0,-0.10192476760100065,2.0653678702802964,-0.18610041881923314
1,1.241036171454228,1.9861619746827106,-0.11283941112422717
1,1.7586185182276792,-0.9312605077475165,0.3165804497441391
1,1.524156180542163,2.06726417890338,0.1466772012482353
0,1.2751945003949212,-1.2768932995495985,-1.6504022376414347
0,-3.491791643748975,-1.4875453753531018,-3.781438708156367
0,-2.78640650501459,-1.0492865867047363,1.2469229004752755
1,-0.6753297090194297,-1.0260588004553979,0.2813532772923314
1,-0.7860012709540027,-0.8989948046170078,0.8909452720190411
0,-0.5800129253714088,-0.84259613950616,0.31593340345423054
1,1.0899278981274927,-0.9240744641305466,0.459164303267503
0,1.989147105269793,-0.8605413210972822,0.3183692949913431
1,1.702660602415225,1.9993732096700425,-0.09246126027523748
1,1.6290733410735583,-0.9903669463871512,0.2775977985449775
0,-0.47902951548341555,-0.8309833914955603,0.27873959750227295
0,1.6963956143322205,-0.9826251143800847,0.25280192791033906
0,0.26531429981408544,2.116096436683402,0.0002787102994828211
1,-2.200736837511419,1.4696978438926507,-4.669597370513931
1,-0.6278943265337541,-0.7923946753483383,1.006104380369322
0,-1.1060134273311812,0.6503906602811442,0.19605323151331544
0,2.022808241899124,-0.8566704050937489,0.3059713596740239
0,0.015932634022649255,1.8118233074291699,-1.8406684422379418
1,1.4887621683162617,-0.8340006974626462,0.398963471928111
1,1.5393842240663662,-1.2023031968958309,-1.66101132771155
0,-1.392445897134181,2.3807730280150334,0.45985733883801194
1,1.4995281639194373,-1.049473385026786,0.23861514734581582
0,-0.031625349055433086,-0.763699776346873,0.9768907899490349
0,0.9221894718576064,-1.0716561824613493,0.5379544402086808
0,-2.1125287403879947,2.0023216374435715,0.3470259945738787
1,-2.506887568287272,2.1765105673744283,0.6803009165735441
1,1.3934453846682409,-1.0174633584118842,0.3643833457662119
1,2.022808241899124,-0.8566704050937489,0.3059713596740239
0,-1.758209377594938,-0.7984198667187007,1.1283100830436958
0,-1.0272958535992922,-0.7542413037031025,1.0495047513541322
0,-2.243806793138686,-0.954178761558556,0.5479316787372734
1,-0.591613773516763,-1.2622632455719132,-1.8078199180192303
0,-0.8629550260623023,-0.9477182256862072,1.1096903879451376
0,0.0699484077338784,2.340903015733094,0.3190471358134657
0,-3.156655917912682,2.1293505196389018,0.7458498804275941
1,1.3934453846682409,-1.0174633584118842,0.3643833457662119
0,0.9797640970003196,-0.7344777751001239,0.44388535173237226
0,-0.44822428594089103,2.165335454093954,0.5102771231287109
1,1.1578174282629237,-1.0445597704366167,0.45116889298744633
1,0.8981598170779129,-1.0345455094027496,0.35640313023454134
1,1.494428794556234,-1.0058506104012843,0.32718953981425425
0,-1.3975763714636478,-0.8576795726613665,0.8387214477327517
1,0.5050232780953792,1.985606186292614,0.05454031303377509
0,-0.40494506183038653,-1.1081694256742085,-1.6164843525178303
0,-1.8574910168526242,-1.1947140296687095,1.2159052700593982
0,-0.6711638549881734,2.383970001968499,0.5750012524399064
1,-0.00046102822135548385,2.0557695845527513,0.2237088824389814
1,1.8995280528280079,2.066221480316744,-0.07827447971071426
1,2.297128339187316,-0.16568810957714525,0.21972626288241132
0,0.056631401344636734,-1.1313184094910804,0.6663515131675214
1,-0.526910916645761,-0.7807819273377385,0.9689105744173644
1,1.989147105269793,-0.8605413210972822,0.3183692949913431
1,-0.6227949571705509,-0.83601744997384,0.9175299879008835
0,-0.653001824870043,-0.6784880585745885,0.41250320620272574
0,0.7869776684635132,-0.9589127081623458,0.5707457211233758
0,1.5852134657178205,-0.9069923131396811,0.4671445187991735
0,0.5562264185696973,1.3493922055729604,-4.4422249927662545
0,-0.8940136091236839,1.8203865285808492,0.2927299586012847
1,3.3454489054235252,-0.5229877513465707,0.4478946854103016
0,-2.024297969517712,-1.5710381622605434,-4.010823303649353
1,0.11214009263170224,-0.7586657178685934,0.3381003995504243
0,0.37386363767236086,-0.8041542631637222,0.6670481874441181
1,1.933189189457339,2.070092396320277,-0.09067241502803346
1,0.7104750039656713,-0.7654451031283899,0.5430688342709259
0,0.011156682743709102,-0.7702784658791931,0.3752942055023819
1,2.022808241899124,-0.8566704050937489,0.3059713596740239
1,-1.6995308758631533,2.2179813568612397,-0.012498934879991897
1,-0.40813975003652975,-0.5670609940533626,0.8210809580869295
0,1.8545025587524688,-0.8760249851114151,0.36796103626061993
0,-2.234564659768776,-0.8089899161426645,1.3904555699546028
0,1.6290733410735583,-0.9903669463871512,0.2775977985449775
0,1.2078722271362592,-1.2846351315566649,-1.6256063670067964
0,-0.41065965585633263,-0.9726797315397747,0.7177472944323885
1,1.1965779342554579,-1.084311629058585,0.3501965652016886
0,-2.1386886341857,-0.8146125864259615,1.094675564359192
1,1.820841422123138,-0.8798959011149484,0.38035897157793913
0,-1.9202500726585885,2.1642238773137605,0.8450365714447156
1,1.033371620472006,-1.147288983701753,0.3236118493198462
1,1.8932630647450033,-0.9157768437333835,0.2669887084748623
0,-2.194249186576713,2.072672067557238,-0.0036786900570807348
0,0.8243498928845444,-1.645261565074403,-4.28471967958767
0,-0.5228893908391531,-0.7476087582480903,0.468286317756469
0,1.8932630647450033,-0.9157768437333835,0.2669887084748623
0,1.3318208426158145,2.0850202719443134,0.02711556786069203
0,-1.1991459389096222,2.1914407332266035,-0.0930931118167598
0,0.6682295918788311,2.0485835409357813,0.08112502891561747
1,1.6627344777028892,-0.9864960303836179,0.2651998632276583
0,-0.3840534270384767,-1.4435559008876921,-3.9773697816963627
0,-1.366435140654119,-1.2594273941442455,0.7229898487608916
0,0.057198658221405796,-1.2595455478042168,0.6831519735221031
1,-1.17628190284973,-0.8712910385076253,0.3451469938745177
1,1.8658669161986767,2.0623505643132103,-0.06587654439339506
0,-0.7682135142327646,-0.6968866193432316,0.7803094616405638
1,-1.1598882406057254,-1.115237315631207,-1.7192303308024057
1,-1.441038883397944,-0.8176540028482565,0.33895562359005116
0,-2.7171618400010686,-0.5803411072342521,1.3604139365128936
0,1.128688404120027,-0.963826322752515,0.35819197548174536
0,-3.7654237665907493,-0.5812656521609166,1.1753001307927324
1,1.8830643260185966,-0.8285312944823803,0.44413749341173914
0,-1.8363056613984894,-0.6515472040810258,0.9662936861487381
0,0.8084707000707211,-1.246481759911429,-1.5822059960219859
0,1.3476161430167866,-1.3127742421680335,-1.7637725007445115
0,-2.0800332224784652,-1.0194285452285246,0.5913168549736977
0,1.787180285493807,-0.8837668171184816,0.39275690689525833
1,1.5903128350810238,-0.9506150877651827,0.3785701263307351
1,1.3261231114095786,-1.0252051904189505,0.38917921640085024
0,-2.2534382749883237,-0.995160350620689,0.7418809240287321
0,0.2881783358739777,-0.9466353350508269,0.4385188159907602
0,-0.11655905125391013,1.6538492545787835,-1.987097322683467
1,-0.5452739451854822,-0.9155211672177769,0.7155853323293683
1,-0.3831454749586257,-0.7757478688594589,0.33012018401875376
1,1.8545025587524688,-0.8760249851114151,0.36796103626061993
0,1.3997103727512454,1.9645349656382436,0.019120157580635296
0,2.022808241899124,-0.8566704050937489,0.3059713596740239
0,-2.084054748285073,-1.052601714318173,1.0919411116345925
1,-0.8126406464652711,-0.4852848477826252,0.9530557215401783
1,1.6188746023471516,-0.9031213971361478,0.45474658348185437
1,1.5178911924591585,-0.9147341451467476,0.49194038943381196
0,-0.7095581025255295,-0.9017025781457948,0.27695075225506893
0,0.14843441999345025,-0.9184962244394583,0.5766849497284756
0,-2.3829834521424447,-1.0542667892603237,0.7028982728295704
0,0.7777972772243336,-0.7577032711213234,0.5182729636362875
0,-0.7095581025255295,-0.9017025781457948,0.27695075225506893
1,-0.4168066115879568,-0.7796187848629922,0.342518119336073
0,-1.9516225590778817,-0.7038678299626172,0.5966985854636959
0,0.8228227712998722,2.1845431943068356,0.07203744766495333
0,0.7692130017668243,2.0601962889463814,0.04393122296365991
0,0.585578105564296,-1.1103653424966817,0.6619337933818727
0,-0.6390042766914183,2.0961860682756392,0.22964811104408106
1,0.4799464169235572,-0.8361642897786241,0.5412799890237219
0,-1.8788563224309491,1.511048189491352,-4.511053085927226
0,-2.6703877027904284,2.6229760638499147,0.9826399481873904
1,1.556651698451693,-0.954486003768716,0.39096806164805425
0,-0.20439721429305846,1.6538585715279324,-2.0196060724220226
0,1.8596019281156722,-0.9196477597369168,0.27938664379218153
1,1.561751067814896,-0.9981087783942176,0.3023936691796159
1,1.6912962449690172,-0.939002339754583,0.34137632037877746
1,1.6290733410735583,-0.9903669463871512,0.2775977985449775
1,-0.7146574718887329,-0.858079803520293,0.3655251447235074
1,1.2822632360538413,-0.9418305571714802,0.5787259366550463
0,1.5108224568002384,-1.2497968875248657,-1.7371877848626691
1,-0.21775706105321507,-1.1186629628938447,0.8541093881745134
1,-0.36838569072714294,0.3732811383068238,0.5092775352746487
0,0.982456837304793,-1.5386614358057336,-4.1695605712373895
0,-0.9435712156856572,-1.2064643005349447,0.8443403273956389
0,-2.4257654839415865,-1.0476880997280036,1.304494857276223
0,-0.42190598095116005,-0.7359960102374905,0.43109251180451136
0,1.0180735123823963,-1.016420659825248,0.5893350267251616
1,0.4513846496574294,-0.8836579804076592,0.46510353187260267
0,-1.7863503114387822,-0.6763647595807111,0.8574653264863272
1,1.5280899311855651,-1.001979694397751,0.31479160449693505
0,1.8995280528280079,2.066221480316744,-0.07827447971071426
1,1.6912962449690172,-0.939002339754583,0.34137632037877746
1,-1.0854972316881433,-0.7724327412460222,0.4851019728594369
1,1.6404376985197662,1.9480086030374746,-0.15623978210903744
0,1.2987269628632525,1.952922217627644,0.05631396353259287
0,-1.4981309329876435,-0.6388853299855433,1.0284075463903513
0,1.7586185182276792,-0.9312605077475165,0.3165804497441391
1,-1.6631232717403326,1.703208701696679,-4.195452251548724
1,0.28778860741795736,2.1658912424840504,0.34289739897070853
0,-3.375653721374848,-0.6604006128682856,1.3258490050993805
0,0.5944058398380181,1.5775518282374608,-2.1064068143916432
0,1.561751067814896,-0.9981087783942176,0.3023936691796159
1,-0.5371176703138816,-0.7543945710061337,0.7988987672423494
1,1.6302389597933595,2.035254152288478,0.020909002827839314
0,-0.7146574718887329,-0.858079803520293,0.3655251447235074
0,0.047061281649436876,2.182417605084819,0.5182573386603814
1,1.4893294251930307,-0.9622278357757824,0.4157639322826927
0,1.4454695498372931,-0.8788532025283123,0.6053106525368888
0,-0.6854180523384603,-1.4926573954426083,-4.078609445909874
0,-1.0312376191844081,2.2541443766786298,0.5342297559935407
0,1.4271065212975718,-1.013592442408351,0.3519854104488927
0,1.803644012303218,2.010985957680642,-0.12965506622719503
1,1.556651698451693,-0.954486003768716,0.39096806164805425
0,0.023537521592074676,-1.26341646380775,0.6955499088394224
1,1.494428794556234,-1.0058506104012843,0.32718953981425425
0,-0.9171915485414881,-0.7530781612283561,0.42311229627284086
1,2.0290732299821284,2.1253279189563785,-0.03929182851155262
1,1.561751067814896,-0.9981087783942176,0.3023936691796159
1,1.561751067814896,-0.9981087783942176,0.3023936691796159
0,-1.0889284105934327,2.2873841337336964,0.3650763813367208
0,-1.3175576959052366,-0.5433485878356238,1.1390247512999656
0,-0.42247323782792906,-0.6077688719243541,0.41429205144992975
0,1.5852134657178205,-0.9069923131396811,0.4671445187991735
0,0.33161822558552073,2.0098743809004493,0.2051043820888095
0,0.8930604477147097,-0.9909227347772478,0.44497752270297986
0,-3.0950002708939928,2.308942264584606,0.7928279419068124
0,-0.9457533158076159,-0.800571851857391,0.3469358391217217
0,1.3934453846682409,-1.0174633584118842,0.3643833457662119
0,1.4214398950575997,-0.8417425294697126,0.4237593425627494
0,-1.7662858922450466,2.0820123865410367,0.02909739610922813
0,-1.1208797616507427,1.9596899957101526,0.7750362898296765
1,1.5844097181419052,1.7399432685323282,-2.107246843682884
1,1.6588007270594873,2.0827478429175126,0.09708545997895847
0,-0.39736573949164006,-0.7216754886981039,1.0078932256165258
1,2.09639550324079,2.1330697509634446,-0.06408769914619103
0,-0.47344981662856017,-0.8958171998592065,0.6371683122440068
1,0.07439701163757599,-0.25090759750145,1.1682842432284612
1,-1.3461194631713644,-0.5908422784646586,1.0628482941488469
0,1.080296416277855,-0.9650560531926796,0.6531135485589615
0,0.5860291961747537,-0.868174316393526,0.4155117906033259
0,-0.9975198143367179,1.4186310589064335,-4.458170229081209
0,-0.20692970329560162,2.0205819531800486,0.3517176437936198
1,1.8373051489325491,2.0148568736841757,-0.14205300154451425
0,-2.5991474464268958,2.1977972772623353,0.8176086177930646
0,-1.4351712587363807,2.207693384636231,0.6830049798013712
0,1.6912962449690172,-0.939002339754583,0.34137632037877746
0,-2.239104787196924,-0.9544524727496974,1.1486698306657313
0,-0.6473351986300708,-0.8503379715132265,0.34072927408886894
0,0.16433088992609235,2.104483688672802,0.03747251625144042
1,-1.6438267278686645,-1.615703635472681,-4.32434937707674
1,-3.232190702760907,-1.3179013034758462,-3.308224001920169
0,1.989147105269793,-0.8605413210972822,0.3183692949913431
1,-2.235131916645545,-0.680762777829528,1.3736551096000211
0,-1.8345727858019192,2.2458467562814666,0.7264053507861815
0,-2.179517955387579,-0.9382884391872497,0.8458922257118624
1,-0.10818975568400516,-0.9166304537698311,0.15916276936634338
1,1.606776561890435,1.9441376870339415,-0.14384184679171827
1,-1.6434030665953718,-0.7975304354350958,1.1026557798908627
0,0.7069900978713655,2.0088316823138133,-0.019847298870140077
0,1.2987269628632525,1.952922217627644,0.05631396353259287
1,0.07544552049481604,-0.7543881435078867,0.6732547524769708
0,0.4948245393689727,2.072851735543617,0.2316890979706519
1,-0.6473351986300708,-0.8503379715132265,0.34072927408886894
1,-0.506425664029742,2.147144016551034,-0.05412565536598442
0,-1.067985918510311,1.9728818615018209,0.4264935673017375
1,0.3861878598264719,-1.5673563348071988,-4.140346980817102
1,0.31674010314010526,-0.8991416444217921,0.5146952731418794
1,0.19082672333657213,2.187451663563099,-0.12053305173822912
0,-1.6232602899542852,2.880354885402852,1.134152833198388
1,0.618104728440089,-0.8500401498668756,0.6159349373553902
1,-0.5053478204731466,2.070348072835884,0.35792420882647247
0,-1.5179926385062437,-0.8663774239174561,0.5577007395161481
0,-0.1846631813006529,-0.986564908577175,0.8249109925026126
1,-1.012508332189509,-0.9365408221775938,0.38853217011094165
0,1.4607676579269029,-1.0097215264048176,0.3395874751315735
0,-0.9745377459254455,1.5309585578991145,-4.740422486671824
0,0.41715625615132945,-0.759301758098056,0.46070100683534015
0,-1.0889284105934327,2.2873841337336964,0.3650763813367208
0,-0.47684741536145664,-1.236875840173114,0.7761440857761901
0,-2.538916998851702,-1.35074081549122,-0.7988651185998612
1,1.4995281639194373,-1.049473385026786,0.23861514734581582
0,-2.114261615984565,-0.8950723229189215,0.5869143299364352
0,2.8173125857052823,-0.9822221577301843,0.312783374731557
0,0.8916721661432065,-1.6375197330673363,-4.309515550222309
1,1.7632546577880082,-1.6999459021849317,-3.7889958692536623
0,0.9272888412208097,-1.1152789570868509,0.4493800477402422
0,-3.7164057336247316,2.112834946076568,-3.4211180506101657
0,1.4607676579269029,-1.0097215264048176,0.3395874751315735
1,0.8924931908379407,-0.8626955964641114,0.42817706234839814
0,1.6404376985197662,1.9480086030374746,-0.15623978210903744
0,1.4048097421144488,1.920912191012742,-0.0694542348878031
0,-2.1952368968994724,-0.9769689130777691,1.3062837025234268
1,1.736321739044556,2.003244125673576,-0.10485919559255667
1,-2.0467225767657804,-0.3264564451952145,1.2862916106353606
0,1.0562667614981616,-0.9279453801340799,0.4715622385848222
0,1.0662428373728663,1.3638331710004572,-4.716768414994481
1,2.7683842519979507,-0.11149528552767989,0.046155168439942454
1,1.3261231114095786,-1.0252051904189505,0.38917921640085024
0,-0.6335689677154404,-0.6814029553290987,0.730717720371287
1,0.0521606510126402,2.1387948304593176,0.429682946191943
0,-0.635970841183863,2.088037577911399,-0.09310830656514604
0,-2.099920113251452,-0.7935062521285314,1.340863828685326
0,0.9044248051609175,1.947452814647378,0.011139942048964796
0,-1.1910127540625708,-0.8686498529442567,0.6276706316344146
0,-1.1339539046689717,-0.6548623316944625,0.811311897308055
1,0.9603827209733717,-0.9831809027701813,0.42018165206834135
0,-1.4124771161318161,-0.7701603122192217,0.41513208074117036
1,1.432205890660775,-1.0572152170338525,0.26341101798045424
0,1.8607675468354736,2.1059733389387123,0.022697848075043388
0,0.5131564629424307,-1.0744843998782465,0.7753040564849495
1,-0.8457345262178332,-0.6173829020992947,0.9822541172120791
0,-4.018418646295021,-0.640921451692401,1.1780531889861943
1,-1.3194800876600963,-1.0045522352990415,1.0007378446277098
0,0.7743123711300275,2.0165735143208794,-0.04464316950477844
1,-3.5343279226718662,-0.6387736038238186,1.193889436394518
0,1.4333014448151697,-1.170293170280929,-1.535243129291154
0,0.5621157076613714,-1.2014818077512184,0.49718294376231503
1,1.4384708787437797,1.9247831070162753,-0.0818521702051223
1,-0.47902951548341555,-0.8309833914955603,0.27873959750227295
0,-1.9995039602402274,-0.6536663658047953,1.2868695623787867
0,0.1474160725062234,-1.0324601122294776,0.8063064921524405
0,0.7640825274373576,-1.1782563117300189,0.4227953318583998
0,-1.1333786328504887,-0.7222312770882005,1.1752729497745278
0,1.4220071519343687,-0.9699696677828489,0.4405598029173311
0,-3.674325606370359,-1.5136857681288114,-3.388836582083891
0,0.7417156836888279,-1.382450730231632,-1.5406096650327659
0,-1.8908017646013706,-1.1594158786468052,-1.6404249991128417
0,-1.382270248432324,-0.927689703618473,0.9201588624393282
0,-1.1910127540625708,-0.8686498529442567,0.6276706316344146
0,1.6963956143322205,-0.9826251143800847,0.25280192791033906
1,1.1507486926040038,-1.3796225128147348,-1.7779592813090348
0,0.2539499423678776,-0.8222791127412238,0.43411629095349774
1,-0.6324033489956391,2.3442181433465303,0.4740289246541489
0,-4.392159192492258,-1.1549398987867612,-1.2206536540744206
1,0.6619646037958266,-0.9334147831143457,0.42638821710119407
0,1.2924619747802477,-1.0290761064224838,0.40157715171816943
1,1.7077599717784284,1.9557504350445412,-0.18103565274367592
1,-3.5636934375139093,1.9606682872191556,-1.4566783832386583
1,0.14177970345442553,-0.7879679709547085,0.8263267208940004
0,-2.3304487002935654,-0.8642254387787658,1.339074983438122
0,2.4196748452479233,2.697054638607077,-0.428453908660438
1,1.1063916249369037,1.9706783106685775,-0.06324766985495037
1,-1.1805874536624772,-1.8801577108497658,-3.8233671983084143
0,-2.5866520425487374,-0.6928108703421141,0.7268845036697407
1,1.787180285493807,-0.8837668171184816,0.39275690689525833
1,1.8322057795693458,2.0584796483096772,-0.053478609076075836
0,-0.7870791145105982,-0.8221988609018578,0.47889540782658413
1,-2.143788003548903,-0.7709898118004598,1.1832499568276305
1,-1.3817499660964123,-0.9733987114718116,-1.2424563372987534
0,0.9547160947333995,-0.8113309898315432,0.49195558418219815
0,0.8371025319022554,1.9397109826403116,0.0359358126836032
0,-0.9878803155667832,2.180196741752572,0.29659422401336133
1,-0.8447699059196228,-0.7889591038467912,0.30974203316976406
0,-3.3427493577805754,1.9078877543474593,0.9184753673926669
1,1.0212173432973273,-1.5784132944277018,-4.270532899023147
0,0.4673972858563829,1.7689037682883098,0.18911356152869602
1,0.4177235130280984,-0.8875288964111924,0.47750146718992187
0,-1.406609491470253,2.255187075265266,0.7591814369524904
0,-0.8756203233957881,2.027767996797018,0.4943014973169837
0,-2.9547121881612446,-1.0686411667224025,1.3089125770618715
0,-2.970585568069338,-0.8704038974521594,1.2106747020007134
1,0.8787806871123265,-0.7460905231107237,0.48107915768432985
1,2.3225942749917237,-1.1275314470341864,0.32160361955446815
1,1.6963956143322205,-0.9826251143800847,0.25280192791033906
1,-0.14068527359353483,2.105119728902265,-0.08512809103347556
1,-0.9594063234638612,-0.8747266100091723,1.0415093410740754
0,-2.9434178952804437,-1.2689646692204823,-0.6668903551466125
0,-1.2201417782054675,-0.7879164052601553,0.5346937141287137
0,-1.1697682084016194,0.8988293937092089,0.7879863333672488
1,-0.4455910417057865,1.5519116248935134,-4.744840206457472
0,0.9323882105840129,-1.1589017317123527,0.3608056552718038
0,1.2200403321583824,-0.9931951638040484,0.5149474148212464
1,0.49283789595443717,-1.7275934997352371,-4.249314718882917
0,-0.9065124803234296,-0.861534744217504,0.6929666185461364
1,1.6627344777028892,-0.9864960303836179,0.2651998632276583
1,-0.9785993246337922,2.9102795148444818,0.8100176697008854
1,-0.5749135560082055,-0.8862189141316618,0.22735901098579206
1,1.6861968756058139,-0.8953795651290813,0.4299507128472159
1,1.8545025587524688,-0.8760249851114151,0.36796103626061993
0,-2.70129647503469,-0.8394365694238936,1.11149121946216
1,2.121823984947147,2.618593619949776,-0.40544688327300366
1,-1.4336393815614015,1.9078900445755982,0.027293356113637875
0,-2.5329827769463202,-0.7592237964868289,1.3966621349874555
1,1.5280899311855651,-1.001979694397751,0.31479160449693505
0,0.20578413622310016,1.2605481693452245,-4.676945734504079
1,1.921824832011131,-0.8682831531043487,0.3431651656259815
1,-0.8956284523688738,2.0980518389452665,-0.18787406931805098
1,0.2648632092036276,1.8739054105802466,0.2467007130780296
0,0.6014745754969381,1.9126145706155788,0.12272135990483755
0,1.7312223696813527,2.0468669002990776,-0.01628480312411828
1,-1.6435729600506992,-0.7126523605563196,0.39654277513938463
0,-3.6431630663081314,2.851778140061358,1.2032042988574636
0,-2.864502788818142,-0.9024139240670613,1.0849065035803176
1,-1.084419388131548,-0.8492286849611723,0.8971518370518938
0,-0.5028581718415182,2.403324581986165,0.5130115758533104
1,1.820841422123138,-0.8798959011149484,0.38035897157793913
1,-2.9552794450380135,-0.940414028409266,1.29211211670729
0,-1.114058998954271,-0.8199264318750572,0.4089255157083176
0,-2.4236994965832506,-1.5328847906153076,-3.9674229326645425
1,1.87096628556188,2.0187277896877087,-0.15445093686183342
1,-0.5394091483749284,1.4612018179961501,-4.562038767833164
1,-0.791100640317206,-0.8553720299915061,0.9795196644874795
0,1.5954122044442272,-0.9942378623906843,0.2899957338622967
0,-1.3281238591869742,2.0041071562738324,-0.11527530266133978
0,1.4664653891331385,2.100503935958446,-0.02247617340858476
1,2.4349420423259245,1.8224568504010394,-0.1494277670515044
0,0.3265188562223175,2.053497155525951,0.293678774557248
1,0.9574673178171963,2.200026858320969,0.022445706395676536
0,-2.146189877017326,1.9984507214400382,0.359423929891198
1,1.5178911924591585,-0.9147341451467476,0.49194038943381196
0,1.6627344777028892,-0.9864960303836179,0.2651998632276583
1,2.3360832042293302,-2.4017509476271415,-3.7882302801955645
0,-0.8037659376506918,2.1201141924917195,0.36413077385932524
0,1.753519148864476,-0.8876377331220149,0.40515484221257747
0,0.36332382376657973,1.4953754369270302,-4.578587086508379
0,-0.4168066115879568,-0.7796187848629922,0.342518119336073
0,1.2263053202413872,1.988803160246079,0.16968422663566968
1,1.921824832011131,-0.8682831531043487,0.3431651656259815
1,-2.7578447377484623,-1.0017928960757014,1.3230993576263947
1,-1.8294965064632653,-1.0189932007265383,1.2752812668559357
0,2.090130515157786,-0.8489285730866825,0.2811754890393855
0,-1.123179894124082,-0.8094768263392038,0.9981241648376514
1,1.8881636953818,-0.8721540691078818,0.3555631009433007
0,-0.9058972556606868,-0.953401663726436,-1.552690635935644
1,1.787180285493807,-0.8837668171184816,0.39275690689525833
0,1.2162903823225804,0.13980055108625786,-1.9351460559342475
1,1.4658670272901062,-1.0533443010303192,0.25101308266313505
1,1.26390020751412,-1.0765697970515187,0.32540069456705023
0,0.4724265906541797,-1.4134180582598979,-1.4414261824942123
0,-1.583646721306992,2.1420748444296946,0.37389662615963193
1,1.668999465785894,1.9955022936665094,-0.08006332495791828
0,-0.4111399853479845,-0.9514686978016301,0.2707441872222162
0,1.0904951550042616,-1.0523016024436833,0.4759647636220847
0,-0.4784622586066466,-0.9592105298086967,0.2955400578568546
0,-0.015222984400459666,-1.2236646051857816,0.7965222366251798
1,1.3425868382189898,1.8695475843801739,-0.13323275672160315
0,-3.414837888640676,-1.4388219542839022,-4.000183824082466
1,-1.5111603935464701,1.9873937618195352,0.22923801168515318
0,-3.5780442024241275,-1.50179930892707,-4.026768539964308
0,-1.6439703234721408,-0.6693032971219595,1.085855319536281
0,-0.46801564895385434,2.7964933419588425,0.5522747078272406
0,2.0564693785284547,-0.8527994890902157,0.29357342435670475
0,1.6740988351490973,1.9518795190410079,-0.16863771742635666
0,-2.5855175287951995,-0.9492651469683867,0.760485424378904
0,1.5954122044442272,-0.9942378623906843,0.2899957338622967
1,-0.3780461055954225,-0.8193706434849606,0.24154579155031533
0,-1.9270256474214194,-0.8692056413343533,0.7950503557924169
1,1.5280899311855651,-1.001979694397751,0.31479160449693505
1,2.8134097460734893,2.830751179900479,-0.4000803475313916
1,-2.336123341475252,-0.7532337187595263,1.0636883234400876
0,2.6674008421099575,-0.12310803353827958,0.08334897439190002
0,-2.1632208607035057,-0.7680749150459496,0.8650354426590697
0,-2.6562940709837,-1.118407286378238,1.3027060120290188
1,0.5152220168217857,1.8983606370416108,-0.12260847190310174
1,2.4807012194119724,-1.0209313177655168,0.43676272790474896
0,-0.07291377580948417,-1.1904248481307151,0.6273688619683598
0,1.7820809161306037,-0.84014404249298,0.48133129936369673
0,-0.5758781763064159,-0.7146427123841652,0.8998710950281071
0,1.117101383822117,-1.5231777717916006,-4.219152312506666
1,1.6912962449690172,-0.939002339754583,0.34137632037877746
0,-0.5800129253714088,-0.84259613950616,0.31593340345423054
1,0.9208184674049221,1.7035065375237963,-2.0532373826279584
0,1.7648835063106838,2.0507378163026106,-0.028682738441437476
0,-0.9639153459257462,2.2618862086856963,0.5094338853589023
0,1.736321739044556,2.003244125673576,-0.10485919559255667
0,1.561751067814896,-0.9981087783942176,0.3023936691796159
1,0.908857447571429,-0.5463804548530495,0.29756758386762566
0,-1.7684161312630584,-0.7720325103870959,0.9582982758686813
0,2.0678337359746624,2.08557606033441,-0.14026415629731023
0,-0.585112294734612,-0.7989733648806584,0.40450779592266894
0,0.8656642991683832,1.9872046732693467,0.11211226983472238
1,-1.239469427043399,-0.751079443392697,0.9538805560830327
1,-0.4003428847785456,2.115133989936132,-0.17989385378638043
1,1.6290733410735583,-0.9903669463871512,0.2775977985449775
0,-2.5052558622223717,-1.3468698994876867,-0.8112630539171803
0,-0.876187580272557,2.1559951351101545,0.4775010369624021
0,-1.0752984929617369,-0.8596782904970256,0.30795318792256005
0,0.6794927797933691,-1.4338153368642002,-1.604388186866566
0,-2.0942534870114793,-0.9653561650671694,1.2690898965714692
0,-1.0118306799053642,-1.6186121047289441,-4.1317788776735584
0,2.245073263006655,-1.0480277297902496,0.5235482751259833
1,-0.3770135371239372,3.0286883372962325,0.1176581254199585
0,-1.7131838835193989,2.1438265987094582,0.6820745670723618
0,-0.039252639180153155,-1.1865539321271819,0.6149709266510406
0,-0.05106622115174965,-0.8216430725117612,0.3115156836685819
0,1.6963956143322205,-0.9826251143800847,0.25280192791033906
1,1.3261231114095786,-1.0252051904189505,0.38917921640085024
0,-0.724345623935313,-0.7194030596713032,0.9379233334982595
0,-2.6562709809591514,2.1028098960042656,0.6652557034908262
1,1.5954122044442272,-0.9942378623906843,0.2899957338622967
1,1.5903128350810238,-0.9506150877651827,0.3785701263307351
0,2.022808241899124,-0.8566704050937489,0.3059713596740239
0,1.3261231114095786,-1.0252051904189505,0.38917921640085024
0,1.2403385334899275,-1.2077779845217482,0.8069119421771209
1,1.4893294251930307,-0.9622278357757824,0.4157639322826927
0,0.6568652344326233,-0.8897920084888441,0.5149626095696326
0,1.7198580122351448,-0.8915086491255481,0.4175527775298967
0,1.5343549192685697,1.9800186296523765,-0.030471583688641495
1,0.5570163382981682,-1.1578590331257166,0.5857573362307535
0,-3.78150975268168,-1.1680552523741021,1.3363373222349546
1,1.8881636953818,-0.8721540691078818,0.3555631009433007
0,-0.8145630382201305,-0.9464884952460427,0.8147688148679219
1,1.6517319914005673,1.7476851005393945,-2.1320427143175222
0,1.3546848786757064,-0.9777114997899153,0.4653556735519695
1,-1.9028859772106426,1.5481588625499514,-4.692604395901365
0,1.4607676579269029,-1.0097215264048176,0.3395874751315735
0,-1.3296788263865027,-0.917306686048038,1.1778866295645862
0,-2.441808757305007,-0.7645727555789844,0.500143977463587
1,-1.5938454600333984,2.229320393680698,0.5510454110965086
0,-2.28256729913122,-0.9144269029365877,0.6489040065230312
0,0.44141931309253984,-0.7610530768149848,0.6304902210136132
0,-2.2625591701581347,-0.9847107450848356,1.3310795731580654
1,1.6975612330520218,2.042995984295544,-0.003886867806799082
1,-0.3045768766051364,-1.004689758154677,0.5919790960119925
1,-0.022504453885621896,-0.7741493818827263,0.38769214081970105
0,-1.0598224764750854,-1.0145664963329084,1.0955036073806146
1,1.8881636953818,-0.8721540691078818,0.3555631009433007
0,-2.6291205852890753,-1.7175105940392916,-3.3756106037451494
1,-0.347240876052898,2.1769482021045534,0.47308331717675334
1,-0.43407408597328334,-1.0274359779901072,-1.7094612700235312
1,-1.8077438941323618,-0.604053513451991,1.0424701432998573
1,1.955485968640462,-0.8644122371008154,0.33076723030866234
0,-0.1719445367544435,-0.6681917203417662,0.7510958712202768
0,2.7010619787392884,-0.11923711753474635,0.07095103907458082
0,-2.749074333495298,-0.32314131758177783,1.4412733994760436
1,1.6912962449690172,-0.939002339754583,0.34137632037877746
0,-2.9226961519652783,-0.8597471686905828,0.8676643171975144
1,2.187949728474399,-1.1430151110483193,0.37119536082374494
0,1.6290733410735583,-0.9903669463871512,0.2775977985449775
1,0.7492355099582058,-0.8051969617503583,0.4420965064851683
1,1.0950272674906958,-0.9676972387560483,0.37058991079906456
0,-1.7010858430626823,-0.7034324854606309,1.280662997345934
0,0.5386844147247102,1.989477102296147,0.04214237771645589
1,0.07870551767605825,-1.6867989425266325,-3.9233907101382086
0,1.1909113080154856,-0.9124617161199469,0.42197049731554537
1,0.4922706390776682,-1.5993663614221005,-4.266115179237498
1,-1.219063934648872,-0.8647123489753052,0.9467435783211706
1,1.6180708547712361,1.7438141845358615,-2.119644779000203
1,-0.711089979700509,-0.6018992380851618,0.9326623759428023
0,-3.8394632598441456,2.6567027311015203,1.2058179786475223
1,-0.5334887543169909,2.1924031799738737,0.08707945226910342
1,2.0005114627160006,2.0778342283273434,-0.11546828566267185
1,2.0564693785284547,-0.8527994890902157,0.29357342435670475
0,0.9901101069593009,2.0899338865344825,0.2396693135023224
0,-2.2814894555746252,-0.9912228466517375,1.060953870715488
0,-3.354113715226783,-1.0304877950771667,1.3523129480466818
0,-2.234564659768776,-0.8089899161426645,1.3904555699546028
0,-0.6697500101645745,-1.090892608819044,0.6397819920340652
0,-0.8784310425489538,-0.7928300198503245,0.32213996848708326
1,-1.3200473445368652,-0.876325096985905,0.9839373842731283
0,0.2932777052371809,-0.9902581096763285,0.34994442352232186
0,0.25412747078862624,2.162020326480517,0.35529533428802784
0,0.043896039445744606,-1.2945312389305605,-1.491002729015103
0,-0.3285754264185665,2.314496290205825,0.12013806961155159
1,-2.9257299674491266,2.1567206428547756,0.0583261812779015
1,0.5570163382981682,-1.1578590331257166,0.5857573362307535
1,1.3210237420463755,-0.9815824157934486,0.4777536088692887
0,-2.9312267002337715,2.2436924809146377,0.8362131181432365
0,-4.038847608690389,-0.7401864073111775,0.6905459217574099
1,0.48504578628676054,-0.8797870644041259,0.4527055965552834
1,0.8924931908379407,-0.8626955964641114,0.42817706234839814
0,-0.04596685178854633,-0.8652658471372628,0.22294129120014336
0,-1.4266973806648306,-0.7160879320578667,1.092905122338942
0,-0.1840345622694461,2.239925556747721,0.4996680330585958
0,-1.6648052900456909,-1.1733010556842056,-1.5332613010426177
1,1.3711486054851176,1.9170412750092087,-0.05705629957048387
1,-0.0009413577130075514,2.076980618290896,-0.22329422477119074
0,1.5229905618223618,-0.9583569197722491,0.4033659969653735
0,0.02923525279831023,1.8468089985555138,0.3334862602992641
0,1.1241562916335925,-1.04843068644015,0.4635668283047655
1,-1.0224271620295047,1.520301829137538,-4.397412101868625
0,1.6525357389764828,-0.8992504811326145,0.4423486481645351
0,1.7648835063106838,2.0507378163026106,-0.028682738441437476
0,2.09639550324079,2.1330697509634446,-0.06408769914619103
1,-1.2831857067956605,-1.6141051484959483,-4.266777420275793
1,1.561751067814896,-0.9981087783942176,0.3023936691796159
0,-0.14075533815894148,-1.033579323020441,-1.6270934425879455
0,-1.0832537694117466,2.176392413714457,0.6404630413347555
0,-0.2993594748905526,2.1267467379467315,-0.21708765973833802
0,1.4955944132760355,2.019770488274345,0.07050074409711611
0,0.9860290850833241,2.2475205489500034,0.09862216354679575
1,2.3073270779137225,-0.2529336588281486,0.04257747794553442
0,-2.719651488632697,-0.9133176163845333,1.2053265694860555
0,-1.0272958535992922,-0.7542413037031025,1.0495047513541322
0,1.539454288631773,1.936395855026875,-0.11904597615707989
1,-0.816208138653495,-0.7414654132177564,0.3859184903208832
0,1.1572501713861547,-0.9163326321234802,0.4343684326328646
1,-1.1884500078718532,-1.1627310062602418,-1.795406787953525
1,0.4891268081627371,-1.0373737268196468,0.5937527465108102
1,-0.4650319673047909,1.9436907353546675,0.09588450234362834
1,-0.4404347497857767,0.36328067141198006,0.5259803936452764
1,1.7648835063106838,2.0507378163026106,-0.028682738441437476
1,1.4607676579269029,-1.0097215264048176,0.3395874751315735
1,1.5378254401090974,-1.8142878634606676,-3.8793591069693045
0,-0.6997487122788505,-0.8847408710430394,1.13627510382698
1,1.1635151594691593,2.065665691926647,0.08910524444728797
1,0.8981598170779129,-1.0345455094027496,0.35640313023454134
1,-1.3445875859963854,-0.8906456185252916,0.40713667046111357
1,1.0446659133528073,-1.3476124861998329,-1.6521910828886386
0,-4.506789797130766,-1.4412499408418729,-3.289637904796951
1,-1.1038602602278647,-0.9071719811260607,0.23177673077144076
0,-0.5206459285627565,2.201216396712389,0.6236473862317876
1,0.5222206879152992,-0.905275672502977,0.5645543508389094
1,-0.022504453885621896,-0.7741493818827263,0.38769214081970105
1,1.820841422123138,-0.8798959011149484,0.38035897157793913
1,1.989147105269793,-0.8605413210972822,0.3183692949913431
1,1.6353383291565629,1.9916313776629762,-0.06766538964059908
0,-1.5842370682083105,-0.9509151996396725,0.9945464743432434
1,1.2466327331287934,-1.3243869901786334,-1.7265786947925539
0,-0.7670709855375125,-0.8924827030501059,1.1610709744616183
0,2.0341725993453315,2.0817051443308765,-0.127866220979991
0,1.573115425261104,1.9402667710304082,-0.13144391147439904
1,1.5680160558979008,1.9838895456559098,-0.04286951900596066
0,-1.6326290560504824,-0.952144930079837,1.289468047420459
0,1.561751067814896,-0.9981087783942176,0.3023936691796159
1,-1.0455711069758078,2.2134364988076385,0.1274408493565411
1,0.19799202655542336,2.1083546046763355,0.025074580934121217
0,-3.4341655374786075,-1.4019849924164438,-3.5809969821281453
1,0.5523680595454226,-0.8720452323970593,0.4279097259206451
0,1.4214398950575997,-0.8417425294697126,0.4237593425627494
1,1.8545025587524688,-0.8760249851114151,0.36796103626061993
0,1.606776561890435,1.9441376870339415,-0.14384184679171827
1,-1.3873696177955273,-0.8840669289929715,1.0087332549077666
1,-1.9412539268961482,-0.8759914540923966,1.125662805278297
0,-0.9120921791782849,-0.7967009358538577,0.33453790380440246
0,1.3088556370242521,-1.2730223835460652,-1.6628001729587538
0,-1.084419388131548,-0.8492286849611723,0.8971518370518938
0,1.4271065212975718,-1.013592442408351,0.3519854104488927
1,1.3934453846682409,-1.0174633584118842,0.3643833457662119
1,1.6963956143322205,-0.9826251143800847,0.25280192791033906
0,-1.1813812722129333,-0.8276682638821237,0.433721386342956
0,0.782445555977079,-1.0435170718499807,0.6761205739463959
0,1.3267214732526111,2.128643046569815,0.11568996032913041
1,1.955485968640462,-0.8644122371008154,0.33076723030866234
1,1.4995281639194373,-1.049473385026786,0.23861514734581582
0,0.4601158163712204,2.218418991591365,-0.2197165342767827
1,-0.2963903445453611,-0.7709209336069026,0.6235388275526766
1,-0.12142192991796694,-0.8212364141545878,0.6590679719124475
0,1.6861968756058139,-0.8953795651290813,0.4299507128472159
1,1.787180285493807,-0.8837668171184816,0.39275690689525833
0,-2.3886500783824167,-0.8824168763216856,0.7746722049434271
0,-2.451790730071291,-0.11645316061134069,1.4014659137340277
0,1.0783270499821382,-1.3437415701962996,-1.664589018205958
0,-0.7191895843751672,-0.9426841672079277,0.47089999754652745
1,-1.6382956822904546,-0.7802950171411992,1.3612419795343158
0,1.933189189457339,2.070092396320277,-0.09067241502803346
1,1.0110047767234762,-1.351483402203366,-1.6397931475713194
0,-2.1627102740236794,-0.7166437204479632,1.2602848464969443
0,1.7922796548570101,-0.9273895917439833,0.30418251442681987
0,1.432205890660775,-1.0572152170338525,0.26341101798045424
0,0.32547126985389613,2.2029353275772317,-0.1701247930075059
0,-1.941821183772917,-0.7477643157792604,1.1088623449237154
0,-2.6582896623337113,-0.2242830203201748,1.5812283784609629
0,0.508508184189685,-0.7886705991495893,0.6174564461748412
0,-1.0318279660857266,-0.8388456673907372,1.1548796041771519
1,1.6442721730418999,-1.1613269924793495,0.6581367183692907
0,1.2022756654616935,2.0259138333046787,-0.011867083338469581
0,-1.583638706365278,2.202933037349093,0.7210572182715235
0,-0.26213084607299775,2.386798219385396,0.33765163616363764
0,-0.41065965585633263,-0.9726797315397747,0.7177472944323885
0,-1.3786460860471577,-0.8511674710944647,1.1088471501753292
0,-1.2466376116159474,-0.8708843801504519,0.6926992821183834
0,-0.21202907265880483,2.06420472780555,0.44029203626205826
0,-0.0621166752400454,1.8761778396070472,0.17673082095976306
0,-1.1813812722129333,-0.8276682638821237,0.433721386342956
0,1.4721320153731108,1.9286540230198084,-0.0942501055224415
0,-0.13615316110710057,2.1897240925898993,-0.1905029438564956
1,-1.1593209837289564,-1.2434644539443436,-1.702429870447824
1,-3.2386621698793907,2.7700019937906206,1.071229535404215
0,0.6784283306052377,1.9613379916847784,-0.09602375602125933
0,-0.14185089231333614,-0.9205013697733643,0.17156070468366258
0,-2.6078143079783227,1.9852394864527059,0.33904577904220823
1,1.6963956143322205,-0.9826251143800847,0.25280192791033906
1,-1.5066282810600358,2.0719981255071698,0.12386315886213305
0,-2.4579417179367953,-1.2688442253323722,-1.5182344911868537
1,-1.0267055066979738,2.3387487403662646,0.4288549031705208
0,-0.8648845849807874,1.7396530808967479,0.3857068761069856
1,2.022808241899124,-0.8566704050937489,0.3059713596740239
1,-0.18627802454584275,-0.7088995982127578,0.344306964583277
1,-0.5177900214759499,-0.7912315328735919,0.3797119252880306
1,1.2689995768773232,-1.1201925716770202,0.2368263020986118
1,2.0341725993453315,2.0817051443308765,-0.127866220979991
0,-1.087785881898181,2.091788050026822,0.7458378941577757
0,-2.19614810833073,1.824366281295205,0.3526786482613099
1,1.4271065212975718,-1.013592442408351,0.3519854104488927
1,-1.4756646403254854,-0.6499487171042932,1.0238656429496853
1,0.27392743417649623,2.0431141379555156,0.03595100743198944
0,-1.1347807422694365,-1.2291439324049567,-1.1256291566358094
0,0.5809298268115504,-0.8245515417680245,0.5040861830717642
0,-1.9861047204019469,-1.4825628825693753,-4.128596091789692
0,0.1347507751727377,1.9430261102537483,0.19091760152428627
0,-0.5902116640978153,-0.7553505902551567,0.4930821883911074
1,-0.867066685102746,2.145545529574301,-0.11169761216693172
1,-1.4056448711720426,2.0836108735177694,0.08666935291017543
0,-1.7525196613304161,2.2509474027251644,0.41908584239164626
1,-1.627529686687279,-0.9957677047053387,1.2008936549520206
1,-0.11269076320417613,2.280840557844436,-0.025752094236937938
1,-3.8524464926694235,-1.3494595193565022,-1.3854196984423643
0,-2.9017003126694334,2.119609969796176,0.23987749125204078
0,-1.498551766409927,-0.8084341277525678,1.2230758457966004
1,-1.4153410381603369,2.161429424447361,0.3119069495730359
1,-1.1191583683174744,-0.7763036572495555,0.49749990817675604
0,-0.35968307705570124,-0.6846314036049224,0.4948710336383114
0,0.8212060619696133,-1.083268930471949,0.5751482461606383
1,1.4220071519343687,-0.9699696677828489,0.4405598029173311
1,0.6916608848154923,-1.1423753691115837,0.5361655949614768
1,-0.3780461055954225,-0.8193706434849606,0.24154579155031533
0,2.7797486094441584,2.8268802638969457,-0.3876824122140724
1,1.955485968640462,-0.8644122371008154,0.33076723030866234
1,-0.9459759786593178,1.5784522485281496,-4.664246029520704
0,0.4789130515393948,3.0473689752638307,0.1832102977525763
1,-0.5380208668034252,2.107798816286239,0.19245430509212347
0,-1.68268395695988,0.016200682095425478,1.2048877939041245
1,-0.6473351986300708,-0.8503379715132265,0.34072927408886894
1,0.10562175102984092,2.0237595579378493,0.09794068401858537
1,-0.07336300033487285,2.112861560909331,-0.10992396166811394
1,2.064669539403283,1.7798767743621737,-0.013050478560993279
0,-0.858990170452637,-0.7348867236854363,0.9875150747675363
1,1.6639000964226907,2.039125068292011,0.008511067510520115
0,-1.3975452664973842,2.424395802640535,0.5484317313064502
0,-0.07744588829591843,-1.2750292118183497,0.7327437147913799
0,0.21227178715780642,1.8635223930098115,-0.011027054047228918
1,1.22967181400802,-0.9522135747419153,0.32099816952978777
0,-1.206375547290837,-0.6189813890760273,0.9246821604111318
1,1.2746973080835589,1.9900328906862437,-0.12523734644154635
0,-3.709878029788286,1.3033150437061398,-3.80501526986513
1,1.87096628556188,2.0187277896877087,-0.15445093686183342
0,-2.9455912929914336,-1.079090772258256,0.7197139279325383
1,-0.45046774821728786,-0.7834897008665254,0.3549160546533922
1,-0.3717811175124179,2.162627680565167,-0.10371739663526122
0,-1.4512376221243506,-0.7304084535972533,0.516104408526928
0,1.456833907283501,2.0595223468963133,0.1714730718828737
1,1.556651698451693,-0.954486003768716,0.39096806164805425
0,-1.3588078505293995,-0.8365732383639365,1.0849097120588855
0,-1.2710003246547186,2.0990945375319026,0.037077611640898636
0,-0.1922291092709354,1.9452985392805489,0.12094770940601977
1,1.87096628556188,2.0187277896877087,-0.15445093686183342
0,-0.945186058930847,-0.9287989901705274,0.3637362994763033
0,-0.8814644780565092,-0.7846815294860846,0.6448963860963105
1,-2.449274856385368,-1.0562864345227425,-1.0396716524359975
0,-1.8432707523196097,-1.2487864098300645,0.5381322284616266
1,1.6627344777028892,-0.9864960303836179,0.2651998632276583
0,1.3210237420463755,-0.9815824157934486,0.4777536088692887
0,1.3934453846682409,-1.0174633584118842,0.3643833457662119
1,0.24276311334241843,-0.7763552229441087,0.7891329149420427
1,1.364883617402113,-1.064957049040919,0.2882068886150927
0,0.11828704836332662,-0.9517266645453759,0.7133295746467399
1,-0.9227086469825813,-1.5337982437431845,-3.5316550148738153
0,0.22493708449129216,-1.1119638294734144,0.6043618365809255
0,0.7884636167299479,1.9950516402799625,-0.12790781724521924
1,1.398544754031444,-1.0610861330373857,0.27580895329777344
1,1.6627344777028892,-0.9864960303836179,0.2651998632276583
1,0.8451195504829954,-0.749961439114257,0.4934770930016491
0,0.47427979068358517,-0.6643143768399862,0.6130539211375787
1,2.0564693785284547,-0.8527994890902157,0.29357342435670475
0,-5.277044911843159,-1.177765163949034,-0.6730697391612606
0,1.6137752329839483,-0.8594986225106461,0.5433209759502928
1,-0.47902951548341555,-0.8309833914955603,0.27873959750227295
1,2.090130515157786,-0.8489285730866825,0.2811754890393855
1,-0.6473351986300708,-0.8503379715132265,0.34072927408886894
1,-0.5662466944567784,-0.6736611233220322,0.7059218497366486
1,1.6404376985197662,1.9480086030374746,-0.15623978210903744
1,-1.9124302793152996,0.4348113229679178,0.8089861385889842
1,-0.017405084522418582,-0.817772156508228,0.29911774835126265
0,-0.1647145483969355,-0.8660889192202541,0.8654151525212253
1,-0.42017310535458974,2.1613979501250022,0.1912041764419548
1,-1.268023179367813,-0.7377149411023335,1.2248646910438046
1,1.8545025587524688,-0.8760249851114151,0.36796103626061993
1,1.8545025587524688,-0.8760249851114151,0.36796103626061993
1,-0.46559922418155986,2.071917873667804,0.07908404198904671
0,-0.7073788919088089,-1.2921190110007519,-3.9104050894509257
1,-0.2224053398059601,-0.8328491621651876,0.6962617778644051
1,0.7441361405950024,-0.7615741871248566,0.5306708989536066
1,-0.4697953970552195,-0.7466527389990671,0.774102896607711
0,0.7304213908080266,-1.1821272277335522,0.43519326717571905
0,0.23215035549611676,-1.1547006695559734,-1.5124882455830864
0,1.0277049942320338,-0.9754390707631148,0.39538578143370295
1,1.6963956143322205,-0.9826251143800847,0.25280192791033906
0,-1.515181919353078,1.9542205927298868,0.7298622683460484
0,1.8881636953818,-0.8721540691078818,0.3555631009433007
1,-0.5619741626940398,-1.291565498658028,-1.3195935966756542
1,1.921824832011131,-0.8682831531043487,0.3431651656259815
0,-0.8007090321422943,2.324863563328864,0.5360186012407447
1,1.364883617402113,-1.064957049040919,0.2882068886150927
0,-2.7428093454122937,2.6588570064683497,1.096010211290467
0,0.9030365235894143,1.3008558163572894,-4.743353130876323
1,1.9954120933527975,2.121457002952845,-0.026893893194233458
0,-2.47260250458423,1.8724960121537024,0.30625449812751304
0,1.921824832011131,-0.8682831531043487,0.3431651656259815
1,-1.8448026294945892,-0.9489830697694316,1.1938438521493593
0,1.3032590753496867,2.0375265813152783,-0.04906088929042714
1,-0.1499836971840947,-0.8687301047836227,0.5828915147613283
1,1.7922796548570101,-0.9273895917439833,0.30418251442681987
0,0.39324276763794724,-1.0926092494557482,0.5423721599943294
1,-0.06883088784843859,2.197465924596966,-0.215298814491134
0,-0.6136740620007397,-0.8464670555096933,0.32833133877154974
0,1.8596019281156722,-0.9196477597369168,0.27938664379218153
0,-1.2286954164985096,-0.9056939380374383,1.1406928236126286
0,-3.0262161850257576,-1.121818295391666,-1.4296449039700292
0,1.803644012303218,2.010985957680642,-0.12965506622719503
1,-1.5672703361818061,-1.5236311509691214,-3.8537819486059406
1,1.623973971710355,-0.9467441717616495,0.3661721910134159
0,-0.2923608037970391,-0.6768895715978559,0.470075163003673
1,1.128688404120027,-0.963826322752515,0.35819197548174536
0,-2.0223424310694407,-1.0526683022835912,0.7604702296305178
0,1.1190569222703894,-1.0048079118146482,0.5521412207732039
1,0.7920770378267165,-1.0025354827878477,0.48217132865493734
0,0.1000420521749856,2.0885933663014957,-0.2604880307231483
0,0.6757955198491136,-0.8832799069219421,0.7850883120122103
0,-1.5847476548881367,-1.0023463942376591,0.5992970705053681
0,-0.6481389462059862,1.7965976101587828,-2.233662088393188
0,-0.1978088081257905,2.010132347644195,-0.23748100533571395
1,0.4678483764668406,2.011094794391465,-0.05730844124985074
0,-1.3010939690958254,2.3514041869635003,0.6166127781775127
1,-0.7757147570643904,2.116176688522768,0.04505782717256916
0,-1.567262321240092,-1.4627729580497228,-3.5066213564940485
0,1.3711486054851176,1.9170412750092087,-0.05705629957048387
1,1.432205890660775,-1.0572152170338525,0.26341101798045424
1,-1.3704028857690231,-1.45678288032242,-3.8395951680414178
1,-0.09039398402105284,-0.6536640755766564,0.39568755109975784
1,1.933189189457339,2.070092396320277,-0.09067241502803346
1,1.6627344777028892,-0.9864960303836179,0.2651998632276583
0,-0.36668174814921467,2.119004905939665,-0.19229178910369962
0,0.15090308882706532,0.8538265304527676,-1.387792907661393
1,1.7198580122351448,-0.8915086491255481,0.4175527775298967
1,-2.351845110838154,-1.4405385949206062,-4.097593656122201
0,-1.2874640514641298,-0.7956582372672217,0.5594895847633521
0,1.6740988351490973,1.9518795190410079,-0.16863771742635666
0,1.8545025587524688,-0.8760249851114151,0.36796103626061993
0,-0.44536837885408453,-0.827112475492027,0.26634166218495375
1,1.1184896653936205,-0.8765807735015118,0.5353407604186223
1,-0.022504453885621896,-0.7741493818827263,0.38769214081970105
0,-0.8558203600079186,1.908861808272017,0.17495717046094522
0,-2.2324424356924784,1.9841967878660698,0.11409409808325847
1,0.5753793668378894,-1.0231197932456786,0.8390825783187496
1,0.500491165608945,1.9010018226049794,0.15991516585679516
0,1.8881636953818,-0.8721540691078818,0.3555631009433007
0,0.32753720370954426,2.1674610433159702,0.06405723213328283
0,1.4098390469122453,-1.2614096355354654,-1.6999939789107115
1,1.5903128350810238,-0.9506150877651827,0.3785701263307351
0,2.022808241899124,-0.8566704050937489,0.3059713596740239
1,1.5954122044442272,-0.9942378623906843,0.2899957338622967
1,1.0568340183749305,-1.0561725184472164,0.4883626989394038
0,2.4196748452479233,2.697054638607077,-0.428453908660438
1,-1.0232743277926846,-0.7210681346134542,0.5488804946932369
0,2.3039572078157464,-1.695945950167679,0.7693571872996959
1,0.508508184189685,-0.7886705991495893,0.6174564461748412
0,0.2376637439792151,-0.7327324483186071,0.8777073074104812
0,0.7926442947034854,-1.130762621100984,0.49897178900951905
0,-0.300044764118702,-0.920085394467042,0.4866042431889723
1,1.5280899311855651,-1.001979694397751,0.31479160449693505
0,-2.038272481174476,-0.6747727001022253,1.0406812980526532
1,1.1451521309294381,1.9309264520466092,-0.16421999764070802
0,-1.4622712133929356,-1.2783026979761427,-1.5908484525919513
1,-0.7457850738832081,1.9425754568672011,0.1430731092369853
0,-0.8700099338737778,-1.422465311037658,-3.573028752866293
0,0.11942156211686464,-1.2081809411716486,0.7469304953559031
0,1.7922796548570101,-0.9273895917439833,0.30418251442681987
1,-1.4175764854950195,-0.72653753759372,0.5037064732096088
1,-3.608934672802032,2.7274219177517547,1.2076068238947262
0,1.2251397015215857,-1.0368179384295504,0.42637302235280783
0,-1.853005878907047,-1.027591535521277,-1.0688852428562845
1,0.2300364538544953,-1.155586604098916,0.515787444112487
0,0.011156682743709102,-0.7702784658791931,0.3752942055023819
0,-0.1077094261923532,-0.9378414875079756,0.6061658765765157
0,1.3038263322264556,1.9092994430021422,-0.03226042893584551
0,1.2693513913665129,-0.9180932677895579,0.6366663965496935
1,1.724957381598348,-0.9351314237510497,0.32897838506145827
0,2.5143623560413033,-1.0170604017619835,0.4243647925874297
0,-0.6023097045545319,2.0919084939149326,-0.10550624188246524
0,-0.867066685102746,2.145545529574301,-0.11169761216693172
0,1.1304212797165973,1.9335676376099777,0.11830364011918885
0,1.6963956143322205,-0.9826251143800847,0.25280192791033906
0,-0.9624535333161733,-1.1766161832976423,-1.6882430898833007
0,-1.165484802280291,2.1953116492301366,-0.10549104713407903
0,0.4428003741999204,1.9342415796600456,-0.0092382088000249
1,2.5765852599367625,-0.9656957951294153,0.48814331442122977
1,0.32082112501608195,-1.056728306837313,0.6557424230974063
0,-0.5126906521127466,-0.8348543074990935,0.29113753281959215
1,-0.6672301043447715,-0.6852738713326318,0.7431156556886062
0,-2.6203131791780683,-0.6966817863456473,0.7392824389870598
0,0.3264877512560541,-1.228578219775951,0.5839684909835495
1,1.556651698451693,-0.954486003768716,0.39096806164805425
1,-0.3610151219092425,1.9471549930010272,-0.2640657212175564
1,-0.23713657099509367,2.1781113445792997,-0.153309137904538
0,0.29897543644341645,2.119967352686935,-0.01211922501783635
1,-0.9599735803406302,-0.746499471696036,1.0247088807194937
0,0.6094915940776782,-0.7770578511389895,0.5802626402228837
1,1.753519148864476,-0.8876377331220149,0.40515484221257747
1,0.1934599140689891,2.0237502409887007,0.1304494337571413
0,-1.8670427404593526,1.1461373298759314,-4.207597842944766
1,1.30835844471289,1.993903806689777,-0.13763528175886555
1,0.4428003741999204,1.9342415796600456,-0.0092382088000249
1,1.3026607135066544,-1.116321655673487,0.22442836678129263
0,-3.375256357953407,-0.7037496763026457,0.6365364607024845
0,1.1812798261658481,-0.9534433051820799,0.615919742607004
0,-4.374324461230162,-1.0353498439727828,0.8481261956397652
0,-2.7063958443978935,-0.7958137947983919,1.2000656119305984
1,1.5229905618223618,-0.9583569197722491,0.4033659969653735
0,-1.975482320402248,-0.7516352317827936,1.1212602802410345
0,0.4177235130280984,-0.8875288964111924,0.47750146718992187
0,2.577781789668172,2.8036547678757464,-0.3132948003101572
1,-1.2495245701663296,-1.6102342324924153,-4.279175355593113
1,2.3842499220104134,-0.9479397020884817,0.36858168103368644
0,-1.6224303173240757,-1.0393904793308406,1.1123192624835825
0,-1.1073447863458779,-1.1412145168649763,0.8009551511592148
0,1.1858119386522825,-0.8688389414944453,0.5105448897839839
1,1.8494031893892657,-0.8324022104859135,0.4565354287290584
0,1.0180735123823963,-1.016420659825248,0.5893350267251616
0,-1.9408565634747064,-0.9193405175267568,0.4363502608814007
0,-0.4168066115879568,-0.7796187848629922,0.342518119336073
1,-0.5325855578274472,-0.6697902073184989,0.6935239144193294
0,-0.07404828956302219,-0.9339705715044423,0.5937679412591965
1,1.5221868142464463,1.68857866189976,-2.171025365516684
0,0.03569692420322905,-0.7559579443398066,0.9520949193143965
1,1.9668503260866697,2.0739633123238104,-0.10307035034535265
1,-0.3330206115198836,2.1228758219431985,-0.20468972442101882
0,-0.9359439255609368,-0.7836101447546358,1.2062601906936326
0,-0.7078818971259019,2.1753497151278207,0.41551136037580605
0,2.0564693785284547,-0.8527994890902157,0.29357342435670475
1,0.016482613780599457,-1.7381635491592007,-3.987169231972009
1,-0.4784622586066466,-0.9592105298086967,0.2955400578568546
0,-1.1874452618743467,-0.6124692875091254,1.194807862853709
1,-0.33398523181809414,2.294452023690695,0.46782235962129615
0,-1.8066093803788237,-0.8605077900782637,1.0760710640090203
1,1.5903128350810238,-0.9506150877651827,0.3785701263307351
1,-0.027603823248825106,-0.7305266072572246,0.4762665332881395
0,1.6627344777028892,-0.9864960303836179,0.2651998632276583
1,-0.04038715293369106,-0.9300996555009091,0.5813700059418773
1,0.48504578628676054,-0.8797870644041259,0.4527055965552834
0,-2.4559723516410785,-0.8901587083287521,0.7994680755780657
0,-0.8869846808419959,-0.9106075526276076,0.9281390779709987
0,-1.3194800876600963,-1.0045522352990415,1.0007378446277098
1,1.5280899311855651,-1.001979694397751,0.31479160449693505
1,1.3719492645234035,1.8241734910377434,-0.05201793501176859
0,-1.2823646821009265,-0.8392810118927234,0.47091519229491363
0,2.09639550324079,2.1330697509634446,-0.06408769914619103
0,1.0727304883075728,1.9668073946650442,-0.050849734537631155
0,-0.41456314931156,2.169206370097487,0.49787918781139184
1,0.508508184189685,-0.7886705991495893,0.6174564461748412
0,1.2251397015215857,-1.0368179384295504,0.42637302235280783
1,-0.4983491493796332,-0.7332882367087037,1.0450870315684835
1,0.999143226965906,-1.02293276139215,0.31920932428258375
0,-2.6054124345099003,-0.7842010467877922,1.1628718059786407
0,-2.037705224297707,-0.8029998384153617,1.057481758407235
0,0.14034733684730355,-1.3675228546075957,-1.4228216821440405
0,1.6810975062426106,-0.8517567905035797,0.5185251053156544
0,-1.2048436701158578,-0.9187847291366602,0.26897053672339843
0,-3.9805895604045967,-0.9016533026793805,0.8764997567688116
1,-1.9830713383970797,-1.040988966307573,1.0547473056826353
0,-1.7735155006262617,-0.7284097357615942,1.0468726683371197
1,1.2924619747802477,-1.0290761064224838,0.40157715171816943
0,1.787180285493807,-0.8837668171184816,0.39275690689525833
1,-1.2857958610062157,2.220535863086995,0.35088960077219755
1,0.8998926926744831,1.8628484509597434,0.11651479487198484
0,-0.3101565754599915,-0.9398559497910305,0.23355038127025854
0,-1.2150424088422642,-0.8315391798856568,0.44611932166027524
0,1.989147105269793,-0.8605413210972822,0.3183692949913431
0,0.9436825034648142,-1.3592252342104325,-1.6149972769366812
1,1.0497652827160104,-1.3912352608253344,-1.7407654753570772
1,1.494428794556234,-1.0058506104012843,0.32718953981425425
0,-2.6703877027904284,2.6229760638499147,0.9826399481873904
0,0.303056458319393,1.9623806902714145,0.12892792493769029
0,-2.714774782121195,1.4220837093755054,-3.8944296916248082
1,-1.7612565874472499,-1.1003094400071707,-1.6014423479136801
1,-0.1857107676690738,-0.8371267365258942,0.3611074249378587
1,1.6963956143322205,-0.9826251143800847,0.25280192791033906
0,0.30362371519616194,1.8341535519582781,0.14572838529227194
1,-0.9457533158076159,-0.800571851857391,0.3469358391217217
0,2.0005114627160006,2.0778342283273434,-0.11546828566267185
0,-2.4879883878370452,-1.0990527063605717,1.2407163354424229
1,2.0627343666114593,2.1291988349599116,-0.05168976382887182
0,-0.882963155035388,-0.8774343835379592,0.4275148213101033
0,-0.27941270807190505,-1.2982547078395492,0.8071313266952951
0,0.11477328336411921,-0.9223671404429915,0.5890828850457948
1,1.2588008381509168,-1.032947022426017,0.41397508703548863
1,-0.7375215079486251,2.204651968213936,-0.07271496096777012
0,-1.1236904808039088,-0.8609080209371902,0.6028747609997762
0,-1.426107033763512,2.3769021120115004,0.4722552741553311
0,-1.0261382498212048,2.210521602053128,0.4456553635251025
0,-0.3483187196094934,2.253744145819703,0.06103345298429639
0,1.8607675468354736,2.1059733389387123,0.022697848075043388
1,1.235338440247992,-1.1240634876805535,0.249224237415931
0,-3.606418799116109,1.787588643840353,-1.2335307422752988
1,1.6963956143322205,-0.9826251143800847,0.25280192791033906
1,-0.6982638096447282,-1.1020260806438746,-1.698852179953416
0,-0.6909823401595662,-1.5515413039469304,-1.2900220841479373
1,-0.7345523776034335,-0.6930157033396983,0.7679115263232446
0,-0.7472710221496429,-1.0113888915751075,0.8417266476055805
0,1.3261231114095786,-1.0252051904189505,0.38917921640085024
1,1.6963956143322205,-0.9826251143800847,0.25280192791033906
1,1.6963956143322205,-0.9826251143800847,0.25280192791033906
0,-0.7511745156048705,2.1304972100621544,0.6218585409845836
0,-0.8298611463097403,-0.8156201713695377,1.0804919922732368
1,-1.4005455018088393,2.039988098892268,-0.0019050395582629548
0,0.49014515564996386,-0.9234098390296276,0.3641312040868451
0,-3.3164310527908443,-0.993443709983985,0.8392907560684679
0,1.7198580122351448,-0.8915086491255481,0.4175527775298967
0,-1.8769708485480836,-1.1092810024544018,-1.2817249042018257
0,2.3073270779137225,-0.2529336588281486,0.04257747794553442
0,-0.5572532674519741,0.6834056139271525,0.7603432132756707
0,0.8114584138536645,-0.7538323551177901,0.5058750283189682
0,-1.3782487226257163,-0.8945165345288248,0.4195346057784328
1,-0.47902951548341555,-0.8309833914955603,0.27873959750227295
1,-1.3638841298680533,2.4282667186440685,0.536033795989131
1,2.0202733181823853,2.735208010252313,-0.3850535376756277
1,-1.826352675548334,-1.5809858353289923,-3.584586658892372
0,-0.9941453036497877,-0.8018015822975556,0.6418574121989379
0,-1.371473147862885,2.138912984119289,0.4695208214307316
0,1.4271065212975718,-1.013592442408351,0.3519854104488927
1,1.8322057795693458,2.0584796483096772,-0.053478609076075836
1,1.5954122044442272,-0.9942378623906843,0.2899957338622967
0,-2.0269081237282682,2.2636028493224005,0.6068437173986382
1,-6.0172754495182375,0.14619373651168016,1.8850461701030214
0,1.6016771925272317,1.9877604616594433,-0.055267454323279855
0,1.8881636953818,-0.8721540691078818,0.3555631009433007
0,1.0625317495811664,2.0540529439160475,0.1262990503992456
0,-2.147355495737127,-1.0271703772355911,0.616112725608336
0,0.7864104115867443,-0.8306855698492095,0.5539452607687942
1,-1.1225895472227638,2.283513217730163,0.37747431665403997
0,1.5903128350810238,-0.9506150877651827,0.3785701263307351
0,-0.4361342604258886,-0.742781822995534,0.7617049612903919
0,-1.997779099585371,2.1828694016382992,0.6998206349043391
0,-2.672167450891793,-0.9201700171079948,1.2044681369678607
0,1.8830643260185966,-0.8285312944823803,0.44413749341173914
1,1.2744507607297162,-0.9617160424150595,0.5480920040812549
0,-0.5800129253714088,-0.84259613950616,0.31593340345423054
1,1.9167254626479278,-0.824660378478847,0.43173955809441994
1,1.5903128350810238,-0.9506150877651827,0.3785701263307351
0,0.1794623658903643,-0.7509238858615269,0.31330452891578586
0,-1.4465356161825886,-0.7306821647883948,1.1168425604553858
1,1.2588008381509168,-1.032947022426017,0.41397508703548863
1,-1.1813812722129333,-0.8276682638821237,0.433721386342956
0,-0.9961146699455045,-1.1804870993011756,-1.6758451545659816
0,1.4893294251930307,-0.9622278357757824,0.4157639322826927
0,-0.9120921791782849,-0.7967009358538577,0.33453790380440246
0,-0.6074090739177352,2.135531268540434,-0.016931849414026777
1,0.9253333027725377,-1.6336488170638033,-4.3219134855396275
0,-3.240678408679902,1.7455643561915841,-1.26453317794279
1,-0.5701804451001804,2.3955827499790985,0.5378074464879488
0,0.9895117451162685,-1.063914350454283,0.5131585695740423
1,1.7699828756738871,2.007115041677109,-0.11725713090987587
1,2.6153457659292965,-1.005447653751384,0.38717098663547217
0,0.6916608848154923,-1.1423753691115837,0.5361655949614768
0,0.7578486443206165,-0.8781792604782444,0.4777688036176749
0,-0.6976965527679594,-1.2302532189570112,-1.6820517195988343
0,-1.2312320396709953,-1.1561523167279217,-1.193810203506872
0,-1.2985543129296573,-1.1638941487349883,-1.1690143328722336
0,-0.8323410992852834,-1.2457368829711442,-1.6324599783295575
0,-0.6473351986300708,-0.8503379715132265,0.34072927408886894
1,1.7312223696813527,2.0468669002990776,-0.01628480312411828
0,-0.3580148865977876,2.3315626967492946,0.28627104964715683
0,-1.4128744795532575,-0.7268112487848616,1.1044446251380666
1,-1.3904168276478392,-1.1859565022814413,-1.7210191760496096
1,0.034785712771971594,2.0453772500331677,-0.001510134947721225
1,-0.15261688791651162,-0.7050286822092247,0.3319090292659578
0,-0.2681645168920078,2.0105390060013684,0.11007128290815159
1,-2.276683906931126,-0.5254027701585852,1.3013032257427382
0,-2.0800332224784652,-1.0194285452285246,0.5913168549736977
0,-0.6227949571705509,-0.83601744997384,0.9175299879008835
0,-1.3639072198926028,-0.7929504637384349,1.1734841045273237
1,0.5049532135299727,-1.153092865630092,-1.4874250385206949
0,1.989147105269793,-0.8605413210972822,0.3183692949913431
1,2.84707088270282,2.8346220959040123,-0.41247828284871074
0,-3.7234685723920715,-1.1621259424037311,-1.3632375075977845
0,-0.4841288848466188,-0.7873606168700586,0.3673139899707114
0,2.5644872194800454,1.8815632890406737,-0.11044511585234279
0,-0.14125253047030378,2.2333468672154013,-0.1019285513880572
1,1.4995281639194373,-1.049473385026786,0.23861514734581582
1,1.561751067814896,-0.9981087783942176,0.3023936691796159
0,1.3253193638336633,1.621730391253059,-2.185212146081207
0,-1.6152649606025367,-1.5682099448436462,-4.248172919925621
1,-1.219063934648872,-0.8647123489753052,0.9467435783211706
1,1.1343550303599992,-1.1356762356911532,0.2864180433678886
0,1.6963956143322205,-0.9826251143800847,0.25280192791033906
0,-2.6105118038731034,-0.7405782721622904,1.251446198447079
0,-1.0889284105934327,2.2873841337336964,0.3650763813367208
1,1.561751067814896,-0.9981087783942176,0.3023936691796159
0,1.6810975062426106,-0.8517567905035797,0.5185251053156544
0,1.6740988351490973,1.9518795190410079,-0.16863771742635666
1,1.8545025587524688,-0.8760249851114151,0.36796103626061993
1,-1.206375547290837,-0.6189813890760273,0.9246821604111318
1,-4.168790149265952,-0.755943782516452,1.3408758149551443
0,-2.4532397119950335,-1.2691179365235135,-0.9174963392583952
1,-0.9166242916647191,-0.8813052995414924,0.4399127566274226
0,-1.070021215201492,-0.927320947081905,1.272652392317491
1,0.08323763016249251,-1.6021945788389977,-4.02876556296123
1,1.921824832011131,-0.8682831531043487,0.3431651656259815
0,0.46566441025981253,-1.1284901920741832,0.4290018968912525
0,1.3592169911621408,-0.8931071361022807,0.3599808207289494
1,1.8545025587524688,-0.8760249851114151,0.36796103626061993
1,-0.5256966446493142,1.3445967446427625,-4.614940863169096
1,-2.055469890994396,2.2161091586933654,0.530667260247519
1,2.0564693785284547,-0.8527994890902157,0.29357342435670475
1,0.3264877512560541,-1.228578219775951,0.5839684909835495
0,1.33741740429038,-1.2255286929170304,-1.5866237158076346
0,-1.4323720218465166,-0.605096212038627,0.8175184623409076
0,0.575830457448347,-0.7809287671425228,0.5926605755402028
0,-1.9081600471435858,-0.7438933997757271,1.0964644096063962
1,1.2129715964994623,-1.3282579061821667,-1.7141807594752347
1,-0.5548823370105707,2.2647144261025933,0.2720842690826336
1,-1.3079262140555992,-0.5023669987734907,0.9450755060085078
1,0.22882490622614948,-0.9274400142716038,0.7295343251487634
0,-1.7612565874472499,-1.1003094400071707,-1.6014423479136801
1,1.724957381598348,-0.9351314237510497,0.32897838506145827
1,1.012974143019193,-0.9727978851997461,0.6779094191935999
0,1.5965778231640284,2.0313832362849444,0.03330693814515852
0,-1.0640042000809355,-1.0600017929951056,-1.6678497442859248
1,-1.2979732282054437,-1.431805630021457,-3.605804839032602
0,-1.1191583683174744,-0.7763036572495555,0.49749990817675604
1,1.5903128350810238,-0.9506150877651827,0.3785701263307351
0,-0.5687666002765813,-1.0792798608084444,0.6025881860821076
0,1.539454288631773,1.936395855026875,-0.11904597615707989
0,1.787180285493807,-0.8837668171184816,0.39275690689525833
0,1.6290733410735583,-0.9903669463871512,0.2775977985449775
1,-0.6696319778131941,2.084166661907866,-0.08071037124782686
1,0.1347507751727377,1.9430261102537483,0.19091760152428627
0,1.7077599717784284,1.9557504350445412,-0.18103565274367592
1,-0.5707788069432127,-0.7582654870096669,0.8112967025596687
0,-1.0017112316200703,2.1300618655601684,-0.062105870897654916
1,1.989147105269793,-0.8605413210972822,0.3183692949913431
0,-0.941618566742623,-0.6726184247353961,0.9308735306955983
0,-2.369217221227814,-0.8853317730761958,1.0928867191119882
0,-0.15913522951837322,2.0773965935972183,0.09174931373411889
0,-1.0496707122895361,-1.019293915124114,-1.2610608376489252
0,1.4995281639194373,-1.049473385026786,0.23861514734581582
0,-2.6562940709837,-1.118407286378238,1.3027060120290188
0,0.08984331344857907,2.1758389155524993,-0.08333924578627154
0,0.5564490814213991,-1.0296318948125804,0.5689568758761718
0,1.8932630647450033,-0.9157768437333835,0.2669887084748623
1,-0.9839465649233812,-0.889047131548559,0.46470862726206097
1,1.5280899311855651,-1.001979694397751,0.31479160449693505
1,1.8545025587524688,-0.8760249851114151,0.36796103626061993
1,1.6290733410735583,-0.9903669463871512,0.2775977985449775
1,-1.5351900483261636,2.0245044348781347,0.04768670171101384
0,0.48459469567630287,-1.1219780905072814,0.6991275993338304
1,2.0627343666114593,2.1291988349599116,-0.05168976382887182
0,2.0564693785284547,-0.8527994890902157,0.29357342435670475
0,-1.6891853337059688,-1.1753594496510433,1.1539155934728023
0,1.7312223696813527,2.0468669002990776,-0.01628480312411828
1,-0.21993916117517381,-0.7127705142162911,0.35670489990059623
0,0.7875449253402822,-1.0871398464754822,0.5875461814779576
1,-1.8107441294438167,-0.9884612172002586,0.492133372435144
1,-0.3798266891355077,0.6923105884089654,0.10915488755974094
0,1.787180285493807,-0.8837668171184816,0.39275690689525833
0,0.7298541339312576,-1.0539000894204158,0.41839280682113733
1,1.6290733410735583,-0.9903669463871512,0.2775977985449775
0,0.5570163382981682,-1.1578590331257166,0.5857573362307535
0,2.4349420423259245,1.8224568504010394,-0.1494277670515044
0,-1.500515319799913,-1.3876621806489184,-3.8953782795951613
0,-2.1386886341857,-0.8146125864259615,1.094675564359192
1,1.803644012303218,2.010985957680642,-0.12965506622719503
0,1.3761779102829144,-1.2652805515389987,-1.6875960435933923
0,-3.177254393787086,-0.8933556822822174,0.684324161976171
1,-1.7239809840888378,-0.9227760890283038,1.1327126080809584
0,-0.28726143443383584,-0.7205123462233576,0.3815007705352346
0,1.8881636953818,-0.8721540691078818,0.3555631009433007
1,-0.9400866895676436,-0.972421764796029,0.2751619070078649
1,-0.3209225710631669,-0.7243832622268908,0.3938987058525538
1,1.162916797626127,-1.0881825450621183,0.3625945005190078
1,-0.061549418363276334,1.7479507012939108,0.19353128131434472
0,2.090130515157786,-0.8489285730866825,0.2811754890393855
0,-0.1254740928890421,2.0812675096007514,0.07935137841679969
1,1.921824832011131,-0.8682831531043487,0.3431651656259815
1,0.2585982211206231,-1.1080929134698811,0.5919639012636062
1,1.4220071519343687,-0.9699696677828489,0.4405598029173311
1,-0.5721729014204463,-1.2043199494070247,-1.1424448117387773
1,0.7538837887109512,-1.0910107624790155,0.5999441167952767
0,0.29387606708021324,2.1635901273124367,0.07645516745060203
0,-0.47186421226456443,-0.9100804503823238,0.4243472301746232
1,1.4893294251930307,-0.9622278357757824,0.4157639322826927
1,1.6963956143322205,-0.9826251143800847,0.25280192791033906
0,-0.6136740620007397,-0.8464670555096933,0.32833133877154974
0,-0.24793367156453266,-0.8884913431584623,0.29732890310405863
1,-1.7913032573474998,-0.9305179210353702,1.1575084787155965
0,0.06116351383107099,-1.046714045803446,0.5609766603445013
1,-0.15607115684635064,-0.8664289896120092,0.8493337462814348
0,-3.9834534824331174,2.029936433987202,0.7732746256006772
0,-0.2672533054607502,-0.7907961883716057,1.063676337170269
1,0.39324276763794724,-1.0926092494557482,0.5423721599943294
0,1.7648835063106838,2.0507378163026106,-0.028682738441437476
0,0.5437837840879135,1.9458543276706455,-0.046432014751982456
0,0.49539179624574176,1.9446245972304808,0.24848955832523364
0,-0.5298880619326666,2.056027551296497,-0.2188765049855421
0,1.0054082150489108,1.9590655626579778,-0.026053863902992795
0,-2.021241497488296,2.0917529363837626,0.5350697852847814
1,0.8987270739546819,-1.162772647715886,0.373203590589123
1,-0.5415931145819565,-1.678383168469498,-4.075728429692061
1,2.4654340223339712,-0.14633352955947904,0.15773658629581527
1,-0.9963853005831802,1.1621767822801607,-4.424569308372046
1,1.1578174282629237,-1.0445597704366167,0.45116889298744633
0,-0.3758026433190257,2.1294545114755183,0.396906860025634
1,1.787180285493807,-0.8837668171184816,0.39275690689525833
0,-1.7297965857072086,0.4247638985993633,0.6128939323472372
0,1.0231728817455996,-1.0600434344507497,0.500760634256723
1,-1.0410700994556368,-0.9840345128066287,0.3123557129598225
0,-2.726139139567403,-1.5162918400491203,-3.4605921109707936
0,1.4220071519343687,-0.9699696677828489,0.4405598029173311
0,0.0011245761426404652,2.041506334029634,0.010887800369598
0,-0.20755832232680843,-1.205908512144848,0.6769606032376366
0,-1.2464600831951984,2.113415059071289,0.6138783254529131
0,2.470533391697175,-0.18995630418498072,0.0691621938273768
1,-1.7005185861859133,-0.8316596237737672,1.2974634577005157
1,-2.101889479547168,-1.1721917691321513,-0.9768387380795928
0,-1.1155908761292503,-0.5201230918144243,1.064637139396051
1,0.9717470784195795,1.9551946466544445,-0.0136559285856736
0,-2.117117523071372,2.0973756066670592,0.8308497908801923
1,-0.7763131189074228,-1.0376715484659977,0.318547083244289
0,-1.2970955333137673,-0.8366398263293547,0.7534388300548107
0,1.3597842480389097,-1.0213342744154172,0.37678128108353104
1,1.4271065212975718,-1.013592442408351,0.3519854104488927
1,-0.8064067633485299,-0.7853618990343997,0.8980822497809031
0,-0.9268230303911257,-0.7940597502904891,0.6170615415642994
1,1.7699828756738871,2.007115041677109,-0.11725713090987587
1,0.7125866595459313,-1.3017172825475305,-1.6335865825384668
0,-0.6613883975587668,-1.5297680685012083,-3.8970581359357332
0,-0.8772965287954159,-1.0492842964765974,0.3557408891962466
1,1.6963956143322205,-0.9826251143800847,0.25280192791033906
0,-2.644342833957762,-0.6595711132870474,0.5577311290129205
0,-1.2710003246547186,2.0990945375319026,0.037077611640898636
0,-1.3190592542378128,-0.8350034375320168,0.8060695452214601
0,-1.046736725695609,-0.8121845998679907,0.3841296450736792
0,-2.1359911382909194,1.9112051721890349,0.182275144954321
1,0.8981598170779129,-1.0345455094027496,0.35640313023454134
0,-1.0919848826228498,-1.3754069649106093,-4.180816707597414
0,1.6290733410735583,-0.9903669463871512,0.2775977985449775
0,0.871260860842949,-1.3233442915919973,-1.5016270138336043
0,1.6404376985197662,1.9480086030374746,-0.15623978210903744
0,1.3210237420463755,-0.9815824157934486,0.4777536088692887
0,-1.5128932691430403,-0.9100001985429579,0.4691263470477096
0,-1.6310740888509534,1.9692689122420335,-0.0036938848054669728
0,-0.7531741390887614,1.6791694647224038,-1.6440903224080388
1,1.6627344777028892,-0.9864960303836179,0.2651998632276583
0,1.606776561890435,1.9441376870339415,-0.14384184679171827
0,1.2129715964994623,-1.3282579061821667,-1.7141807594752347
0,0.6402350814894723,1.8728627119936105,0.021749032119079977
1,0.4121730530544376,-1.0860971478888461,0.8124978624369071
1,-1.2965849466339405,-0.7852086317313683,1.1486882338926854
0,0.5615484507846025,-1.073254669438082,0.4803824834077333
0,0.8135700694339243,-1.2901045345369309,-1.6707803884904244
0,-1.2572340937400879,2.26802955371603,0.42706605792331676
0,1.4995281639194373,-1.049473385026786,0.23861514734581582
1,1.2644985693571524,2.077278439937247,0.05191143849533046
1,1.494428794556234,-1.0058506104012843,0.32718953981425425
1,-0.7548062594527704,-1.464924943188413,-4.287995600416024
0,2.8201685501365135,-1.8382057126127602,-1.3924147746685769
0,-1.5219574941159089,-1.0792089259182271,0.6798760526937498
1,-0.28159480819386357,-0.8923622591619955,0.3097268384213778
0,0.8063590444904614,-0.7102095804922884,0.5944494207874068
1,1.955485968640462,-0.8644122371008154,0.33076723030866234
1,1.2873626054170446,-0.9854533317969819,0.49015154418660795
0,0.388710655151513,-1.1772136131433828,0.6477470128173495
1,1.9280898200941357,2.1137151709457784,-0.0020980225595950636
1,1.6963956143322205,-0.9826251143800847,0.25280192791033906
0,-1.752486081158023,-1.1499281125684615,0.6780872074465458
1,-2.4040128716106826,-0.6327484124534563,1.0716837337201441
1,0.7018907285081621,2.052454456939315,0.06872709359829828
0,1.7312223696813527,2.0468669002990776,-0.01628480312411828
0,1.1914785648922546,-1.0406888544330835,0.4387709576701271
1,1.955485968640462,-0.8644122371008154,0.33076723030866234
1,-0.9365191973794198,-0.7162411993608978,0.8422991382271597
0,1.820841422123138,-0.8798959011149484,0.38035897157793913
0,-3.718696501884903,1.9762993983278334,0.7794659958851436
1,-1.765805562753394,2.0608013528028923,0.47610050331940046
0,1.933189189457339,2.070092396320277,-0.09067241502803346
0,-0.9062245545167217,2.2286464516306297,0.6785872600157226
0,0.7920770378267165,-1.0025354827878477,0.48217132865493734
0,1.075197046914652,-0.9214332785671779,0.7416879410274
1,-0.45958864338709887,-0.7730400953306721,0.944114703782726
1,0.9940438576027026,-0.9793099867666479,0.40778371675102215
0,2.0564693785284547,-0.8527994890902157,0.29357342435670475
1,1.7077599717784284,1.9557504350445412,-0.18103565274367592
0,-0.600243770698884,2.0564342096536707,0.12867578325832352
1,1.2924619747802477,-1.0290761064224838,0.40157715171816943
0,1.4607676579269029,-1.0097215264048176,0.3395874751315735
0,0.2540661086341888,-1.1926972771575157,0.6973387540866264
0,1.6627344777028892,-0.9864960303836179,0.2651998632276583
0,0.8223716806894145,1.9423521682036802,0.3184594504435002
0,0.10811856682509438,-0.7918388869582417,0.8387246562113195
0,0.8885283352282753,-1.0755270984648826,0.5503523755259999
0,1.4893294251930307,-0.9622278357757824,0.4157639322826927
0,0.8257381744560476,-0.9986645667843141,0.46977339333761814
0,1.3304325610443113,1.4384232736542248,-4.727377505064596
0,1.7261230003181496,2.090489674924579,0.07228958934432013
0,0.7292868770544887,-0.9256729511072792,0.40159234646655567
1,0.8486333154822031,-0.7793209632166412,0.6177237826025942
0,-1.4883530276835206,-0.8956796770035711,1.0459270608597242
1,2.088162848317816,2.614722703946243,-0.3930489479556845
1,2.0564693785284547,-0.8527994890902157,0.29357342435670475
0,1.8881636953818,-0.8721540691078818,0.3555631009433007
1,-4.202451285895283,-0.7598146985199853,1.3532737502724637
1,-0.9435098535312192,2.148253303103088,0.5022969075970404
0,2.4470400827826415,-1.02480223376905,0.44916066322206816
0,2.5143623560413033,-1.0170604017619835,0.4243647925874297
0,1.933189189457339,2.070092396320277,-0.09067241502803346
1,-1.1185911114407054,-0.904530795562692,0.5143003685313378
0,0.9084738795943627,1.5990166885925825,-1.9784964623787296
0,-3.9754960879329735,1.994622068797299,-3.499083353008489
1,2.2249296509268484,0.3289142622236383,0.13783212904741293
1,1.5570344239524911,-0.008657235551721088,0.24605883708488685
0,-0.022277892211934876,-1.6984116905372324,-3.8861969041862507
1,-0.34438496896609144,-0.8154997274814273,0.22914785623299608
0,1.398544754031444,-1.0610861330373857,0.27580895329777344
1,1.8545025587524688,-0.8760249851114151,0.36796103626061993
0,0.748784419347748,-1.047387987853514,0.6885185092637152
0,0.0946019876087004,1.336180970585628,-4.462603143615244
1,2.0564693785284547,-0.8527994890902157,0.29357342435670475
1,1.9135612660765482,-1.1303596644510836,0.558953235830737
1,-3.2719728155920746,2.0770298937573104,0.37625477974255195
0,-0.6289721700903494,-0.7155987316331883,0.5940545161768651
0,1.6474363696132794,-0.855627706507113,0.5309230406329736
1,0.948795700675462,-1.5425323518092668,-4.15716263592007
1,0.21170453028103747,1.9917495313229476,-0.027827514401810576
0,-0.6329936958969573,-0.7487719007228366,1.09467877283776
1,-0.21993916117517381,-0.7127705142162911,0.35670489990059623
0,-1.812276006618796,-0.6886578771396257,1.1478449961228767
1,0.05722976318766908,2.022529827497685,0.3928622570958017
1,1.1139575529071861,-0.9611851371891463,0.6407156132416424
0,-2.4599938774476864,-0.9233318774184004,1.3000923322389604
0,-2.183115766418206,-0.6030108148653549,1.2674218242588065
0,-2.143788003548903,-0.7709898118004598,1.1832499568276305
1,-3.443229762451476,-1.5711937197917134,-3.370247276482105
1,0.21536696479609205,2.2017721851024854,0.45626766207378555
0,1.2245724446448167,-0.9085908001164137,0.40957256199822617
0,-0.7768803757841917,-0.9094444101528613,0.3017466228897073
0,-1.9698156941622758,-0.9234851447214315,1.0494863481271781
0,-1.342744314992439,1.4529041975989871,-4.369863173040524
0,-2.006566882993417,-1.1892716440756443,-3.743010170544536
0,-0.27941270807190505,-1.2982547078395492,0.8071313266952951
1,2.6826680391879587,-0.9977058217443172,0.3623751160008337
1,-0.18627802454584275,-0.7088995982127578,0.344306964583277
0,-1.2184735877475537,2.2282776950940617,0.3260937301375591
0,-1.0017112316200703,2.1300618655601684,-0.062105870897654916
0,-1.7657186353682777,1.9537852482279006,0.045897856463809825
0,-3.0520245631592773,-0.357979561613577,1.5528548173319165
1,-1.0889284105934327,2.2873841337336964,0.3650763813367208
0,-0.23450338026267675,2.0144099220049014,0.09767334759083236
0,-3.7142206261164312,-1.2174796328805702,-3.3214651750072965
0,-0.40544225414174895,2.1587567645616335,-0.09131946131794202
0,-3.8009195198117336,2.0560768267629115,0.3806724995282007
0,0.4611322977733783,-1.213094555761818,0.5343767497142726
0,-2.3394429627370905,2.833535136823885,0.9304345271280552
0,1.1135070755625824,-2.4488457677352624,-3.6921998400675715
0,-1.575482431493677,2.364059633560736,0.8043706531845047
1,1.9046274221912112,2.0225987056912422,-0.1668488721791527
0,-1.3797805998006956,-0.5947131944681918,1.0752462294661658
1,-0.47999413578162603,-0.6594071897480638,0.951251681544588
1,1.933189189457339,2.070092396320277,-0.09067241502803346
1,2.645104062926834,2.811396599882813,-0.3380906709447956
1,2.0767984908716084,-0.32365284547838286,0.0407886326983304
1,-0.5701804451001804,2.3955827499790985,0.5378074464879488
1,1.0054082150489108,1.9590655626579778,-0.026053863902992795
0,1.6912962449690172,-0.939002339754583,0.34137632037877746
0,-1.2165742860172435,-0.5317358398250239,1.1018309453480082
1,1.921824832011131,-0.8682831531043487,0.3431651656259815
1,-0.7711826445779562,2.2007810522104028,-0.06031702565045084
0,0.7457506038638997,1.9690798236918448,-0.12081962665589772
0,-0.2179797239049167,1.2603611374916959,-4.157072480467912
1,1.820841422123138,-0.8798959011149484,0.38035897157793913
1,0.8136401339993308,1.848594517385775,-0.12881503693595436
1,1.7198580122351448,-0.8915086491255481,0.4175527775298967
0,-0.76194852614976,2.2851117047068956,0.43504627345498725
1,1.0054082150489108,1.9590655626579778,-0.026053863902992795
1,-1.3445875859963854,-0.8906456185252916,0.40713667046111357
0,-1.637138078512367,2.184467888615032,0.7573925917052864
1,2.8134097460734893,2.830751179900479,-0.4000803475313916
1,1.921824832011131,-0.8682831531043487,0.3431651656259815
0,0.3008721862498129,0.2378679563767176,0.3834941421058664
1,1.7922796548570101,-0.9273895917439833,0.30418251442681987
0,-4.16992466301949,-0.4994895058901793,1.307274894245981
1,-0.7095581025255295,-0.9017025781457948,0.27695075225506893
1,1.0161041460866795,-1.3951061768288677,-1.728367540039758
0,-0.19081013703227706,-0.7935039619003925,0.4496818174062971
0,2.022808241899124,-0.8566704050937489,0.3059713596740239
1,-3.805668314554128,-1.7530682991281317,3.214826655883728
1,-1.6421505224690365,1.4613486578009343,-4.185788768956003
0,1.2467027976942,1.8143120617440724,-0.18461334323808395
0,1.5954122044442272,-0.9942378623906843,0.2899957338622967
1,1.606776561890435,1.9441376870339415,-0.14384184679171827
1,-1.164917545403522,2.0670845109170006,-0.08869058677949736
1,0.7640825274373576,-1.1782563117300189,0.4227953318583998
1,-0.44622009421597386,1.783462887375778,-0.04559198546074185
0,1.4035448472733794,-1.1448006298785807,0.8334966580589634
0,0.5785231977528206,-1.5851124278481323,-4.020785347429558
0,-0.6981937450793217,2.036672971278831,-0.15688682839894605
1,0.652900378822958,-1.1026235104896152,0.6371379227472344
1,-2.802279884922683,-0.8510493174344933,1.1486850254141174
1,1.6861968756058139,-0.8953795651290813,0.4299507128472159
0,-0.9613358823823461,1.8126446965737828,0.3175258292359231
1,-1.770818004731481,1.9974080228534021,0.13447224893224824
0,0.9323882105840129,-1.1589017317123527,0.3608056552718038
1,-0.1304865348671283,2.0178741796512614,-0.2622768759703524
0,1.724957381598348,-0.9351314237510497,0.32897838506145827
0,-0.3438177120893225,-0.9437268657945637,0.24594831658757774
0,-1.436336877456182,-0.8179277140393981,0.9396937755185094
1,1.6576351083396859,-0.9428732557581162,0.3537742556960967
0,-1.334778195749706,-0.8736839114225363,1.2664610220330246
0,-1.232807075538953,2.1875698172230704,-0.08069517649944062
1,1.5343549192685697,1.9800186296523765,-0.030471583688641495
0,-1.593868550057948,-0.9918967887018055,1.1884957196347015
1,-1.475521044722009,-1.5963490554550148,-4.386339053663336
0,1.7922796548570101,-0.9273895917439833,0.30418251442681987
0,-0.9873697288869566,2.231627936350558,0.6918436278512363
0,1.6474363696132794,-0.855627706507113,0.5309230406329736
1,0.26936421672379857,-1.3235656010340207,0.43161557668131095
1,1.787180285493807,-0.8837668171184816,0.39275690689525833
0,0.7875449253402822,-1.0871398464754822,0.5875461814779576
0,-2.1635312987184134,-1.4914678570511881,-3.4774077660737617
0,-0.781979745147395,-0.8658216355273595,0.3903210153581457
1,-1.6288948782342325,1.5788524793870762,-4.191049726511461
1,1.5028469497425554,0.41858507224163843,0.01764985088680305
0,-1.3347551057251565,2.347533270959967,0.6290107134948318
1,2.0005114627160006,2.0778342283273434,-0.11546828566267185
0,-0.8634991929145222,2.4017260950094323,0.4554396190523632
0,2.3562554116210546,-1.123660531030653,0.30920568423714895
0,1.933189189457339,2.070092396320277,-0.09067241502803346
0,-1.8837330289424508,-0.824353136268687,0.5887031751836392
0,1.6861968756058139,-0.8953795651290813,0.4299507128472159
0,1.1863791955290515,-0.9970660798075817,0.5273453501385655
1,1.623973971710355,-0.9467441717616495,0.3661721910134159
0,-1.866261523141851,-1.1450953571074187,-1.0636242853008273
0,1.1235890347568236,-0.9202035481270133,0.4467663679501839
1,0.7920770378267165,-1.0025354827878477,0.48217132865493734
1,-2.6848247332835644,2.116174398294629,0.9362398384515982
1,0.8865727967800032,-1.5938969584418348,-4.22094115775387
0,-0.2615635891962288,2.2585710810722595,0.3544520965182194
0,-0.652434567993274,-0.8067151968877249,0.42930366655730734
1,0.7570276196258823,-1.6530033970814695,-4.259923808953031
1,-0.4538989271225774,2.2763271741131934,0.23489046313067602
0,-1.7270281939411498,-1.2246656623167738,-1.5970398228764178
0,-1.0343079190612698,-1.2689623789923434,-1.5580723664256424
0,-2.234564659768776,-0.8089899161426645,1.3904555699546028
0,1.438400814178373,-1.2139159449064305,-1.6238175217595923
1,-0.43853613389431106,2.026658710244964,-0.062121065646041154
0,-1.4866201520869502,2.001714283358922,0.8060387254971676
1,1.7077599717784284,1.9557504350445412,-0.18103565274367592
0,2.5981483561093763,1.885434205044207,-0.12284305116966199
0,1.8259407914863413,-0.92351867574045,0.29178457910950073
0,-0.31811185191000124,2.096214754420452,0.5660602346824541
0,1.7077599717784284,1.9557504350445412,-0.18103565274367592
1,1.736321739044556,2.003244125673576,-0.10485919559255667
0,-0.8500919381345279,1.6336877711642508,-4.612865443004224
0,2.0341725993453315,2.0817051443308765,-0.127866220979991
0,-0.08305115238145298,2.251538304758321,0.4624742271066382
1,1.012406886142424,-0.8445707468866098,0.6611089588390183
0,-1.326224557456664,-0.7559063786452533,0.6604619125491098
0,0.03569692420322905,-0.7559579443398066,0.9520949193143965
0,0.7468288808994757,-1.5657578478304663,-4.082775024016155
0,-1.2373391880253874,2.1029654535354356,0.02467967632357943
0,-0.9966118622568669,2.086439090934667,-0.15068026336609333
0,-0.8934723317767024,-1.5135817762921944,-3.7377796024858503
0,-2.1518876082235616,-1.1117747409232257,0.7214875784313561
0,-2.8410403909152175,-0.8112974588125248,1.2496573531998751
0,2.6439075331954243,-0.9579539631223488,0.4633474437865914
1,-1.0130755890662781,-0.8083136838644575,0.3717317097563601
0,1.0533513583419862,2.25526238095707,0.07382629291215735
1,-0.11107591995898616,2.003175247480019,0.45485193368239774
0,-1.7438192196065958,-0.9373703217588318,1.1566500461974019
1,0.8228227712998722,2.1845431943068356,0.07203744766495333
1,2.283833768999189,-1.087779588412218,0.42257594734022574
0,-0.8048437812072872,2.1969101362068693,-0.0479190903331317
1,1.9617509567234668,2.117586086949312,-0.014495957876914262
1,1.8513383621810895,-1.1817242710836517,0.4951747139969369
1,1.235338440247992,-1.1240634876805535,0.249224237415931
0,-1.3109264493670543,-0.8867747025217583,0.39473873514379443
1,1.1456493232408005,-1.335999738189233,-1.6893848888405962
0,-3.9324202354141273,1.4786005281463246,-4.429603684950831
1,2.1014948726039937,2.089446976337943,-0.15266209161462946
0,-0.882963155035388,-0.8774343835379592,0.4275148213101033
0,-0.03865427733712081,1.9672943048615836,0.3414816705793208
1,-0.5789350818148133,-0.9193920832213099,0.7279832676466874
0,-0.40813975003652975,-0.5670609940533626,0.8210809580869295
0,1.4887621683162617,-0.8340006974626462,0.398963471928111
0,1.5852134657178205,-0.9069923131396811,0.4671445187991735
1,-0.05508774695835751,-0.8548162416014096,0.8121399403294772
1,-0.44180088666586076,-0.5709319100568958,0.8334788934042486
1,0.8342227938159957,-0.8483365278865935,0.4582826777110341
0,-3.1954164239052165,2.16910237826087,0.8468222082133517
1,1.6639000964226907,2.039125068292011,0.008511067510520115
0,1.7312223696813527,2.0468669002990776,-0.01628480312411828
0,1.1761804568026448,-0.9098205305565783,0.7044941350754425
1,-1.436904134332951,-0.6897005757262618,0.9228933151639278
1,0.25412747078862624,2.162020326480517,0.35529533428802784
0,-2.6363760752444505,1.937745795823671,0.262869321891089
0,1.494428794556234,-1.0058506104012843,0.32718953981425425
1,1.9280898200941357,2.1137151709457784,-0.0020980225595950636
1,-2.19011443751172,2.2006254946792323,0.5802590015167958
1,1.798544642940015,2.054608732306144,-0.04108067375875664
0,-0.849302018406057,-0.8735634675344259,0.41511688599278407
0,-1.0211089450234083,-0.971800224495079,-1.184884380497806
0,-0.882963155035388,-0.8774343835379592,0.4275148213101033
1,0.9117438058010644,-0.9278402451305303,0.25633802213951884
0,-1.0535574883920809,1.9674318277172191,0.7502404191950381
0,-1.7029851447929922,2.056581049458455,0.504925782135485
1,1.7934452735768116,2.0982315069316457,0.04749371870968176
0,1.7586185182276792,-0.9312605077475165,0.3165804497441391
1,-3.96342573075707,-0.39165964618134513,1.127512429519046
0,-1.558141426070281,-1.4732225635855762,-4.095820005623383
1,1.0568340183749305,-1.0561725184472164,0.4883626989394038
1,1.724957381598348,-0.9351314237510497,0.32897838506145827
0,-2.782384979207982,-1.0161134176150879,0.7462986438143807
1,1.432205890660775,-1.0572152170338525,0.26341101798045424
1,0.19082672333657213,2.187451663563099,-0.12053305173822912
0,1.083615202100973,0.5030024040757447,0.4321482520999488
1,0.4177235130280984,-0.8875288964111924,0.47750146718992187
1,0.86056492980518,2.030827447894848,0.2006866623031608
1,0.5495691285181106,0.5256721117068476,0.5251403643540358
1,-0.19934068530076998,2.3099356877048276,0.41823061835201936
0,0.21961505227638708,1.310683045537628,-4.318245639593062
1,0.35403303712002393,2.2504290182062667,-0.0939483358563867
1,2.4349420423259245,1.8224568504010394,-0.1494277670515044
0,-1.8179426328587682,-0.5168079642009876,1.2196189282367336
0,-2.5176279986597687,-1.0697504532744568,0.7524900140988473
0,-1.36901460419752,-0.8101858820323317,0.914897904883871
1,1.7261230003181496,2.090489674924579,0.07228958934432013
1,1.4607676579269029,-1.0097215264048176,0.3395874751315735
0,-0.48356162796984986,-0.9155877551831951,0.384114450325293
1,-0.6284615834105232,-0.6641675370352019,0.9893039200147403
1,1.4670326460099075,1.9722767976453102,-0.0056757130540031
0,0.5901102180507303,-1.0257609788090472,0.5565589405588527
0,0.6345684552495001,2.0447126249322483,0.09352296423293667
0,-2.2416103054031464,2.0771645238617205,-1.4761229128800708
1,1.3304325610443113,1.4384232736542248,-4.727377505064596
1,1.4271065212975718,-1.013592442408351,0.3519854104488927
1,1.1139575529071861,-0.9611851371891463,0.6407156132416424
1,0.7570276196258823,-1.6530033970814695,-4.259923808953031
0,1.26390020751412,-1.0765697970515187,0.32540069456705023
0,2.0678337359746624,2.08557606033441,-0.14026415629731023
1,-1.301692330938858,-0.8024440500252652,0.8901020342492326
1,0.7445159662110046,-1.0239907688633467,0.7303775629185719
1,2.678765199556165,2.815267515886346,-0.3504886062621148
0,-0.8523354539136125,-0.865414977170186,0.7378733036020114
1,-1.6085763112462395,2.2319615792440666,0.8335690488564057
0,1.027482331380332,1.4035850296224257,-4.615796087208723
0,-2.4461143081177537,-1.7734394279211252,-3.668370214719345
0,-1.2178983159290706,2.1609087497003236,0.6900547826040323
0,-0.2451821426181835,0.7077942524230983,0.05956314629046415
0,-1.8650675977040843,-1.4517093266538696,4.078623359360603
0,0.19754093594496563,1.86616357857318,0.271496583712668
1,0.6003089567771367,-1.1130065280600503,0.3794101556219757
1,1.724957381598348,-0.9351314237510497,0.32897838506145827
1,0.9095241745241207,1.9038300400218764,-0.0774344504194736
0,-2.430274506403472,2.088924718966865,0.7724194015610503
0,1.6963956143322205,-0.9826251143800847,0.25280192791033906
1,-1.709250132875997,-0.9254172745916724,0.8501889703210617
0,-1.9294922060284985,2.019035031897869,0.0025126802273857172
0,-1.6515026712700298,-1.1383153645578619,0.6408934014945883
1,0.8916721661432065,-1.6375197330673363,-4.309515550222309
0,-3.120384627072796,-1.7014195759405089,-3.884215075937715
1,0.37386363767236086,-0.8041542631637222,0.6670481874441181
0,-3.369987095134876,-0.8322505258069236,1.254075072985524
0,0.6897053463672201,-1.660745229088536,-4.235127938318393
0,1.5343549192685697,1.9800186296523765,-0.030471583688641495
0,-0.46559922418155986,2.071917873667804,0.07908404198904671
1,0.7589831580741544,-1.134633537104517,0.5113697243268384
0,-0.6583376849323928,1.8838431594097862,-2.0565133034563114
0,0.5523680595454226,-0.8720452323970593,0.4279097259206451
1,1.87096628556188,2.0187277896877087,-0.15445093686183342
1,-1.4518048790011193,-0.6021813152841169,0.4993039481723464
1,1.1572501713861547,-0.9163326321234802,0.4343684326328646
1,1.6525357389764828,-0.8992504811326145,0.4423486481645351
1,-0.3871670007652335,-0.8089210379491073,0.830744440679649
1,0.07445743019576326,-0.795709802961775,0.8511225915286388
1,1.8607675468354736,2.1059733389387123,0.022697848075043388
1,1.9503865992772589,-0.8207894624753137,0.4193416227771007
1,0.995209476322504,2.046311111908981,0.151094921033884
0,-0.3523402454161012,2.220570976730055,0.5616577096451917
0,-3.0277091026015936,-0.9653912787102291,1.0583217876984756
1,1.2245724446448167,-0.9085908001164137,0.40957256199822617
0,-2.0999281281931657,-0.8543644450479299,0.9937032365734348
1,0.3298853499889506,-0.8875195794620434,0.44499271745136604
0,1.2395795247730652,2.0432027185064614,-4.765819705834136
0,-2.5711840410038,-0.9085572690973952,1.167274331015903
0,0.9323882105840129,-1.1589017317123527,0.3608056552718038
0,-1.6144439359078024,-0.7933858082404212,0.48951969264508555
1,0.2540661086341888,-1.1926972771575157,0.6973387540866264
1,-0.3249440968697748,-0.7575564313165392,0.8945229625134491
1,1.3546848786757064,-0.9777114997899153,0.4653556735519695
0,-0.25195519737114047,-0.9216645122481106,0.797953159764954
1,1.921824832011131,-0.8682831531043487,0.3431651656259815
0,-3.4737228694079385,2.6146784434527515,1.174815542980031
1,1.5965778231640284,2.0313832362849444,0.03330693814515852
0,1.0231728817455996,-1.0600434344507497,0.500760634256723
1,-1.3954461324456362,1.996365324266766,-0.09047943202670136
1,1.8838649850568825,-0.9213990784538456,0.4491758579704544
1,1.7648835063106838,2.0507378163026106,-0.028682738441437476
0,1.933189189457339,2.070092396320277,-0.09067241502803346
0,-7.072085727394864,-0.9637728097016554,-0.5304554961411242
1,0.5329866835184747,-1.1207483600671169,0.4042060262566141
1,-0.07962798841787735,-0.8691367631407961,0.23533922651746256
1,1.364883617402113,-1.064957049040919,0.2882068886150927
1,-0.3580379766223368,-0.8896544856332087,0.9237213581853501
1,1.2251397015215857,-1.0368179384295504,0.42637302235280783
0,0.5570163382981682,-1.1578590331257166,0.5857573362307535
0,1.6576351083396859,-0.9428732557581162,0.3537742556960967
1,1.2924619747802477,-1.0290761064224838,0.40157715171816943
0,0.08972528109719884,-0.9992203551744108,0.6371531174956205
1,-1.5873011408803324,1.9929103835695552,0.23696204179592756
0,-0.0780131451726875,-1.1468020735052136,0.7159432544367982
1,1.6525357389764828,-0.8992504811326145,0.4423486481645351
0,1.6627344777028892,-0.9864960303836179,0.2651998632276583
1,0.7298541339312576,-1.0539000894204158,0.41839280682113733
0,0.04481781937304023,-0.7664075498756598,0.3628962701850627
0,1.4271065212975718,-1.013592442408351,0.3519854104488927
1,-1.676889502654963,1.534273685512551,-4.585440697831141
0,-2.706963101274662,-0.6675866564852554,1.1832651515760166
0,-0.7670478955129633,2.328734479332397,0.5236206659234256
0,-0.3203553141863979,-0.8526104005400271,0.4106991662071354
1,-3.8171664806610224,-0.2778019023195722,1.6272576239842178
0,-0.8007090321422943,2.324863563328864,0.5360186012407447
0,-0.9467179361058262,-0.6289956501098944,1.0194479231640365
1,-0.4024731237965575,-0.7389109069920007,0.7493070259730726
0,2.6153457659292965,-1.005447653751384,0.38717098663547217
1,0.08440324888229381,1.4234265198366314,-4.2854543586783675
0,1.6912962449690172,-0.939002339754583,0.34137632037877746
1,1.561751067814896,-0.9981087783942176,0.3023936691796159
1,-1.5334094647860783,0.512823202984209,0.1800776057015882
0,-1.4056448711720426,2.0836108735177694,0.08666935291017543
1,1.067032757101337,-1.1434180676982197,0.311213914002527
1,0.28857587208777924,-1.2453339263212435,-1.5724785315083394
1,-1.2015357586513296,-1.3651129027251596,-1.0840328256465894
0,-1.671567470440058,-0.888373189498491,0.33716677834284714
1,-0.42592750675776786,-0.7691691793271389,0.9317167684654067
1,2.31869143535993,2.6854418905964774,-0.39126010270848044
0,1.6861968756058139,-0.8953795651290813,0.4299507128472159
0,0.8257381744560476,-0.9986645667843141,0.46977339333761814
0,-0.6883843548326427,2.053634678381586,0.7024375231729654
0,-0.6136740620007397,-0.8464670555096933,0.32833133877154974
0,-0.1930501339656694,1.170474402677324,-4.616744903164687
0,-0.9599735803406302,-0.746499471696036,1.0247088807194937
0,2.090130515157786,-0.8489285730866825,0.2811754890393855
0,-3.1592418561640114,-0.0695152583724024,1.6450220950431491
1,1.753519148864476,-0.8876377331220149,0.40515484221257747
0,-0.9282113119626288,-1.4406567485805777,-4.137431531360989
0,1.4995281639194373,-1.049473385026786,0.23861514734581582
0,0.34181696431192726,1.922628831649446,0.027955597151932694
1,1.6740988351490973,1.9518795190410079,-0.16863771742635666
1,1.4271065212975718,-1.013592442408351,0.3519854104488927
1,0.20400260734988424,-0.7366033643221404,0.8901052427278004
0,-2.243806793138686,-0.954178761558556,0.5479316787372734
0,1.1640824163459282,1.937438553613511,0.10590570480186966
0,0.09851017500000622,2.3883967063621285,0.3952235929645851
0,0.9038575482841484,2.075679952960514,-0.005660518305616862
1,1.803644012303218,2.010985957680642,-0.12965506622719503
0,-0.30542346455196634,2.3419457143197295,0.5439988167724152
1,1.4500016623237273,-0.7942488388406777,0.49993579971386864
0,0.734730840442759,1.2815012363396232,-4.681363454289727
0,2.1014948726039937,2.089446976337943,-0.15266209161462946
0,0.48621140500656196,2.145834034271503,0.19601680083814532
1,0.9742136370266588,-0.9330460265777777,0.7788817469793575
0,-0.36668174814921467,2.119004905939665,-0.19229178910369962
0,1.8545025587524688,-0.8760249851114151,0.36796103626061993
0,0.9380859417902485,1.9513237306509112,-0.001257993268354401
0,1.955485968640462,-0.8644122371008154,0.33076723030866234
1,-1.172147153784737,-0.7433376113856306,0.9290846854483943
1,-0.8715987975891802,2.0609411658866668,-0.006322759343911653
1,1.6975612330520218,2.042995984295544,-0.003886867806799082
0,-1.0803978623249402,-0.8160555158715239,0.39652758039099845
0,-3.0842573653153655,-1.127747605362037,1.26992992586271
0,1.8545025587524688,-0.8760249851114151,0.36796103626061993
0,-0.6273039796324359,2.3005953687210288,0.38545453218571046
1,1.9820100045012135,-0.49196632136156077,-1.8092461010897585
1,1.2251397015215857,-1.0368179384295504,0.42637302235280783
0,0.6192392421936269,-1.1064944264931484,0.6495358580645535
1,1.7198580122351448,-0.8915086491255481,0.4175527775298967
0,1.3883460153050375,-0.9738405837863822,0.45295773823465035
1,0.10704072326849903,-0.7150429432430917,0.4266747920188627
1,-0.8874952675218224,-0.9620387472255939,0.5328896741331234
0,-1.6628359237499744,-0.7946155386805857,0.7844412657223018
1,-0.5788473066516074,2.183024959169469,0.05924460773709238
0,1.7077599717784284,1.9557504350445412,-0.18103565274367592
1,1.787180285493807,-0.8837668171184816,0.39275690689525833
0,-3.209533145736494,2.689268546106519,1.1642064529099159
1,0.25349885175741976,-1.0644701388443796,0.6805382937320447
1,1.4995281639194373,-1.049473385026786,0.23861514734581582
1,-1.5688511849554945,2.0206335188746016,0.06008463702833304
1,1.623973971710355,-0.9467441717616495,0.3661721910134159
0,-1.3692430799549522,1.7693807542459399,-1.2955324051317132
1,2.3848171788871824,-1.0761668404016183,0.38538214138826815
0,-0.2912829602404438,-0.7536855153130059,0.88212502719613
1,2.7797486094441584,2.8268802638969457,-0.3876824122140724
0,-0.36053479241759057,1.9259439592628826,0.18293738599261578
0,-2.5038617677451382,-0.9008154370903287,1.1424784603812648
0,-1.0216061373347707,2.295125965740763,0.3402805107020823
0,1.5178911924591585,-0.9147341451467476,0.49194038943381196
1,-1.9030606777803825,-0.7875161744012288,1.0078900171379581
0,0.466262772102845,2.025358044914582,0.1555126408195327
1,-0.45695539915199435,-1.3864639245311123,-4.311002625803458
0,0.9129094245208657,2.097780853545099,-0.0003507735776192226
0,-0.8875519377187648,-0.7823804143144711,0.911338617616417
1,0.23336503365429787,-0.7819774576645707,0.971320064437635
1,-0.006607983952979708,2.248830531229534,-0.151520292657334
0,-1.5893364375715135,-0.9072924250141708,1.0831208668116814
1,-0.3209225710631669,-0.7243832622268908,0.3938987058525538
0,-0.8414619944550946,-1.2352872774352905,-1.0432613292002237
0,1.7077599717784284,1.9557504350445412,-0.18103565274367592
0,-0.24223594035829699,2.2217341192048012,-0.06473474543609962
0,0.7298541339312576,-1.0539000894204158,0.41839280682113733
0,-0.8537237354851155,-1.5120119754602745,-4.0166197693232775
1,0.16897916867883783,1.8186698879441452,0.19532012656154873
0,-2.44806226312471,1.886816533693089,0.8830552119395274
0,-1.0838521312547789,-0.9774558232743086,0.9139522974064754
1,1.505793152002442,1.9325249390233417,-0.10664804083976069
1,0.057198658221405796,-1.2595455478042168,0.6831519735221031
1,1.820841422123138,-0.8798959011149484,0.38035897157793913
1,1.5229905618223618,-0.9583569197722491,0.4033659969653735
0,1.5464529597252863,-0.8672404545177126,0.5681168465849312
0,0.7875449253402822,-1.0871398464754822,0.5875461814779576
0,-1.131339461563464,-1.8769153984840354,-3.002555136507848
0,1.4102918369784503,2.8231181846042355,-0.30293785191940886
1,-0.8475151097579184,0.8942983297946313,0.8498632132215045
1,1.623973971710355,-0.9467441717616495,0.3661721910134159
0,0.7855893868920101,-1.6055097064524344,-4.183747351801912
1,0.2962242133596194,-0.8913904954655767,0.4573906527686852
0,-1.6331963129272513,-0.8239177917667008,1.2726675870658775
1,1.3261231114095786,-1.0252051904189505,0.38917921640085024
1,-1.6494933541086365,-1.4438537225340426,-4.252575444962884
1,1.505793152002442,1.9325249390233417,-0.10664804083976069
0,-1.0477013459938194,-0.6406083981204941,1.0566417291159942
0,-2.825167011007124,-1.0095347280827678,1.3478952282610333
0,-2.545145069062713,-1.2512063001321763,-3.5446432054674286
1,-0.47546202329519177,-0.5748028260604291,0.8458768287215679
1,0.652900378822958,-1.1026235104896152,0.6371379227472344
0,-1.0518360950588124,-0.7685618252424891,0.47270403754211765
1,1.787180285493807,-0.8837668171184816,0.39275690689525833
0,-0.31072383233676043,-0.8116288114778941,0.2167499209156769
0,-1.8177990372552917,-1.4632083025517089,-4.1905857683762875
1,2.022808241899124,-0.8566704050937489,0.3059713596740239
0,0.45546567153340617,-1.04124464282318,0.6061506818281295
1,-0.7670478955129633,2.328734479332397,0.5236206659234256
0,1.8944286834648045,2.1098442549422454,0.010299912757724189
1,1.724957381598348,-0.9351314237510497,0.32897838506145827
0,1.3221893607661768,2.04403868288218,0.22106481315215049
0,1.6924618636888185,2.086618758921046,0.08468752466163927
1,0.9267215843440407,-0.9870518187737145,0.4325795873856606
0,-1.949920788447575,-1.0885492449020264,0.647099966527441
0,0.8177234019366691,2.228165968932337,0.1606118401333918
1,0.5044560212186102,2.11383332460575,0.03773985267919343
0,0.5901102180507303,-1.0257609788090472,0.5565589405588527
1,-0.4983491493796332,-0.7332882367087037,1.0450870315684835
0,-0.849302018406057,-0.8735634675344259,0.41511688599278407
0,-1.676450073843139,-0.2838763691563489,1.1499143221448493
0,-1.7901376386276984,2.095103177640259,0.9008196829984587
1,2.126853289744944,-0.563728206598431,-2.035986627295912
0,0.4263366473905093,-0.9605111951390783,0.5131737643224286
1,1.4893294251930307,-0.9622278357757824,0.4157639322826927
0,-2.742769292510554,1.2463628804333344,-3.953805688421346
1,1.6963956143322205,-0.9826251143800847,0.25280192791033906
0,-0.9222909179046913,-0.7094553866028545,0.5116866887412793
0,0.5906774749274992,-1.1539881171221833,0.5733594009134343
0,-0.9707475908855198,-0.5918849770512946,0.8378966131898974
1,0.8885283352282753,-1.0755270984648826,0.5503523755259999
0,-1.7310099123705247,1.8082179921801529,0.49730348871124463
1,-1.0889284105934327,2.2873841337336964,0.3650763813367208
0,-2.4074104703435792,-0.9738070527673636,1.2106595072523272
0,1.6627344777028892,-0.9864960303836179,0.2651998632276583
1,1.0161179739341242,-1.5347905198022003,-4.181958506554708
0,0.7635152705605888,-1.0500291734168827,0.40599487150381813
1,1.989147105269793,-0.8605413210972822,0.3183692949913431
0,1.7648835063106838,2.0507378163026106,-0.028682738441437476
0,1.798544642940015,2.054608732306144,-0.04108067375875664
1,-1.1899118204814259,2.275771385723097,0.40227018728867836
1,0.15648029747909203,-0.8632513848542079,0.5955567865064005
0,-0.4340040214078767,2.111263073932599,-0.16749591846906123
0,0.2779108520616191,2.8525672774951345,-0.41491417438582334
0,0.14092842157151714,-1.6354343358940644,-3.8596121883044083
1,-0.6308714718206597,2.0444148032858975,-0.1816826990335845
0,-1.3143576282723437,2.1730421724579605,0.2747131436210783
1,2.2564685314644715,2.6340772839639093,-0.45503862454228045
0,-2.2950627030093784,1.976181244667862,0.7396281206463552
0,-2.024297969517712,-1.5710381622605434,-4.010823303649353
1,0.4611322977733783,-1.213094555761818,0.5343767497142726
0,1.6290733410735583,-0.9903669463871512,0.2775977985449775
0,-2.5515684683377433,1.4850610640186732,-3.867844975742966
1,2.475632761060378,-0.23357907881048237,-0.019412198641061553
1,1.803644012303218,2.010985957680642,-0.12965506622719503
0,-2.3162284357605514,-0.918297818940121,0.6613019418403504
0,1.195788014526987,1.422939609640092,-4.6777857637953195
0,-0.7682135142327646,-0.6968866193432316,0.7803094616405638
0,-1.046736725695609,-0.8121845998679907,0.3841296450736792
0,-0.275897076987628,2.217863203201268,-0.0523368101187804
0,0.39324276763794724,-1.0926092494557482,0.5423721599943294
0,-0.0067260163043599865,-0.9262287394973758,0.5689720706245581
1,-0.9063944479720493,2.313524526509406,-0.027525744735755774
0,1.6963956143322205,-0.9826251143800847,0.25280192791033906
0,-2.3584432106829247,-1.0399462677209372,1.2796989866415844
1,-0.4488529049720978,-1.061155011230943,0.8355200825727277
1,1.4607676579269029,-1.0097215264048176,0.3395874751315735
0,1.2149409627951793,-0.9495723891785467,0.6035218072896847
1,1.8881636953818,-0.8721540691078818,0.3555631009433007
0,1.9167254626479278,-0.824660378478847,0.43173955809441994
1,-1.0711637438967438,-0.7317248633750308,0.8918908794964366
0,-3.0379078413280003,-0.878145729459226,1.2354705726353519
0,-1.970619441738191,1.7234504369505779,-1.5249050143548795
1,0.9938211947510008,1.3997141136188924,-4.603398151891404
0,0.10704072326849903,-0.7150429432430917,0.4266747920188627
0,0.5080570935792272,-1.030861625252745,0.863878448953388
1,0.5329866835184747,-1.1207483600671169,0.4042060262566141
0,1.5852134657178205,-0.9069923131396811,0.4671445187991735
1,1.3261231114095786,-1.0252051904189505,0.38917921640085024
0,1.3883460153050375,-0.9738405837863822,0.45295773823465035
1,-0.5465744515937796,1.5402988768829136,-4.707646400505515
0,-0.03763592984989375,2.0812581926516027,0.1118601281553556
1,-0.6742821226510088,-1.1754969725066788,0.7451568448570853
0,-2.588971797725038,-1.1106654543711716,1.2779101413943805
1,0.9652455996374286,1.4919047659631899,-2.2259836425275727
0,1.5280899311855651,-1.001979694397751,0.31479160449693505
1,-0.9822783744654675,2.127146968805658,0.2561086432709063
1,-1.3194569976355468,2.216664947083462,0.3632875360895168
1,1.5280899311855651,-1.001979694397751,0.31479160449693505
0,-1.0526571197535466,-1.543385961845714,-4.264988575028589
0,-3.206780781351424,-0.7692731711637558,1.2806597888673663
1,1.6912962449690172,-0.939002339754583,0.34137632037877746
0,0.5723455513540412,1.9933480182996803,0.029744442399136716
0,-1.8922635772109435,2.2790865133365332,0.5572519761293614
1,1.921824832011131,-0.8682831531043487,0.3431651656259815
1,-1.104824880526075,-0.735595779378564,0.9042888148137559
0,-1.3316343648347748,-1.4356765460249903,-3.5934069037152834
1,-0.47696358162776764,-0.8664576757568221,0.5129216226430616
0,1.7820809161306037,-0.84014404249298,0.48133129936369673
0,-0.6219422964755316,0.06223995271964587,-4.4699782456758745
1,1.3934453846682409,-1.0174633584118842,0.3643833457662119
1,-1.1627383347868012,1.676668078062043,-4.2760464284854915
1,-1.2164306904137674,-1.4781361781757456,-4.308373751265013
0,0.23921909115503673,-0.8196379271778552,0.7166399287133949
1,-0.960884791771888,2.054835722676938,0.07110382645737616
0,0.08576042548753364,-1.212051857175182,0.7593284306732222
0,-1.6554930921103743,2.1105868416543916,0.8512279417291819
1,-1.1827695537844363,-1.4742652621722123,-4.320771686582333
0,1.989147105269793,-0.8605413210972822,0.3183692949913431
1,0.011156682743709102,-0.7702784658791931,0.3752942055023819
1,-2.1615757602701415,-0.9730979970742359,1.2938857672061077
0,1.7922796548570101,-0.9273895917439833,0.30418251442681987
0,0.3911280235200578,1.9977307276639364,0.14967457888037977
1,-0.1112231911915604,-0.9084819634055912,0.4819191869755705
0,1.787180285493807,-0.8837668171184816,0.39275690689525833
1,-1.3225272975124085,-1.3064418085875114,-1.7290145863296664
0,-4.044768002748327,-1.4713877692889008,-3.958572298344859
0,-0.8292141311900627,1.4379856389240997,-4.520159905667805
0,-3.455074035090227,2.179116639294737,0.7520564454604468
0,0.41531688396936867,-1.6480897824913001,-4.047370063311401
1,0.5601601692130993,-1.7198516677281706,-4.274110589517555
0,1.1222007531853204,-1.5668005464171024,-4.307726704975105
0,-1.6458049400637942,1.971910097805402,0.2788297529544299
1,2.268566571921188,-0.2131818002061801,0.14354980573129206
1,1.4607676579269029,-1.0097215264048176,0.3395874751315735
0,1.4607676579269029,-1.0097215264048176,0.3395874751315735
0,-0.23507063713944576,2.142637060318038,0.08087288723625073
1,0.7361191220142622,1.928098234629712,0.07312961863556074
1,1.2588008381509168,-1.032947022426017,0.41397508703548863
0,1.5954122044442272,-0.9942378623906843,0.2899957338622967
0,0.12568655019986907,1.773817382878479,0.4016673071703266
0,-2.539484255728471,-1.2225136771780833,-0.8156655789544429
0,1.7922796548570101,-0.9273895917439833,0.30418251442681987
0,-0.8971603295438532,2.3978551790058993,0.46783755436968244
0,-1.5465544057723715,-0.9138711145464911,0.48152428236502887
1,-1.0130755890662781,-0.8083136838644575,0.3717317097563601
1,0.977229173283581,2.8574006402459378,-0.24713954561727938
0,0.012234526300304456,-0.8470744095943431,0.7873440696948388
1,-0.27091573997580526,-1.0008188421511437,0.5795811606946732
0,-2.4319993670583275,-0.7476110484762292,1.3594683290354979
0,-2.3932388610657935,-0.7873629070981977,1.2584960012497404
0,1.803644012303218,2.010985957680642,-0.12965506622719503
0,1.5108925213656452,1.88890216439784,-0.19522243330819913
1,1.933189189457339,2.070092396320277,-0.09067241502803346
0,0.32082112501608195,-1.056728306837313,0.6557424230974063
1,1.7648835063106838,2.0507378163026106,-0.028682738441437476
1,1.7699828756738871,2.007115041677109,-0.11725713090987587
0,-1.6744233775268644,2.1040747400874897,0.5811022392866042
1,-1.7729482437494926,-0.8566368740747305,1.0636731286917014
0,1.1686145288323626,2.0220429173011456,0.000530851978849645
1,1.6525357389764828,-0.8992504811326145,0.4423486481645351
0,-1.1460439301839742,2.253254945395025,0.5598840591463738
1,2.736452614633847,-1.6020012674962452,0.6967584206429847
0,0.8930604477147097,-0.9909227347772478,0.44497752270297986
0,1.9617509567234668,2.117586086949312,-0.014495957876914262
0,-1.8237987752570297,2.0912322616367254,0.9132176183157776
1,-0.867066685102746,2.145545529574301,-0.11169761216693172
0,1.9046274221912112,2.0225987056912422,-0.1668488721791527
1,2.0564693785284547,-0.8527994890902157,0.29357342435670475
0,-0.5879682018214185,2.193474564705322,0.648443256866426
0,-1.0477013459938194,-0.6406083981204941,1.0566417291159942
1,-0.9343889583614081,2.1378036975672345,-0.08690174153229334
0,-0.7967672665571782,-0.683522117052868,1.0512935966013361
0,1.6404376985197662,1.9480086030374746,-0.15623978210903744
1,1.9668503260866697,2.0739633123238104,-0.10307035034535265
1,1.5903128350810238,-0.9506150877651827,0.3785701263307351
0,-1.4501597785677551,-0.8072043973124032,0.9281542727193849
0,2.4196748452479233,2.697054638607077,-0.428453908660438
0,-0.21993916117517381,-0.7127705142162911,0.35670489990059623
0,1.1914785648922546,-1.0406888544330835,0.4387709576701271
0,1.6251395904301562,2.0788769269139795,0.1094833952962777
1,-1.6713664720184673,2.308824110924635,0.752990066668024
1,1.4995281639194373,-1.049473385026786,0.23861514734581582
0,-2.3805504737077583,-0.5416319471989197,1.2364345833397015
0,2.875632649968948,2.8821157865330473,-0.3363018256975916
0,2.0564693785284547,-0.8527994890902157,0.29357342435670475
1,2.6153457659292965,-1.005447653751384,0.38717098663547217
1,0.7966091503131507,-0.9179311191002127,0.3767964758319173
0,1.753519148864476,-0.8876377331220149,0.40515484221257747
1,-1.3005267122190565,2.223177048650364,0.6334132385320944
0,-2.4701695261495438,2.3851308542151064,0.8397908086376447
0,0.9044248051609175,1.947452814647378,0.011139942048964796
0,1.9635315402635516,0.605904855055386,0.11789494611366012
0,1.8995280528280079,2.066221480316744,-0.07827447971071426
1,1.4271065212975718,-1.013592442408351,0.3519854104488927
0,0.5386844147247102,1.989477102296147,0.04214237771645589
1,1.7922796548570101,-0.9273895917439833,0.30418251442681987
1,1.561751067814896,-0.9981087783942176,0.3023936691796159
1,1.3934453846682409,-1.0174633584118842,0.3643833457662119
0,0.1239536746032989,-1.123576577484014,0.641555642532883
1,-0.23203720163189046,2.134488569953798,-0.24188353037297647
1,-0.7711826445779562,2.2007810522104028,-0.06031702565045084
0,-4.404985362548039,-0.6548130562280482,1.4108609018217972
1,1.820841422123138,-0.8798959011149484,0.38035897157793913
0,-0.6952165997924162,-0.8001365073554048,1.0309002510039602
1,1.252330464335029,1.7858384721846303,-2.088642343332712
1,1.921824832011131,-0.8682831531043487,0.3431651656259815
0,-5.997492101446988,-0.5458223442726068,1.4958879932926001
0,-1.0032431087950495,2.429865205620801,0.5936057527900783
1,1.241036171454228,1.9861619746827106,-0.11283941112422717
1,1.1349533922030315,2.018172001297612,0.012928787296168814
1,-0.7711826445779562,2.2007810522104028,-0.06031702565045084
0,-0.734487692464777,-0.8118158433314226,0.7366231749518428
0,-1.093460523079867,2.2027797700460616,0.4704512341597409
0,1.556651698451693,-0.954486003768716,0.39096806164805425
1,1.4995281639194373,-1.049473385026786,0.23861514734581582
1,1.7077599717784284,1.9557504350445412,-0.18103565274367592
0,-3.7421508848461134,1.946041125992695,0.9618757383774772
0,1.6963956143322205,-0.9826251143800847,0.25280192791033906
0,-2.8200676416439205,-1.0531575027082696,1.2593208357925947
1,0.7584159011973854,-1.006406398791381,0.4945692639722566
1,1.7586185182276792,-0.9312605077475165,0.3165804497441391
1,-1.0666685647730998,-0.2638619902040181,-3.4581174552370513
0,1.4607676579269029,-1.0097215264048176,0.3395874751315735
1,0.49014515564996386,-0.9234098390296276,0.3641312040868451
1,1.4887621683162617,-0.8340006974626462,0.398963471928111
0,2.5664174322219644,-0.13472078154887934,0.12054278034385767
1,0.8114584138536645,-0.7538323551177901,0.5058750283189682
0,1.487176258089714,0.5953348056314223,0.3800404330245673
0,1.787180285493807,-0.8837668171184816,0.39275690689525833
0,-1.5609973331570874,1.5192253660004045,-3.851884544679626
0,0.8455871512622035,2.0900390215380322,0.02444509705701909
0,2.229806065928654,-0.1734299415842117,0.24452213351704977
1,0.28772724526351984,-1.1888263611539824,0.6849408187693071
0,2.07796410959141,2.701968253197246,-0.21590016301880774
1,1.7648835063106838,2.0507378163026106,-0.028682738441437476
1,1.4271065212975718,-1.013592442408351,0.3519854104488927
1,1.1349533922030315,2.018172001297612,0.012928787296168814
1,1.1572501713861547,-0.9163326321234802,0.4343684326328646
0,1.9668503260866697,2.0739633123238104,-0.10307035034535265
1,1.933189189457339,2.070092396320277,-0.09067241502803346
1,-0.76194852614976,2.2851117047068956,0.43504627345498725
0,0.10704072326849903,-0.7150429432430917,0.4266747920188627
0,0.01832198596256045,-0.8493755247659565,0.5209018381747321
0,0.8701964116548174,2.071809036956981,0.006737417011702335
0,-1.5140277828965782,-0.653545921916685,0.4355254263385463
0,1.2854070669687723,-1.5038231917739344,-4.281141989093262
0,1.1578174282629237,-1.0445597704366167,0.45116889298744633
1,1.702660602415225,1.9993732096700425,-0.09246126027523748
0,-1.0278064402791187,-0.8056724983010888,0.654255347516257
1,2.0564693785284547,-0.8527994890902157,0.29357342435670475
0,1.6290733410735583,-0.9903669463871512,0.2775977985449775
0,-1.485863379051892,-0.5627031678532899,1.2010144278865618
0,-1.4693996522424808,2.332049606945834,0.6786024547641087
0,1.2028429223384625,1.8976866949915425,0.004933377016112107
1,0.1794623658903643,-0.7509238858615269,0.31330452891578586
0,-1.2281050695971911,2.187296106031929,0.5200429754290176
1,1.7077599717784284,1.9557504350445412,-0.18103565274367592
0,-1.6908304341393332,-0.970336367622757,0.7250652689257642
1,-0.2748192334310326,2.1410672594861184,0.3597130540736765
0,2.5867839986631687,-1.0529413443804188,0.31099452948435297
0,0.35913240648322725,2.206806243580765,-0.1825227283248251
0,1.6975612330520218,2.042995984295544,-0.003886867806799082
1,2.499095158963302,-0.1424626135559458,0.14533865097849608
1,1.5280899311855651,-1.001979694397751,0.31479160449693505
0,-3.302664821876214,-0.8245086937998571,1.2292792023508854
0,0.4611322977733783,-1.213094555761818,0.5343767497142726
1,1.6627344777028892,-0.9864960303836179,0.2651998632276583
1,1.5903128350810238,-0.9506150877651827,0.3785701263307351
0,-1.2046426716942666,2.278412571286465,0.6847938250485752
0,-0.900727821732077,2.141674613570768,-0.09929967684961252
0,-2.483966862030438,-1.0658795372709235,0.740092078781528
0,-0.46412075587353324,-0.8576444590183068,1.049489556605746
0,1.5464529597252863,-0.8672404545177126,0.5681168465849312
0,-0.6038415817295114,2.3917118339755654,0.550205381805268
1,0.8416346443886896,2.024315346327946,-0.06943904013941686
1,-0.017874074383509176,2.738631974576572,-0.15772512385760032
1,0.686561515452289,-1.098752594486082,0.6247399874299151
1,0.49539179624574176,1.9446245972304808,0.24848955832523364
0,-0.5656714226382953,-0.7410300687157702,1.0698829022031218
1,0.9267215843440407,-0.9870518187737145,0.4325795873856606
0,0.7218393614118791,2.172930446296236,0.10923125361691093
0,1.4619332766467044,2.0158995722708117,0.08289867941443525
0,0.11987265272732243,-0.9659899150684931,0.5005084925773562
0,0.5973935536209615,2.0702012330310997,-0.018325790050689066
0,-0.40544225414174895,2.1587567645616335,-0.09131946131794202
0,1.921824832011131,-0.8682831531043487,0.3431651656259815
1,1.4099091114776519,1.8772894163872402,-0.1580286273562415
0,-1.5818581228251927,0.6912518054551671,0.8534481222620979
1,0.7406512345006965,2.0127025983173463,-0.032245234187459275
1,-0.617725844995522,-0.9522824529354724,0.880709298804742
0,-0.5320102860089643,-0.737159152712237,1.0574849668858026
1,1.3877787584282686,-0.8456134454732458,0.43615727788006864
0,-1.1291901690559916,0.6204088900883208,0.36483762401689945
1,1.955485968640462,-0.8644122371008154,0.33076723030866234
1,-1.9742297762759127,1.5072438614532366,-4.167184268605832
0,1.668999465785894,1.9955022936665094,-0.08006332495791828
0,1.8881636953818,-0.8721540691078818,0.3555631009433007
1,1.6861968756058139,-0.8953795651290813,0.4299507128472159
0,-0.17893519290624277,2.1963027821222196,0.4110936405901573
0,-3.1300727791193754,-1.562742832091519,-3.3118168871629634
0,-1.118080524760879,-0.8530996009647055,0.909549772369213
0,-3.138891251215993,-0.8897584774698256,1.2726643785873095
1,1.6963956143322205,-0.9826251143800847,0.25280192791033906
0,1.046635279648524,-0.9689269691962129,0.6655114838762808
0,1.8658669161986767,2.0623505643132103,-0.06587654439339506
0,-0.6501911057168773,2.142109958072754,0.5846647350326261
1,0.25096222858493417,-1.3149285175348628,-1.6539647333874565
0,-1.6458616102607369,2.151568430716525,0.6572786964377234
1,-1.2572571837646374,-0.9531876286664731,1.0645163664615098
1,1.561751067814896,-0.9981087783942176,0.3023936691796159
0,-0.585112294734612,-0.7989733648806584,0.40450779592266894
1,-1.4609337891126446,-0.6525899026676619,0.7413420051897884
0,0.7977747690329521,2.107689979575416,0.12010768011477911
0,0.8783295965018689,-0.9882815492138791,0.7275011604628768
1,-1.4546918910541895,-0.8918087610000379,1.033529125542405
0,2.022808241899124,-0.8566704050937489,0.3059713596740239
0,2.4654340223339712,-0.14633352955947904,0.15773658629581527
0,1.0231728817455996,-1.0600434344507497,0.500760634256723
1,-0.791100640317206,-0.8553720299915061,0.9795196644874795
0,1.8545025587524688,-0.8760249851114151,0.36796103626061993
1,1.668999465785894,1.9955022936665094,-0.08006332495791828
0,-0.18463292411247845,-0.9139226802410443,0.7731572891303156
0,1.3495855093125033,-0.9340887251644137,0.553930066020408
0,2.6490069025586274,-1.0015767377478506,0.3747730513181529
0,-0.9548175407804845,-0.9697805792326604,0.5576855447677618
0,1.7312223696813527,2.0468669002990776,-0.01628480312411828
0,-0.833405548473415,2.1494164455778346,-0.12409554748425092
0,0.8936277045914787,-1.1191498730903842,0.46177798305756146
1,0.0922451869170015,-0.5936016176879987,0.7404867811501615
0,0.21536696479609205,2.2017721851024854,0.45626766207378555
0,-3.124152385061438,-0.8315414701137959,1.3373013329393042
1,-0.5085559030477537,-0.7069008803770986,0.8750752243934687
0,1.7484197795012726,-0.8440149584965132,0.493729234681016
0,-1.213876790122463,2.1940819187899723,0.18943052594313708
0,0.4678483764668406,2.011094794391465,-0.05730844124985074
0,1.310825003319969,-0.8943368665424453,0.6549023938061656
0,1.5903128350810238,-0.9506150877651827,0.3785701263307351
0,-1.8015100110156204,-0.9041305647037654,0.9874966715405822
0,-0.8442026490428538,-0.9171862421599277,0.3265424935243457
1,2.707326966822293,2.862761206515381,-0.2743121491109956
0,1.7123961113387574,1.1870650406071261,-4.286611971741477
1,-0.551451158105281,-0.7951024488771251,0.3921098606053497
0,-1.7136944701992252,2.092395404111472,0.2868251632344867
1,0.7441361405950024,-0.7615741871248566,0.5306708989536066
0,0.9717470784195795,1.9551946466544445,-0.0136559285856736
1,-0.6450917363536741,2.0984871834472525,0.4960903425641877
1,1.6963956143322205,-0.9826251143800847,0.25280192791033906
0,2.0564693785284547,-0.8527994890902157,0.29357342435670475
0,-0.46412075587353324,-0.8576444590183068,1.049489556605746
0,1.989147105269793,-0.8605413210972822,0.3183692949913431
1,1.5292555499053664,2.023641404277878,0.05810280877979694
1,-1.4119098592550472,-0.8983874505323581,0.43193254109575197
0,-0.275897076987628,2.217863203201268,-0.0523368101187804
1,1.5903128350810238,-0.9506150877651827,0.3785701263307351
0,-3.1704221488273125,1.9604155034547739,0.35586143414517624
0,-1.9698156941622758,-0.9234851447214315,1.0494863481271781
1,0.687012606062747,-0.8565615683829264,0.3783179846513683
0,2.3595741974441724,0.34439792623777143,0.0882403877781361
1,1.6241285609620935,0.21561499953453842,0.27242057229072014
1,2.022808241899124,-0.8566704050937489,0.3059713596740239
1,0.14177970345442553,-0.7879679709547085,0.8263267208940004
0,1.955485968640462,-0.8644122371008154,0.33076723030866234
1,2.4023233615247395,2.181254460781811,0.7775236050075358
0,0.02866799592154128,1.9750361368686502,0.3166857999446824
0,-1.2241633040120752,-0.8210895743498036,1.035317970789609
1,0.9717470784195795,1.9551946466544445,-0.0136559285856736
0,-3.783505344031691,-0.273930986316039,1.6148596886668987
0,0.8564839079292031,2.1884141103103687,0.05963951234763416
1,0.09494268281178228,2.1322161409269973,-0.17191363825470993
1,-0.7432192391548607,-0.905573494149328,0.28934868757238813
1,1.0562667614981616,-0.9279453801340799,0.4715622385848222
0,-2.24833890562512,-1.0387831252461908,0.6533065315602937
0,0.6967602541786956,-1.1859981437370852,0.4475912024930382
0,1.6576351083396859,-0.9428732557581162,0.3537742556960967
0,0.4678483764668406,2.011094794391465,-0.05730844124985074
1,0.4947934344027093,-1.2092236397582847,0.5219788143969535
0,-0.9981668294563956,-0.8349747513872039,1.1424816688598327
1,1.820841422123138,-0.8798959011149484,0.38035897157793913
0,1.9503865992772589,-0.8207894624753137,0.4193416227771007
1,1.798544642940015,2.054608732306144,-0.04108067375875664
1,-0.6553685545872012,-1.0138245121438483,-1.2158868161652971
1,2.6674008421099575,-0.12310803353827958,0.08334897439190002
0,0.21575669325211225,-0.9107543924323919,0.551889079093837
0,-2.1182264715942303,-1.1079038249196926,0.709089643114037
0,-0.47336288924344333,-1.0028333044341984,0.20696566538841615
0,1.8944286834648045,2.1098442549422454,0.010299912757724189
0,1.0619333877381338,-1.099795293072718,0.3997883064709654
1,2.64305068729326,2.164728098181042,0.602163665317863
1,1.1337877734832302,-1.007449097378017,0.26961758301330696
1,1.7922796548570101,-0.9273895917439833,0.30418251442681987
1,1.623973971710355,-0.9467441717616495,0.3661721910134159
1,1.4658670272901062,-1.0533443010303192,0.25101308266313505
1,1.5515523290884896,-0.9108632291432143,0.4795424541164927
0,1.724957381598348,-0.9351314237510497,0.32897838506145827
0,0.2300364538544953,-1.155586604098916,0.515787444112487
0,1.2582335812741479,-0.9047198841128804,0.397174626680907
0,-0.9052599342185113,2.0570702498831333,0.0060751759734075155
0,1.803644012303218,2.010985957680642,-0.12965506622719503
0,1.0003088456857074,2.0026883372834794,0.06252052856544556
1,0.7977436640666886,-1.1743853957264856,0.4103973965410806
0,-0.3249440968697748,-0.7575564313165392,0.8945229625134491
1,1.6188746023471516,-0.9031213971361478,0.45474658348185437
0,-2.1269269133180506,2.080413899564304,-0.02847456069171913
1,3.789035877594345,0.35098274715379185,1.0141035783528083
1,1.7484197795012726,-0.8440149584965132,0.493729234681016
0,-0.975279703371954,-0.6764893407389294,0.9432714660129174
1,0.2376637439792151,-0.7327324483186071,0.8777073074104812
0,-2.6740587376803893,1.9007017107304893,0.7758915138693034
0,-0.655888836923113,-0.9681155042905095,0.9467283835727843
0,-1.0455711069758078,2.2134364988076385,0.1274408493565411
1,0.09074362858442568,-0.8852564673843918,0.4075315750716553
1,1.7955984406801282,0.540668865524441,0.08321721796780703
0,-1.0569354644220157,-0.7249390506169874,0.5612784300105561
0,0.19082672333657213,2.187451663563099,-0.12053305173822912
1,1.933189189457339,2.070092396320277,-0.09067241502803346
0,1.1241562916335925,-1.04843068644015,0.4635668283047655
1,-0.9229369876912387,0.5457715686647988,0.41289670545986845
1,-1.2475379267517939,2.1902110027864388,0.20182846126045623
1,2.6502034322900374,2.7677738252573114,-0.42666506341323396
1,1.921824832011131,-0.8682831531043487,0.3431651656259815
1,-0.25195519737114047,-0.9216645122481106,0.797953159764954
0,-2.017562447656621,2.8748854824225862,1.08897881171476
1,1.955485968640462,-0.8644122371008154,0.33076723030866234
1,1.6180708547712361,1.7438141845358615,-2.119644779000203
0,-0.8058084015054975,2.3684863379543657,0.6245929937091832
0,-0.11614503213401504,2.1194402504416514,0.49167262277853907
0,1.4169077825711653,-0.9263468931573472,0.5291341953857696
0,1.6525357389764828,-0.8992504811326145,0.4423486481645351
0,-0.751252595111991,-1.0690600347799495,-1.2672674026817778
1,2.0005114627160006,2.0778342283273434,-0.11546828566267185
0,0.652900378822958,-1.1026235104896152,0.6371379227472344
0,1.3832466459418342,-0.9302178091608805,0.5415321307030888
1,1.6290733410735583,-0.9903669463871512,0.2775977985449775
0,-0.7186789976953407,-0.8912529726099413,0.8661494013844027
0,0.18326117534258257,2.1109957902397043,0.3075982186940181
1,-1.1700169147667254,2.110707285542502,-0.00011619431105896399
0,1.6963956143322205,-0.9826251143800847,0.25280192791033906
1,-0.5390089571024776,2.0664771568323506,0.3703221441437917
0,1.5954122044442272,-0.9942378623906843,0.2899957338622967
1,1.787180285493807,-0.8837668171184816,0.39275690689525833
0,-1.123179894124082,-0.8094768263392038,0.9981241648376514
0,0.5386844147247102,1.989477102296147,0.04214237771645589
1,0.2825117096340054,-0.7747854221121889,0.5102927481046169
1,-0.8111087692902916,-0.7850881878432581,0.29734409785244487
0,-0.5155465591995532,2.157593622086887,0.5350729937633493
1,-0.7746671706959696,1.966738516471487,0.5088613947373231
0,2.8509737223346137,-0.978351241726651,0.30038543941423773
1,0.7891616346705413,2.1806722783033026,0.08443538298227253
1,1.7312223696813527,2.0468669002990776,-0.01628480312411828
1,1.5001265257624696,2.1043748519619796,-0.03487410872590395
0,-2.476434514232548,-0.596867469835021,1.1850539968232205
0,1.787180285493807,-0.8837668171184816,0.39275690689525833
0,-1.6229975742008447,-0.9111633410177041,1.0955188021290008
1,-0.06316426160846621,2.025616011658328,-0.28707274660499077
0,-0.6957838566691852,-0.6719093690422684,1.0140997906493787
0,1.921824832011131,-0.8682831531043487,0.3431651656259815
0,-0.24115809680170158,2.1449381754896515,0.34731511875635723
0,1.297561344143451,-1.0726988810479854,0.31300275924973103
0,-2.966053455582904,-0.7857995337645248,1.1052998491776935
1,1.297561344143451,-1.0726988810479854,0.31300275924973103
1,2.090130515157786,-0.8489285730866825,0.2811754890393855
0,1.2936275935000492,1.9965449922531455,0.14488835600103128
0,-0.39872804153335606,1.8374686795717148,0.3007101741329552
0,-0.9322068582394494,1.7319112488896813,0.410502746741624
1,0.7629480136838197,-0.921802035103746,0.3891944111492365
0,-1.8713042223081116,-1.28113091539304,-1.3534988363156824
0,-0.9508526851708192,-0.7569490772318893,0.4355102315901601
0,1.4607676579269029,-1.0097215264048176,0.3395874751315735
0,-1.4147657663418536,2.094060479053623,0.6758680020395091
0,1.753519148864476,-0.8876377331220149,0.40515484221257747
0,1.933189189457339,2.070092396320277,-0.09067241502803346
0,-0.8447699059196228,-0.7889591038467912,0.30974203316976406
0,-1.9547722868843926,2.798022950742018,1.1695577939031419
0,-2.117117523071372,2.0973756066670592,0.8308497908801923
1,-3.6245373220149695,-0.8050008464791598,1.4178955098760722
1,0.017870895352102404,-1.0915665508691121,0.767323840953279
0,0.08576042548753364,-1.212051857175182,0.7593284306732222
1,-0.008738222970991428,-0.6052143656985984,0.7776805871021191
0,-2.7256119355923736,-0.23202485232724127,1.6060242490956014
1,1.87096628556188,2.0187277896877087,-0.15445093686183342
1,2.090130515157786,-0.8489285730866825,0.2811754890393855
1,1.3832466459418342,-0.9302178091608805,0.5415321307030888
0,-1.106716167314671,2.08527594845992,0.4757121917151981
0,-2.3926716041890246,-0.915590045411334,1.275296461604322
1,0.5813096524275526,-1.0869681235065145,0.7037928470367294
0,0.6916608848154923,-1.1423753691115837,0.5361655949614768
1,1.8545025587524688,-0.8760249851114151,0.36796103626061993
1,1.7922796548570101,-0.9273895917439833,0.30418251442681987
1,-1.2487035454715953,-0.8354100958891901,0.4585172569775945
0,0.5621157076613714,-1.2014818077512184,0.49718294376231503
0,-1.1214470185275118,2.087917134023289,0.7582358294750949
0,-1.1414551475005976,2.158200976171537,0.07606026284006025
0,-2.5849502719184305,-1.0774922852815232,0.7772858847334857
0,2.0678337359746624,2.08557606033441,-0.14026415629731023
0,-0.18463292411247845,-0.9139226802410443,0.7731572891303156
0,1.6861968756058139,-0.8953795651290813,0.4299507128472159
1,1.494428794556234,-1.0058506104012843,0.32718953981425425
0,1.8881636953818,-0.8721540691078818,0.3555631009433007
1,0.7920770378267165,-1.0025354827878477,0.48217132865493734
1,-0.13318403076190904,-0.7079435789637347,0.6501235434345192
0,-1.1328193909154338,-0.9113166083207352,0.8449128180172182
1,1.8545025587524688,-0.8760249851114151,0.36796103626061993
1,0.28044577577835716,-0.7393111378509272,0.2761107229638283
0,-1.6388709541089375,-0.7129260717474611,0.997280927067843
0,-1.5602074134286168,-0.9880258726982722,1.1760977843173823
0,2.022808241899124,-0.8566704050937489,0.3059713596740239
1,-0.6473351986300708,-0.8503379715132265,0.34072927408886894
0,1.6963956143322205,-0.9826251143800847,0.25280192791033906
1,0.5370699514558128,-0.7411769085205544,0.6936329033259605
1,-1.4011127586856083,2.168215237205404,-0.018705499912844613
0,-2.9210510515319137,-1.0647702507188692,1.2965146417445523
0,-0.8111087692902916,-0.7850881878432581,0.29734409785244487
0,1.5954122044442272,-0.9942378623906843,0.2899957338622967
1,-1.1328113759737197,-0.8504584154013368,1.1920734101291095
0,-1.0140402093644882,-0.6367374821169609,1.044243793798675
1,1.8881636953818,-0.8721540691078818,0.3555631009433007
0,-2.042237336784141,-0.8876042021029964,1.1628566112302545
0,-0.3474184044736468,-0.8073512371171875,0.5519042738422232
1,1.8596019281156722,-0.9196477597369168,0.27938664379218153
1,1.8881636953818,-0.8721540691078818,0.3555631009433007
0,-1.122612637247313,-0.9377039646523403,1.014924625192233
0,0.7697802586435932,1.931969150633245,0.06073168331824156
1,-1.3701491179510579,-0.5537316054060588,0.8812969841747077
1,-1.2971602184524236,-0.7178396863376304,0.7847271814262125
1,1.5578173171714942,2.071135094906913,0.13427926593091616
0,-0.35860523349910584,-0.7614273473200723,0.9069208978307683
1,1.0385020948014727,2.0911636169746473,-0.05525225957489362
1,-0.978847195560178,-0.9326699061740605,0.3761342347936225
0,-2.8443600121770554,2.7754713967708864,1.1164035568878432
0,-0.28561633400047154,-0.9255354282516438,0.8103510950822731
1,2.118692282423914,-0.8014348824576475,0.3573519461905047
0,-0.09894762231409507,-0.7714416083539395,1.0016866605836732
0,-1.52819137723265,-0.7791318746664527,0.734849524453025
1,0.1815282997460123,-0.7863981701227887,0.5474865540565745
0,-0.7426519822780917,-1.0338006324624645,0.3061491479269698
0,0.5187069229160917,-0.8759161484005926,0.4403076612379642
0,-1.7611865228818433,2.038389611915535,-0.059476996359210235
1,1.8545025587524688,-0.8760249851114151,0.36796103626061993
0,0.3049860172378773,-0.7249906163115406,0.8529114367758428
1,1.2294491511563181,1.426810525643625,-4.690183699112638
0,-1.4648906297805961,-0.8045632117490346,1.2106779104792813
1,1.6963956143322205,-0.9826251143800847,0.25280192791033906
1,0.8206388050928443,-0.9550417921588126,0.5583477858060567
0,0.032719778916323466,2.0808515342944296,-0.23569216008850993
1,-0.8691969241207577,-0.7084993673538313,0.8175032675925215
0,-1.4056448711720426,2.0836108735177694,0.08666935291017543
0,1.266651736460469,0.5197157985300422,0.08763493775345572
1,1.3210237420463755,-0.9815824157934486,0.4777536088692887
1,1.7631862926783486,-0.9963081600710919,-3.6874830910382834
0,-1.6040753037260684,-0.9655094323702006,1.018483912459687
1,0.22046633415929515,2.158149410476984,0.367693269605347
0,1.6627344777028892,-0.9864960303836179,0.2651998632276583
0,3.7053730404179266,0.11144071263892542,0.39006918965104104
1,1.7922796548570101,-0.9273895917439833,0.30418251442681987
0,1.8322057795693458,2.0584796483096772,-0.053478609076075836
0,1.1578174282629237,-1.0445597704366167,0.45116889298744633
1,1.5903128350810238,-0.9506150877651827,0.3785701263307351
1,1.6188746023471516,-0.9031213971361478,0.45474658348185437
1,-0.2912829602404438,-0.7536855153130059,0.88212502719613
0,0.5106899043353514,1.8137562733539758,-0.017233619080081634
0,-1.7107253398540339,-0.8052722674421624,1.127451650525501
0,2.1942147165574037,1.8389832130018084,0.025932172638168334
0,0.45764963774043405,2.0983403436424686,0.1198403436870261
1,1.8881636953818,-0.8721540691078818,0.3555631009433007
0,-0.21427253493520154,-0.8846204271549291,0.28493096778673943
1,0.8644986804485819,-1.0384164254062829,0.36880106555186054
1,0.8357142503307522,1.293113984350223,-4.718557260241685
0,-0.44318627873212574,-1.2330049241695809,0.763746150458871
1,1.241036171454228,1.9861619746827106,-0.11283941112422717
1,1.5006937826392386,1.9761477136488432,-0.018073648371322297
1,1.955485968640462,-0.8644122371008154,0.33076723030866234
0,-0.5743151941651732,2.2676293228571036,-0.046130245085927626
1,1.5010765081400368,2.9219764818658382,-0.16298287293448968
0,-2.341979483873514,1.8548065070781872,0.7572870135191315
0,-1.0119099703464767,2.2173074148111716,0.11504291403922189
1,0.6983769635089548,2.0818139810416993,-0.05551959600264672
0,-1.6052098174796066,-0.7090551557439279,0.9848829917505237
1,0.29387606708021324,2.1635901273124367,0.07645516745060203
1,0.9272888412208097,-1.1152789570868509,0.4493800477402422
0,-1.2840860754341947,1.8967126410669848,0.7484515739478341
0,-0.9696050621902678,-0.787481060758169,1.218658126010952
0,-0.19483166283888487,-0.8266771309900408,0.9503060740671925
1,1.0562667614981616,-0.9279453801340799,0.4715622385848222
1,1.7147586428719417,-0.8478858745000465,0.5061271699983351
1,-1.5408566745661358,2.1963543478167726,0.11946063382487059
0,-3.039042355081538,-0.6216914528329531,1.2018696519261884
0,-1.2012761779276337,-0.662604163701529,0.8361077679426934
0,-2.1838725394532648,1.9614066363468567,0.8724461218694122
0,-1.6903198474595067,-0.9189051730247705,1.1203146727636393
0,1.8995280528280079,2.066221480316744,-0.07827447971071426
0,-1.833110973192346,-1.1926556357018718,-1.4712716244560218
1,1.820841422123138,-0.8798959011149484,0.38035897157793913
0,-0.585112294734612,-0.7989733648806584,0.40450779592266894
0,-1.3160258187302574,-0.8431519278962566,0.4833131276122329
0,0.1335851564529364,-1.082594988421881,0.4476063972414245
1,-0.24793367156453266,-0.8884913431584623,0.29732890310405863
0,-0.47678605320701883,2.1178417634649187,0.4341006659775918
1,1.0899278981274927,-0.9240744641305466,0.459164303267503
0,1.7198580122351448,-0.8915086491255481,0.4175527775298967
1,0.7828966465875367,-0.801326045746825,0.42969857116784904
0,0.5182558323056339,-1.1181071745037483,0.6867296640165111
1,-0.1566384137231196,-0.738201851298873,0.832533285926853
1,0.6237713546800613,-1.0218900628055139,0.5441610052415334
1,1.5730453606956973,-1.1984322808922976,-1.673409263028869
1,2.4368722550678434,-0.19382722018851395,0.08156012914469606
0,-1.7780476131126959,-0.8130140994492289,1.1522475211601393
1,1.6861968756058139,-0.8953795651290813,0.4299507128472159
0,2.1542885918450683,-1.1468860270518526,0.38359329614106413
0,-0.233001821930101,2.3060647717012945,0.4306285536693386
0,1.0568340183749305,-1.0561725184472164,0.4883626989394038
0,-2.7394897241504554,-0.9279118491150613,1.2292640076024992
1,1.6627344777028892,-0.9864960303836179,0.2651998632276583
0,-1.4871874089637191,2.129941421672058,0.789238265142586
0,1.2593991999939491,2.1209012145627484,0.14048583096376882
1,-2.9216183084086826,-0.9365431124057328,1.2797141813899706
1,0.17544084008375643,-0.7840970549511752,0.8139287855766812
0,-2.0161341131833788,2.1089883546776593,0.7936559849282346
0,0.5901102180507303,-1.0257609788090472,0.5565589405588527
1,-2.2574598007949316,-1.0283335197103374,1.2425051806896268
0,1.1088581835439828,-0.9175623625636448,0.7292900057100808
1,1.6963956143322205,-0.9826251143800847,0.25280192791033906
0,1.6963956143322205,-0.9826251143800847,0.25280192791033906
0,-1.430094979397727,-1.0571465723717741,1.2318808958711254
0,-2.0828891295652716,1.9730193843574564,0.8352523159174547
1,-2.6385063142624623,-0.9162991011044617,1.1920702016505416
1,-1.2201417782054675,-0.7879164052601553,0.5346937141287137
0,0.4964101437329684,2.0585884850205,0.0188680159012685
0,1.5108925213656452,1.88890216439784,-0.19522243330819913
0,-0.19397433360365673,-1.0992032478726292,0.5768954951426141
1,1.6963956143322205,-0.9826251143800847,0.25280192791033906
0,-2.1101268669195723,-0.7671188957969266,1.1708520215103113
0,-2.171751408971999,2.3353647345592705,0.8335842436047919
1,1.6627344777028892,-0.9864960303836179,0.2651998632276583
1,-0.20072607736703496,1.6478626735921431,0.3484978754066418
0,-0.42592750675776786,-0.7691691793271389,0.9317167684654067
1,1.6963956143322205,-0.9826251143800847,0.25280192791033906
0,-0.4241946311611976,2.128224781035354,0.6918284331028501
0,-2.01556685630661,1.980761216364523,0.8104564452828164
1,1.9840477359065896,-0.8169185464717805,0.40694368745978154
0,-0.6068418170409663,2.007304130227298,-0.000131389059445202
0,0.897937154226211,1.344478590982791,-4.6547787384078845
1,1.8658669161986767,2.0623505643132103,-0.06587654439339506
0,0.41727242241764073,-1.129719922514348,0.7239234699684688
0,2.0341725993453315,2.0817051443308765,-0.127866220979991
0,2.3502291317902806,-1.096054747024466,-1.0053690533176107
0,-2.1101268669195723,-0.7671188957969266,1.1708520215103113
1,1.989147105269793,-0.8605413210972822,0.3183692949913431
1,-0.30848037006036366,2.137196343482585,0.37211098939099574
1,1.6525357389764828,-0.8992504811326145,0.4423486481645351
0,-1.4215413411046849,-0.939369039594491,0.6258817863872106
1,1.2531342119109445,-0.8610971094873787,0.4857490191493455
0,-0.6263389793579326,-0.8793001542075864,0.8450370016722356
0,0.5946423305371645,-0.9411566151214122,0.4511840877358325
0,-0.7197568412519361,-0.8144570288947913,0.45409953719194573
1,-0.302844001008566,1.8927042022078162,0.352090760649436
1,-0.25869966716770804,-0.6730186555943226,0.45767722768635377
1,1.3597842480389097,-1.0213342744154172,0.37678128108353104
0,-1.5124129396513877,-0.9312112322811023,0.9161294542578818
1,-1.4535342872761021,2.072954144756193,0.4296797377133752
0,0.49422617752594034,-1.0809965014451484,0.5051783540423717
0,-1.841594546919982,1.828265883443551,0.6766928365823636
0,-2.662527954100441,-0.8183302351264635,1.357679483788294
1,1.3597842480389097,-1.0213342744154172,0.37678128108353104
0,0.1621469237190642,-1.0351012977928462,0.5237828543925437
1,1.561751067814896,-0.9981087783942176,0.3023936691796159
0,-2.408544984097117,-0.7173527761410909,1.177058586543164
0,1.9668503260866697,2.0739633123238104,-0.10307035034535265
0,-0.7345523776034335,-0.6930157033396983,0.7679115263232446
0,-0.17389718569747753,-1.2020375961413148,0.6645626679203174
0,1.7820809161306037,-0.84014404249298,0.48133129936369673
1,-1.0552672739641016,2.2912550497372295,0.35267844601940157
1,1.077829857670776,1.9231846200395426,-0.13942412700606963
1,-0.9767812617045302,-0.9681441904353223,0.6103162599344113
1,-1.3157992570565706,-1.7674142365507626,-3.7905759173937192
1,1.7312223696813527,2.0468669002990776,-0.01628480312411828
1,1.6963956143322205,-0.9826251143800847,0.25280192791033906
0,-0.46256578867400455,2.0637693833035637,-0.2436723756201805
0,1.1971762960984904,2.0695366079301802,0.07670730912996883
0,-0.4310268761209712,-0.7255464047016371,1.0202911609338452
1,1.5954122044442272,-0.9942378623906843,0.2899957338622967
1,1.5954122044442272,-0.9942378623906843,0.2899957338622967
0,1.8932630647450033,-0.9157768437333835,0.2669887084748623
0,2.0850311457945825,-0.8053057984611808,0.3697498815078239
0,-1.206942804167606,-0.49075425076289103,0.9078817000565501
