directorio,secuencia_encuesta,secuencia_p,orden,propension_12m,consumo_12m,consumo_12m_missing_original,precio_compra,log_precio_compra,cantidad_consumo,gasto_valor,sexo,sexo_label,edad,edad_cuadrado,d2_05,educacion_label,educacion_grupo,frecuencia_consumo,facil_marihuana,consumo_vida,consumo_30d,consumo_reciente,edad_inicio,tipo_sustancia,lugar_consumo,forma_conseguir,gasto_total,gasto_descripcion,riesgo_marihuana,riesgo_cocaina,riesgo_basuco,riesgo_extasis,riesgo_heroina,riesgo_lsd,riesgo_inhalantes,riesgo_anfetaminas,riesgo_tranquilizantes,facilidad_conseguir,facil_cocaina,facil_basuco,actitud_marihuana,actitud_cocaina,actitud_basuco,actitud_extasis,actitud_heroina,actitud_lsd,actitud_inhalantes,actitud_anfetaminas,actitud_tranquilizantes,actitud_drogas_general,actitud_legalizacion,actitud_regulacion,actitud_prevencion,actitud_sanciones,actitud_tratamiento,d2_01,d2_03,d2_04,d2_06,d2_07
7,1,1,1,1,1.0,0,,,,,1,Hombre,33,1089,6,Tecnica/tecnologica,Superior,2,,,,,3,,,,,,,,,,,,,,,,,,,,,,,,,,,,,,,,,5,2,1,1.0,1.0
38,3,1,3,0,,1,,,,,1,Hombre,40,1600,4,Basica secundaria,Media,2,,1.0,,,3,,,,,,,,,,,,,,,,,,,,,,,,,,,,,,,,,5,6,0,1.0,1.0
48,1,1,1,0,,1,,,,,1,Hombre,34,1156,8,Postgrado,Superior,2,,,,1.0,3,,,,,,,,,,,,,,,,,,,,,,,,,,,,,,,,,9,6,0,1.0,1.0
99,5,1,5,0,,1,,,,,2,Mujer,39,1521,5,Media,Media,2,,1.0,,,3,,,,,,,,,,,,,,,,,,,,,,,,,,,,,,,,,9,5,1,1.0,2.0
129,1,1,1,1,1.0,0,,,,,1,Hombre,44,1936,5,Media,Media,2,,,,,3,,,,,,,,,,,,,,,,,,,,,,,,,,,,,,,,,9,3,2,1.0,1.0
144,1,1,1,0,,1,,,,,1,Hombre,62,3844,4,Basica secundaria,Media,2,,1.0,,,3,,,,,,,,,,,,,,,,,,,,,,,,,,,,,,,,,9,2,3,1.0,1.0
154,1,1,1,0,,1,,,,,2,Mujer,42,1764,8,Postgrado,Superior,2,,1.0,,,3,,,,,,,,,,,,,,,,,,,,,,,,,,,,,,,,,9,6,1,1.0,2.0
160,1,1,1,1,1.0,0,10000.0,9.210340371976184,1.0,10000.0,1,Hombre,20,400,7,Universitaria,Superior,1,1.0,,,,2,3.0,1.0,1.0,1.0,DIEZ MIL PESOS,,,,1.0,,,,,,1.0,,,2.0,2.0,2.0,2.0,2.0,2.0,2.0,2.0,2.0,2.0,2.0,2.0,2.0,2.0,1.0,9,6,0,1.0,1.0
181,1,1,1,0,,1,,,,,1,Hombre,42,1764,6,Tecnica/tecnologica,Superior,2,,1.0,,,3,,,,,,,,,,,,,,,,,,,,,,,,,,,,,,,,,9,2,3,1.0,1.0
266,1,1,1,0,,1,,,1.0,4000.0,1,Hombre,18,324,5,Media,Media,1,,,,1.0,2,2.0,2.0,,1.0,CUATRO MIL PESOS,,,,1.0,,,,,,2.0,,,2.0,2.0,2.0,2.0,2.0,2.0,2.0,1.0,1.0,2.0,2.0,2.0,2.0,2.0,2.0,9,6,0,1.0,1.0
267,1,1,1,0,,1,,,,,2,Mujer,52,2704,8,Postgrado,Superior,2,,1.0,,,3,,,,,,,,,,,,,,,,,,,,,,,,,,,,,,,,,9,5,0,1.0,2.0
279,1,1,1,1,1.0,0,,,,,1,Hombre,25,625,4,Basica secundaria,Media,2,,,,,3,,,,,,,,,,,,,,,,,,,,,,,,,,,,,,,,,1,5,2,1.0,1.0
290,1,1,1,0,,1,,,,,1,Hombre,40,1600,7,Universitaria,Superior,2,,1.0,,,3,,,,,,,,,,,,,,,,,,,,,,,,,,,,,,,,,9,6,1,1.0,1.0
305,1,1,1,0,,1,9000.0,9.104979856318357,3.0,3000.0,1,Hombre,21,441,7,Universitaria,Superior,1,,1.0,,,3,3.0,1.0,3.0,1.0,TRES MIL PESOS,,,,1.0,,,,,,2.0,,,2.0,2.0,2.0,2.0,2.0,2.0,2.0,2.0,2.0,2.0,2.0,2.0,2.0,2.0,2.0,9,6,0,1.0,1.0
308,1,1,1,0,,1,,,,,1,Hombre,44,1936,7,Universitaria,Superior,2,,1.0,,,3,,,,,,,,,,,,,,,,,,,,,,,,,,,,,,,,,9,3,2,1.0,1.0
318,6,1,6,0,,1,,,,,1,Hombre,37,1369,5,Media,Media,2,,,1.0,,3,,,,,,,,,,,,,,,,,,,,,,,,,,,,,,,,,9,6,0,1.0,1.0
333,3,1,3,0,,1,,,1.0,,1,Hombre,16,256,4,Basica secundaria,Media,1,,1.0,,,2,1.0,2.0,,2.0,,,,,1.0,,,,,,2.0,,,2.0,2.0,2.0,2.0,2.0,2.0,2.0,2.0,2.0,2.0,2.0,2.0,2.0,2.0,2.0,9,6,0,,
367,2,1,2,0,,1,,,,,2,Mujer,64,4096,7,Universitaria,Superior,2,,1.0,,,3,,,,,,,,,,,,,,,,,,,,,,,,,,,,,,,,,9,3,2,1.0,2.0
401,3,1,3,1,1.0,0,,,,,1,Hombre,21,441,5,Media,Media,2,,,,,9,,,,,,,,,,,,,,,,,,,,,,,,,,,,,,,,,9,5,0,1.0,1.0
402,1,1,1,0,,1,,,,,2,Mujer,37,1369,8,Postgrado,Superior,2,,1.0,,,3,,,,,,,,,,,,,,,,,,,,,,,,,,,,,,,,,9,6,0,1.0,2.0
420,3,1,3,1,1.0,0,300000.0,12.611537753638338,60.0,2000.0,1,Hombre,28,784,5,Media,Media,1,,,1.0,,3,5.0,1.0,30.0,1.0,DOS MIL PESOS,,,1.0,,,,,,,1.0,,1.0,2.0,2.0,1.0,1.0,2.0,1.0,1.0,2.0,1.0,2.0,1.0,2.0,1.0,2.0,2.0,5,6,0,1.0,1.0
477,3,1,3,1,1.0,0,,,,,1,Hombre,37,1369,5,Media,Media,2,,,,,3,,,,,,,,,,,,,,,,,,,,,,,,,,,,,,,,,9,6,0,1.0,1.0
513,3,1,3,0,,1,,,,,1,Hombre,19,361,5,Media,Media,2,,1.0,,,2,,,,,,,,,,,,,,,,,,,,,,,,,,,,,,,,,9,6,0,1.0,1.0
522,2,1,2,1,1.0,0,,,,,2,Mujer,30,900,5,Media,Media,2,,1.0,,,3,,,,,,,,,,,,,,,,,,,,,,,,,,,,,,,,,9,2,3,1.0,2.0
535,1,1,1,1,1.0,0,17000.0,9.740968623038354,3.0,12000.0,2,Mujer,23,529,4,Basica secundaria,Media,1,,,,,3,4.0,1.0,3.0,1.0,DOCE MIL PESOS,,,,1.0,,,,,,2.0,,,2.0,2.0,2.0,2.0,2.0,2.0,2.0,2.0,2.0,2.0,2.0,2.0,2.0,2.0,2.0,9,6,0,1.0,2.0
559,2,1,2,0,,1,120000.0,11.695247021764184,24.0,5000.0,2,Mujer,50,2500,5,Media,Media,1,,1.0,,,2,9.0,1.0,24.0,1.0,CINCO MIL PESOS,,,,,,,,,1.0,2.0,,,2.0,1.0,2.0,1.0,2.0,1.0,2.0,1.0,2.0,2.0,2.0,2.0,1.0,2.0,1.0,5,2,0,1.0,2.0
598,1,1,1,0,,1,,,,,1,Hombre,64,4096,3,Basica primaria,Baja,2,,,,1.0,3,,,,,,,,,,,,,,,,,,,,,,,,,,,,,,,,,9,6,0,1.0,1.0
617,2,1,2,0,,1,20000.0,9.903487552536127,10.0,2000.0,1,Hombre,18,324,5,Media,Media,1,,1.0,,,3,2.0,1.0,10.0,1.0,DOS MIL PESOS,,,,1.0,,,,,,2.0,,,2.0,2.0,2.0,2.0,2.0,2.0,2.0,2.0,2.0,2.0,2.0,2.0,2.0,2.0,2.0,9,6,0,1.0,1.0
624,1,1,1,1,1.0,0,,,,,2,Mujer,37,1369,6,Tecnica/tecnologica,Superior,2,,1.0,,,3,,,,,,,,,,,,,,,,,,,,,,,,,,,,,,,,,9,6,3,3.0,2.0
634,1,1,1,0,,1,,,,,1,Hombre,63,3969,7,Universitaria,Superior,2,,1.0,,,3,,,,,,,,,,,,,,,,,,,,,,,,,,,,,,,,,9,6,0,1.0,1.0
645,1,1,1,0,,1,,,,,1,Hombre,35,1225,7,Universitaria,Superior,2,,,1.0,,3,,,,,,,,,,,,,,,,,,,,,,,,,,,,,,,,,9,1,0,1.0,1.0
702,4,1,4,1,1.0,0,,,1.0,3000.0,1,Hombre,29,841,7,Universitaria,Superior,1,1.0,1.0,1.0,,3,2.0,2.0,,1.0,TRES MIL PESOS,,,,1.0,,,,,,1.0,,,2.0,2.0,2.0,2.0,2.0,2.0,2.0,2.0,2.0,2.0,2.0,2.0,2.0,2.0,2.0,9,6,0,1.0,1.0
720,3,1,3,0,,1,,,,,1,Hombre,22,484,7,Universitaria,Superior,2,,1.0,,,3,,,,,,,,,,,,,,,,,,,,,,,,,,,,,,,,,9,6,0,1.0,1.0
721,1,1,1,0,,1,,,,,1,Hombre,47,2209,7,Universitaria,Superior,2,,,,1.0,3,,,,,,,,,,,,,,,,,,,,,,,,,,,,,,,,,9,3,2,1.0,1.0
760,2,1,2,0,,1,,,,,1,Hombre,35,1225,7,Universitaria,Superior,2,,,,1.0,3,,,,,,,,,,,,,,,,,,,,,,,,,,,,,,,,,9,3,1,1.0,1.0
778,3,1,3,0,,1,200000.0,12.206072645530174,40.0,5000.0,1,Hombre,26,676,3,Basica primaria,Baja,1,,,,1.0,3,5.0,1.0,30.0,1.0,CINCO MIL PESOS,,,,,1.0,,,,,2.0,,,1.0,1.0,2.0,2.0,2.0,1.0,1.0,2.0,1.0,1.0,1.0,1.0,1.0,2.0,1.0,1,6,0,1.0,1.0
819,3,1,3,1,1.0,0,,,,,1,Hombre,27,729,8,Postgrado,Superior,2,,,,,3,,,,,,,,,,,,,,,,,,,,,,,,,,,,,,,,,9,6,0,1.0,1.0
827,1,1,1,0,,1,,,,,1,Hombre,30,900,6,Tecnica/tecnologica,Superior,2,,1.0,,,3,,,,,,,,,,,,,,,,,,,,,,,,,,,,,,,,,9,2,2,1.0,1.0
829,1,1,1,0,,1,,,,,1,Hombre,46,2116,5,Media,Media,2,,1.0,,,3,,,,,,,,,,,,,,,,,,,,,,,,,,,,,,,,,9,2,3,1.0,1.0
836,2,1,2,0,,1,,,,,1,Hombre,62,3844,5,Media,Media,2,,,,1.0,3,,,,,,,,,,,,,,,,,,,,,,,,,,,,,,,,,9,3,3,1.0,1.0
837,1,1,1,0,,1,,,,,1,Hombre,48,2304,3,Basica primaria,Baja,2,,1.0,,,3,,,,,,,,,,,,,,,,,,,,,,,,,,,,,,,,,9,3,4,1.0,1.0
839,1,1,1,0,,1,,,,,1,Hombre,59,3481,3,Basica primaria,Baja,2,,1.0,,,3,,,,,,,,,,,,,,,,,,,,,,,,,,,,,,,,,5,6,6,1.0,1.0
843,3,1,3,0,,1,,,,,2,Mujer,48,2304,7,Universitaria,Superior,2,,1.0,,,3,,,,,,,,,,,,,,,,,,,,,,,,,,,,,,,,,1,6,1,1.0,2.0
867,2,1,2,0,,1,,,,,1,Hombre,36,1296,3,Basica primaria,Baja,2,,1.0,,,3,,,,,,,,,,,,,,,,,,,,,,,,,,,,,,,,,9,6,2,1.0,1.0
972,3,1,3,1,1.0,0,,,,,1,Hombre,25,625,7,Universitaria,Superior,2,,,,,3,,,,,,,,,,,,,,,,,,,,,,,,,,,,,,,,,9,6,0,1.0,1.0
982,3,1,3,0,,1,,,,,2,Mujer,17,289,4,Basica secundaria,Media,2,,1.0,,,3,,,,,,,,,,,,,,,,,,,,,,,,,,,,,,,,,9,6,1,,
1014,1,1,1,0,,1,,,,,2,Mujer,32,1024,6,Tecnica/tecnologica,Superior,2,,1.0,,,3,,,,,,,,,,,,,,,,,,,,,,,,,,,,,,,,,9,3,2,1.0,2.0
1023,1,1,1,0,,1,,,,,2,Mujer,32,1024,5,Media,Media,2,,1.0,,,3,,,,,,,,,,,,,,,,,,,,,,,,,,,,,,,,,9,2,4,1.0,2.0
1102,2,1,2,0,,1,,,,,2,Mujer,65,4225,1,Ninguno,Baja,2,,1.0,,,3,,,,,,,,,,,,,,,,,,,,,,,,,,,,,,,,,9,5,2,1.0,2.0
1124,2,1,2,1,1.0,0,80000.0,11.289781913656018,2.0,2000.0,1,Hombre,38,1444,5,Media,Media,1,1.0,,,,3,5.0,1.0,29.0,1.0,DOS MIL PESOS,,,1.0,1.0,1.0,,,,,1.0,,,1.0,1.0,2.0,1.0,2.0,2.0,2.0,2.0,1.0,1.0,1.0,1.0,2.0,1.0,1.0,9,2,3,1.0,1.0
1129,2,1,2,1,1.0,0,,,,,2,Mujer,58,3364,3,Basica primaria,Baja,2,,,,,3,,,,,,,,,,,,,,,,,,,,,,,,,,,,,,,,,9,3,3,1.0,2.0
1135,1,1,1,1,1.0,0,,,,,2,Mujer,30,900,5,Media,Media,2,,,,,3,,,,,,,,,,,,,,,,,,,,,,,,,,,,,,,,,9,5,2,1.0,2.0
1142,3,1,3,1,1.0,0,5000.0,8.517193191416238,4.0,1000.0,1,Hombre,21,441,5,Media,Media,1,,,,,3,4.0,1.0,5.0,1.0,MIL PESOS,,,,1.0,,,,,,2.0,,,1.0,1.0,2.0,1.0,2.0,1.0,1.0,2.0,2.0,2.0,1.0,2.0,2.0,2.0,1.0,9,6,0,1.0,1.0
1147,2,1,2,1,1.0,0,,,,,2,Mujer,23,529,4,Basica secundaria,Media,2,,,,,3,,,,,,,,,,,,,,,,,,,,,,,,,,,,,,,,,9,6,4,1.0,2.0
1181,1,1,1,0,,1,,,,,1,Hombre,65,4225,3,Basica primaria,Baja,2,,1.0,,,9,,,,,,,,,,,,,,,,,,,,,,,,,,,,,,,,,5,3,3,1.0,1.0
1188,3,1,3,1,1.0,0,,,,,1,Hombre,21,441,6,Tecnica/tecnologica,Superior,2,,,,,3,,,,,,,,,,,,,,,,,,,,,,,,,,,,,,,,,9,6,0,1.0,1.0
1189,3,1,3,0,,1,,,,,1,Hombre,38,1444,7,Universitaria,Superior,2,,,1.0,,3,,,,,,,,,,,,,,,,,,,,,,,,,,,,,,,,,9,6,0,1.0,1.0
1197,2,1,2,1,1.0,0,,,,,2,Mujer,27,729,7,Universitaria,Superior,2,,,,,3,,,,,,,,,,,,,,,,,,,,,,,,,,,,,,,,,5,1,1,1.0,2.0
1198,1,1,1,0,,1,,,,,1,Hombre,49,2401,8,Postgrado,Superior,2,,1.0,,,3,,,,,,,,,,,,,,,,,,,,,,,,,,,,,,,,,9,5,2,1.0,1.0
1232,3,1,3,0,,1,,,1.0,,1,Hombre,20,400,6,Tecnica/tecnologica,Superior,1,,1.0,,,3,1.0,2.0,,2.0,,,,,1.0,,,,,,2.0,,,2.0,2.0,2.0,2.0,2.0,2.0,2.0,2.0,2.0,2.0,2.0,2.0,2.0,2.0,2.0,9,6,0,1.0,1.0
1236,2,1,2,1,1.0,0,50000.0,10.819778284410283,3.0,2000.0,1,Hombre,26,676,4,Basica secundaria,Media,1,,1.0,1.0,,3,5.0,1.0,30.0,1.0,DOS MIL PESOS,,,1.0,1.0,1.0,,,,,2.0,,,2.0,2.0,2.0,1.0,2.0,2.0,1.0,2.0,1.0,2.0,2.0,2.0,1.0,2.0,2.0,9,6,0,1.0,1.0
1333,1,1,1,1,1.0,0,,,,,1,Hombre,31,961,5,Media,Media,2,,,,,3,,,,,,,,,,,,,,,,,,,,,,,,,,,,,,,,,9,2,2,1.0,1.0
1371,3,1,3,0,,1,,,6.0,3000.0,1,Hombre,24,576,6,Tecnica/tecnologica,Superior,1,,1.0,,,3,3.0,2.0,,1.0,TRES MIL PESOS,,,,1.0,,,1.0,,,2.0,,,1.0,1.0,2.0,1.0,1.0,1.0,1.0,2.0,1.0,1.0,1.0,2.0,2.0,2.0,1.0,5,3,3,1.0,1.0
1431,1,1,1,0,,1,,,,,1,Hombre,57,3249,7,Universitaria,Superior,2,,1.0,,,3,,,,,,,,,,,,,,,,,,,,,,,,,,,,,,,,,9,5,2,1.0,1.0
1446,2,1,2,1,1.0,0,,,,,2,Mujer,38,1444,3,Basica primaria,Baja,2,,,,,3,,,,,,,,,,,,,,,,,,,,,,,,,,,,,,,,,9,5,2,1.0,2.0
1455,1,1,1,1,1.0,0,40000.0,10.596634733096073,40.0,1000.0,1,Hombre,23,529,3,Basica primaria,Baja,1,,1.0,,,1,5.0,1.0,30.0,1.0,MIL PESOS,,,,1.0,,,,,,2.0,,,2.0,2.0,2.0,1.0,2.0,1.0,2.0,1.0,1.0,1.0,1.0,1.0,1.0,1.0,1.0,9,2,1,1.0,1.0
1461,1,1,1,0,,1,,,,,1,Hombre,62,3844,3,Basica primaria,Baja,2,,1.0,,,3,,,,,,,,,,,,,,,,,,,,,,,,,,,,,,,,,9,2,7,1.0,1.0
1491,1,1,1,0,,1,,,,,1,Hombre,29,841,4,Basica secundaria,Media,2,,1.0,,,3,,,,,,,,,,,,,,,,,,,,,,,,,,,,,,,,,9,1,0,1.0,1.0
1503,2,1,2,1,1.0,0,2000.0,7.600902459542082,2.0,2000.0,1,Hombre,24,576,5,Media,Media,1,1.0,1.0,1.0,,3,3.0,1.0,1.0,1.0,DOS MIL PESOS,,,,,,,,,1.0,1.0,,,2.0,2.0,2.0,2.0,2.0,1.0,2.0,2.0,2.0,2.0,2.0,2.0,2.0,2.0,2.0,9,6,0,1.0,1.0
1535,3,1,3,1,1.0,0,30000.0,10.308952660644293,150.0,1000.0,1,Hombre,34,1156,5,Media,Media,1,,1.0,1.0,,9,5.0,1.0,30.0,1.0,MIL PESOS,,,1.0,,,,,,,2.0,,,1.0,1.0,1.0,1.0,1.0,1.0,2.0,1.0,2.0,1.0,1.0,1.0,1.0,2.0,1.0,5,5,1,1.0,1.0
1537,4,1,4,0,,1,,,,,1,Hombre,62,3844,4,Basica secundaria,Media,2,,,,1.0,3,,,,,,,,,,,,,,,,,,,,,,,,,,,,,,,,,9,5,1,1.0,1.0
1544,3,1,3,0,,1,,,,,1,Hombre,45,2025,5,Media,Media,2,,1.0,,,3,,,,,,,,,,,,,,,,,,,,,,,,,,,,,,,,,5,6,0,1.0,1.0
1568,2,1,2,1,1.0,0,,,,,1,Hombre,55,3025,3,Basica primaria,Baja,2,,,,,3,,,,,,,,,,,,,,,,,,,,,,,,,,,,,,,,,9,5,0,1.0,1.0
1578,1,1,1,1,1.0,0,,,,,1,Hombre,18,324,5,Media,Media,2,,,,,3,,,,,,,,,,,,,,,,,,,,,,,,,,,,,,,,,9,1,1,1.0,1.0
1596,1,1,1,0,,1,,,,,1,Hombre,44,1936,3,Basica primaria,Baja,2,,1.0,,,3,,,,,,,,,,,,,,,,,,,,,,,,,,,,,,,,,1,3,6,1.0,1.0
1736,1,1,1,0,,1,,,,,1,Hombre,19,361,7,Universitaria,Superior,2,,1.0,,,3,,,,,,,,,,,,,,,,,,,,,,,,,,,,,,,,,9,6,0,1.0,1.0
1742,7,1,7,1,1.0,0,,,150.0,1000.0,1,Hombre,17,289,5,Media,Media,1,1.0,1.0,1.0,,3,5.0,2.0,,1.0,MIL PESOS,,,1.0,,,,,,,1.0,,,1.0,1.0,1.0,1.0,1.0,1.0,1.0,1.0,1.0,1.0,1.0,1.0,1.0,1.0,1.0,9,6,0,,
1747,2,1,2,0,,1,,,,,2,Mujer,37,1369,4,Basica secundaria,Media,2,,1.0,,,3,,,,,,,,,,,,,,,,,,,,,,,,,,,,,,,,,9,2,3,1.0,2.0
1765,4,1,4,0,,1,,,,,2,Mujer,23,529,7,Universitaria,Superior,2,,1.0,,,3,,,,,,,,,,,,,,,,,,,,,,,,,,,,,,,,,9,6,0,1.0,2.0
1779,2,1,2,0,,1,1000.0,6.907755278982137,2.0,1000.0,1,Hombre,14,196,3,Basica primaria,Baja,1,,1.0,,,2,2.0,1.0,2.0,1.0,MIL PESOS,,,,,,,1.0,,,2.0,,,1.0,2.0,1.0,1.0,2.0,1.0,2.0,2.0,1.0,2.0,2.0,2.0,1.0,1.0,1.0,9,6,0,,
1794,2,1,2,1,1.0,0,20000.0,9.903487552536127,3.0,2000.0,1,Hombre,27,729,6,Tecnica/tecnologica,Superior,1,,,,,3,3.0,1.0,3.0,1.0,DOS MIL PESOS,,,,1.0,,,,,,2.0,,,2.0,2.0,2.0,2.0,2.0,1.0,2.0,2.0,1.0,1.0,1.0,1.0,2.0,2.0,1.0,5,1,2,1.0,1.0
1811,1,1,1,0,,1,,,,,1,Hombre,59,3481,3,Basica primaria,Baja,2,,1.0,,,3,,,,,,,,,,,,,,,,,,,,,,,,,,,,,,,,,9,3,2,1.0,1.0
1814,1,1,1,1,1.0,0,,,,,2,Mujer,31,961,8,Postgrado,Superior,2,,,,,3,,,,,,,,,,,,,,,,,,,,,,,,,,,,,,,,,9,6,0,1.0,2.0
1815,1,1,1,0,,1,,,,,1,Hombre,64,4096,3,Basica primaria,Baja,2,,1.0,,,3,,,,,,,,,,,,,,,,,,,,,,,,,,,,,,,,,9,2,2,1.0,1.0
1825,4,1,4,1,1.0,0,2000.0,7.600902459542082,1.0,2000.0,1,Hombre,31,961,4,Basica secundaria,Media,1,,,,,3,4.0,1.0,4.0,1.0,DOS MIL PESOS,,,,1.0,,,,,,2.0,,,2.0,2.0,2.0,1.0,2.0,2.0,2.0,2.0,2.0,2.0,2.0,2.0,2.0,2.0,2.0,9,6,0,1.0,1.0
1829,1,1,1,0,,1,,,,,1,Hombre,56,3136,8,Postgrado,Superior,2,,1.0,,,3,,,,,,,,,,,,,,,,,,,,,,,,,,,,,,,,,9,3,0,1.0,1.0
1830,3,1,3,1,1.0,0,,,,,1,Hombre,48,2304,6,Tecnica/tecnologica,Superior,2,,,,,3,,,,,,,,,,,,,,,,,,,,,,,,,,,,,,,,,9,2,2,1.0,1.0
1832,1,1,1,0,,1,,,,,1,Hombre,51,2601,3,Basica primaria,Baja,2,,1.0,,,3,,,,,,,,,,,,,,,,,,,,,,,,,,,,,,,,,9,5,0,1.0,1.0
1839,2,1,2,0,,1,,,,,2,Mujer,47,2209,7,Universitaria,Superior,2,,1.0,,,3,,,,,,,,,,,,,,,,,,,,,,,,,,,,,,,,,9,3,2,1.0,2.0
1859,4,1,4,1,1.0,0,3000.0,8.006367567650246,4.0,1000.0,1,Hombre,18,324,5,Media,Media,1,,,,,3,4.0,1.0,5.0,1.0,MIL PESOS,,,1.0,,,1.0,,,,2.0,,,2.0,1.0,1.0,2.0,2.0,1.0,1.0,2.0,2.0,2.0,1.0,1.0,2.0,2.0,1.0,9,6,0,1.0,1.0
1890,1,1,1,1,1.0,0,,,,,1,Hombre,39,1521,5,Media,Media,2,,,,,3,,,,,,,,,,,,,,,,,,,,,,,,,,,,,,,,,1,6,2,1.0,1.0
1953,2,1,2,1,1.0,0,,,3.0,3000.0,1,Hombre,15,225,4,Basica secundaria,Media,1,,,,,3,3.0,2.0,,1.0,TRES MIL PESOS,,,,1.0,,,,,,2.0,,,2.0,2.0,1.0,2.0,1.0,2.0,2.0,2.0,2.0,1.0,2.0,2.0,2.0,2.0,1.0,9,6,0,,
1955,3,1,3,0,,1,,,,,1,Hombre,36,1296,5,Media,Media,2,,1.0,,,3,,,,,,,,,,,,,,,,,,,,,,,,,,,,,,,,,9,5,1,1.0,1.0
1958,1,1,1,0,,1,,,,,1,Hombre,33,1089,3,Basica primaria,Baja,2,,,,1.0,3,,,,,,,,,,,,,,,,,,,,,,,,,,,,,,,,,9,2,3,1.0,1.0
1963,3,1,3,1,1.0,0,,,,,2,Mujer,20,400,6,Tecnica/tecnologica,Superior,2,,,,,3,,,,,,,,,,,,,,,,,,,,,,,,,,,,,,,,,9,6,0,1.0,2.0
1999,3,1,3,0,,1,,,,,2,Mujer,19,361,6,Tecnica/tecnologica,Superior,2,,1.0,,,3,,,,,,,,,,,,,,,,,,,,,,,,,,,,,,,,,9,6,0,2.0,2.0
2014,1,1,1,0,,1,,,,,1,Hombre,62,3844,3,Basica primaria,Baja,2,,1.0,,,3,,,,,,,,,,,,,,,,,,,,,,,,,,,,,,,,,5,1,2,1.0,1.0
2070,2,1,2,0,,1,,,,,2,Mujer,56,3136,5,Media,Media,2,,1.0,,,3,,,,,,,,,,,,,,,,,,,,,,,,,,,,,,,,,9,3,5,1.0,2.0
2081,1,1,1,1,1.0,0,90000.0,11.407564949312402,30.0,3000.0,2,Mujer,20,400,6,Tecnica/tecnologica,Superior,1,1.0,1.0,,,1,5.0,1.0,30.0,1.0,TRES MIL,,,1.0,,,,,,,1.0,,,2.0,2.0,2.0,1.0,2.0,1.0,1.0,2.0,2.0,1.0,1.0,1.0,1.0,1.0,1.0,9,6,0,2.0,2.0
2098,7,1,7,1,1.0,0,,,5.0,6000.0,1,Hombre,19,361,4,Basica secundaria,Media,1,,,,,2,4.0,2.0,,1.0,SEIS MIL PESOS,,,1.0,,,,,,,2.0,,,1.0,2.0,2.0,1.0,1.0,1.0,1.0,1.0,2.0,1.0,1.0,1.0,1.0,1.0,1.0,9,1,0,1.0,1.0
2119,1,1,1,0,,1,,,,,1,Hombre,38,1444,5,Media,Media,2,,1.0,,,3,,,,,,,,,,,,,,,,,,,,,,,,,,,,,,,,,9,2,1,1.0,1.0
2121,8,1,8,1,1.0,0,80000.0,11.289781913656018,12.0,6000.0,1,Hombre,21,441,5,Media,Media,1,,,,,3,2.0,1.0,30.0,1.0,seis mil pesos,,,1.0,,,,,,,2.0,,,2.0,2.0,2.0,2.0,2.0,1.0,1.0,2.0,2.0,2.0,1.0,2.0,2.0,2.0,1.0,9,1,0,1.0,1.0
2150,2,1,2,0,,1,,,,,1,Hombre,39,1521,3,Basica primaria,Baja,2,,1.0,,,3,,,,,,,,,,,,,,,,,,,,,,,,,,,,,,,,,1,6,0,1.0,1.0
2151,1,1,1,0,,1,,,,,1,Hombre,25,625,4,Basica secundaria,Media,2,,1.0,,,3,,,,,,,,,,,,,,,,,,,,,,,,,,,,,,,,,9,3,2,1.0,1.0
2170,1,1,1,1,1.0,0,,,,,1,Hombre,58,3364,5,Media,Media,2,,,,,3,,,,,,,,,,,,,,,,,,,,,,,,,,,,,,,,,9,3,2,1.0,1.0
2173,2,1,2,0,,1,,,,,2,Mujer,29,841,5,Media,Media,2,,,,1.0,3,,,,,,,,,,,,,,,,,,,,,,,,,,,,,,,,,9,1,2,1.0,2.0
2179,1,1,1,0,,1,,,4.0,,2,Mujer,21,441,5,Media,Media,1,1.0,1.0,,,1,9.0,9.0,,2.0,,,,,1.0,,,,,,1.0,,,2.0,2.0,2.0,2.0,2.0,2.0,2.0,2.0,2.0,2.0,2.0,2.0,2.0,2.0,1.0,1,6,0,1.0,2.0
2189,2,1,2,1,1.0,0,,,1.0,3000.0,1,Hombre,25,625,7,Universitaria,Superior,1,1.0,,,,3,1.0,2.0,,1.0,TRES MIL PESOS,,,,1.0,,,,,,1.0,,,2.0,2.0,2.0,1.0,2.0,1.0,2.0,2.0,2.0,2.0,2.0,2.0,2.0,2.0,2.0,9,6,0,1.0,1.0
2201,1,1,1,0,,1,,,,,1,Hombre,31,961,5,Media,Media,2,,1.0,1.0,,3,,,,,,,,,,,,,,,,,,,,,,,,,,,,,,,,,1,3,1,2.0,1.0
2218,3,1,3,0,,1,,,,,1,Hombre,24,576,6,Tecnica/tecnologica,Superior,2,,1.0,,,3,,,,,,,,,,,,,,,,,,,,,,,,,,,,,,,,,9,6,0,1.0,1.0
2237,3,1,3,0,,1,,,1.0,,1,Hombre,20,400,6,Tecnica/tecnologica,Superior,1,,1.0,,,2,1.0,2.0,,2.0,,,,,1.0,,,,,,2.0,,,2.0,2.0,2.0,2.0,2.0,1.0,2.0,2.0,2.0,2.0,1.0,2.0,2.0,2.0,1.0,9,6,0,1.0,1.0
2267,2,1,2,0,,1,,,,,1,Hombre,54,2916,3,Basica primaria,Baja,2,,1.0,,,3,,,,,,,,,,,,,,,,,,,,,,,,,,,,,,,,,9,5,1,1.0,1.0
2275,4,1,4,1,1.0,0,,,1.0,7000.0,2,Mujer,20,400,5,Media,Media,1,,,,,3,2.0,2.0,,1.0,SIETE MIL PESOS,,,,1.0,,,,,,2.0,,,2.0,2.0,2.0,2.0,2.0,1.0,1.0,2.0,2.0,2.0,2.0,2.0,2.0,2.0,2.0,9,6,0,1.0,2.0
2330,2,1,2,0,,1,,,,,1,Hombre,24,576,6,Tecnica/tecnologica,Superior,2,,1.0,,,3,,,,,,,,,,,,,,,,,,,,,,,,,,,,,,,,,9,6,0,1.0,1.0
2338,4,1,4,1,1.0,0,,,3.0,2000.0,2,Mujer,19,361,5,Media,Media,1,,1.0,,,3,9.0,1.0,5.0,1.0,DOS MIL PESOS,,,,,,,,1.0,,2.0,,,2.0,2.0,2.0,2.0,2.0,1.0,2.0,2.0,2.0,2.0,2.0,1.0,2.0,2.0,2.0,9,6,0,3.0,2.0
2348,1,1,1,0,,1,,,,,1,Hombre,56,3136,5,Media,Media,2,,,1.0,,3,,,,,,,,,,,,,,,,,,,,,,,,,,,,,,,,,9,6,0,1.0,1.0
2353,1,1,1,1,1.0,0,,,,,1,Hombre,35,1225,5,Media,Media,2,,,,,3,,,,,,,,,,,,,,,,,,,,,,,,,,,,,,,,,9,2,1,1.0,1.0
2360,4,1,4,0,,1,,,,,2,Mujer,25,625,6,Tecnica/tecnologica,Superior,2,,1.0,,,3,,,,,,,,,,,,,,,,,,,,,,,,,,,,,,,,,5,6,0,1.0,2.0
2382,5,1,5,1,1.0,0,10000.0,9.210340371976184,5.0,2000.0,1,Hombre,22,484,5,Media,Media,1,,,,,3,3.0,1.0,5.0,1.0,DOS MIL PESOS,,,1.0,,,,,,,2.0,,,2.0,2.0,2.0,2.0,2.0,2.0,2.0,1.0,1.0,2.0,1.0,2.0,2.0,2.0,1.0,9,6,0,2.0,1.0
2387,1,1,1,0,,1,,,,,1,Hombre,40,1600,5,Media,Media,2,,1.0,,,3,,,,,,,,,,,,,,,,,,,,,,,,,,,,,,,,,9,2,4,1.0,1.0
2404,3,1,3,1,1.0,0,,,,,1,Hombre,22,484,5,Media,Media,2,,,,,3,,,,,,,,,,,,,,,,,,,,,,,,,,,,,,,,,9,6,0,1.0,1.0
2418,2,1,2,1,1.0,0,,,,,1,Hombre,30,900,7,Universitaria,Superior,2,,,,,3,,,,,,,,,,,,,,,,,,,,,,,,,,,,,,,,,9,6,1,1.0,1.0
2422,1,1,1,0,,1,,,,,1,Hombre,31,961,5,Media,Media,2,,1.0,,,3,,,,,,,,,,,,,,,,,,,,,,,,,,,,,,,,,9,2,3,1.0,1.0
2425,3,1,3,1,1.0,0,2000.0,7.600902459542082,2.0,5000.0,2,Mujer,23,529,6,Tecnica/tecnologica,Superior,1,,,,,3,3.0,1.0,2.0,1.0,CINCO MIL PESOS,,,,,,1.0,,,,1.0,1.0,,2.0,2.0,2.0,2.0,2.0,1.0,2.0,1.0,2.0,1.0,1.0,1.0,2.0,1.0,2.0,9,5,1,1.0,2.0
2433,3,1,3,1,1.0,0,,,,,1,Hombre,31,961,5,Media,Media,2,,,,,3,,,,,,,,,,,,,,,,,,,,,,,,,,,,,,,,,9,6,0,1.0,1.0
2437,1,1,1,1,1.0,0,,,,,2,Mujer,34,1156,5,Media,Media,2,,,,,3,,,,,,,,,,,,,,,,,,,,,,,,,,,,,,,,,9,6,2,1.0,2.0
2451,1,1,1,0,,1,,,,,1,Hombre,51,2601,5,Media,Media,2,,1.0,,,3,,,,,,,,,,,,,,,,,,,,,,,,,,,,,,,,,9,5,0,1.0,1.0
2458,2,1,2,0,,1,,,,,1,Hombre,28,784,5,Media,Media,2,,1.0,,,3,,,,,,,,,,,,,,,,,,,,,,,,,,,,,,,,,5,3,1,1.0,1.0
2467,3,1,3,0,,1,,,,,1,Hombre,33,1089,7,Universitaria,Superior,2,,1.0,,,3,,,,,,,,,,,,,,,,,,,,,,,,,,,,,,,,,9,6,0,1.0,1.0
2474,1,1,1,0,,1,,,,,1,Hombre,41,1681,7,Universitaria,Superior,2,,1.0,,,3,,,,,,,,,,,,,,,,,,,,,,,,,,,,,,,,,9,5,1,1.0,1.0
2499,2,1,2,1,1.0,0,,,,,1,Hombre,57,3249,3,Basica primaria,Baja,2,,,,,3,,,,,,,,,,,,,,,,,,,,,,,,,,,,,,,,,9,5,3,1.0,1.0
2514,1,1,1,0,,1,,,,,1,Hombre,30,900,7,Universitaria,Superior,2,,1.0,,,3,,,,,,,,,,,,,,,,,,,,,,,,,,,,,,,,,9,1,0,1.0,1.0
2522,2,1,2,1,1.0,0,,,,,1,Hombre,35,1225,6,Tecnica/tecnologica,Superior,2,,1.0,,,3,,,,,,,,,,,,,,,,,,,,,,,,,,,,,,,,,9,6,0,1.0,1.0
2530,1,1,1,1,1.0,0,,,2.0,3000.0,1,Hombre,26,676,6,Tecnica/tecnologica,Superior,1,1.0,1.0,,,3,2.0,1.0,3.0,1.0,TRES MIL PESOS,,,,1.0,,,,,,1.0,,,2.0,2.0,2.0,2.0,2.0,2.0,2.0,2.0,2.0,2.0,1.0,2.0,2.0,2.0,2.0,1,6,0,1.0,1.0
2548,1,1,1,1,1.0,0,,,,,2,Mujer,25,625,5,Media,Media,2,,,,,3,,,,,,,,,,,,,,,,,,,,,,,,,,,,,,,,,9,5,3,1.0,2.0
2552,3,1,3,0,,1,,,1.0,,1,Hombre,16,256,4,Basica secundaria,Media,1,,1.0,,,3,2.0,2.0,,2.0,,,,,1.0,,,,,,2.0,,,2.0,2.0,2.0,2.0,2.0,2.0,2.0,2.0,2.0,2.0,1.0,2.0,2.0,2.0,1.0,9,6,0,,
2565,1,1,1,1,1.0,0,,,,,1,Hombre,24,576,5,Media,Media,2,,,,,3,,,,,,,,,,,,,,,,,,,,,,,,,,,,,,,,,9,6,0,1.0,1.0
2584,1,1,1,0,,1,,,,,1,Hombre,37,1369,5,Media,Media,2,,1.0,,,3,,,,,,,,,,,,,,,,,,,,,,,,,,,,,,,,,1,3,1,1.0,1.0
2607,3,1,3,0,,1,,,,,1,Hombre,44,1936,7,Universitaria,Superior,2,,1.0,,,3,,,,,,,,,,,,,,,,,,,,,,,,,,,,,,,,,9,6,0,1.0,1.0
2616,3,1,3,0,,1,,,,,2,Mujer,17,289,5,Media,Media,2,,1.0,,,3,,,,,,,,,,,,,,,,,,,,,,,,,,,,,,,,,5,6,0,,
2677,3,1,3,1,1.0,0,,,30.0,2000.0,1,Hombre,29,841,5,Media,Media,1,1.0,1.0,1.0,,3,5.0,1.0,30.0,1.0,DOS MIL PESOS,,,1.0,1.0,,,,,,1.0,,,1.0,1.0,1.0,2.0,2.0,2.0,1.0,2.0,1.0,2.0,1.0,2.0,2.0,2.0,1.0,9,6,0,1.0,1.0
2697,3,1,3,0,,1,,,,,2,Mujer,19,361,6,Tecnica/tecnologica,Superior,2,,1.0,,,3,,,,,,,,,,,,,,,,,,,,,,,,,,,,,,,,,9,6,1,1.0,2.0
2700,3,1,3,1,1.0,0,,,,,2,Mujer,22,484,3,Basica primaria,Baja,2,,,,,3,,,,,,,,,,,,,,,,,,,,,,,,,,,,,,,,,9,2,2,1.0,2.0
2722,1,1,1,0,,1,,,,,1,Hombre,61,3721,3,Basica primaria,Baja,2,,1.0,,,3,,,,,,,,,,,,,,,,,,,,,,,,,,,,,,,,,9,2,4,1.0,1.0
2723,1,1,1,0,,1,,,1.0,,1,Hombre,24,576,4,Basica secundaria,Media,1,1.0,1.0,,,3,1.0,2.0,,2.0,,,,,1.0,,,,,,1.0,,,2.0,2.0,2.0,2.0,2.0,2.0,2.0,2.0,2.0,2.0,2.0,2.0,2.0,2.0,2.0,9,2,1,1.0,1.0
2734,1,1,1,1,1.0,0,20000.0,9.903487552536127,5.0,,1,Hombre,22,484,6,Tecnica/tecnologica,Superior,1,,1.0,,,3,4.0,1.0,20.0,2.0,,,,1.0,,,,,,,2.0,,,2.0,2.0,2.0,2.0,2.0,1.0,1.0,2.0,2.0,2.0,2.0,2.0,2.0,2.0,2.0,9,5,1,1.0,1.0
2774,1,1,1,0,,1,,,,,1,Hombre,24,576,7,Universitaria,Superior,2,,1.0,,,3,,,,,,,,,,,,,,,,,,,,,,,,,,,,,,,,,1,6,0,1.0,1.0
2796,2,1,2,0,,1,,,,,1,Hombre,32,1024,5,Media,Media,2,,1.0,,,3,,,,,,,,,,,,,,,,,,,,,,,,,,,,,,,,,9,6,0,1.0,1.0
2798,1,1,1,0,,1,,,,,1,Hombre,64,4096,6,Tecnica/tecnologica,Superior,2,,,,1.0,3,,,,,,,,,,,,,,,,,,,,,,,,,,,,,,,,,9,6,1,1.0,1.0
2801,2,1,2,0,,1,,,,,1,Hombre,55,3025,7,Universitaria,Superior,2,,,,1.0,3,,,,,,,,,,,,,,,,,,,,,,,,,,,,,,,,,9,2,2,1.0,1.0
2802,2,1,2,1,1.0,0,,,,,1,Hombre,24,576,5,Media,Media,2,,,,,3,,,,,,,,,,,,,,,,,,,,,,,,,,,,,,,,,5,5,0,1.0,1.0
2824,1,1,1,0,,1,,,,,1,Hombre,62,3844,7,Universitaria,Superior,2,,1.0,,,3,,,,,,,,,,,,,,,,,,,,,,,,,,,,,,,,,9,4,3,1.0,1.0
2846,1,1,1,0,,1,,,,,1,Hombre,45,2025,7,Universitaria,Superior,2,,1.0,,,3,,,,,,,,,,,,,,,,,,,,,,,,,,,,,,,,,9,5,1,1.0,1.0
2868,2,1,2,1,1.0,0,,,,,2,Mujer,22,484,3,Basica primaria,Baja,2,,1.0,,,3,,,,,,,,,,,,,,,,,,,,,,,,,,,,,,,,,9,1,2,1.0,2.0
2891,3,1,3,1,1.0,0,,,,,1,Hombre,19,361,5,Media,Media,2,,,,,3,,,,,,,,,,,,,,,,,,,,,,,,,,,,,,,,,9,6,0,1.0,1.0
2896,1,1,1,1,1.0,0,,,,,1,Hombre,39,1521,5,Media,Media,2,,,,,3,,,,,,,,,,,,,,,,,,,,,,,,,,,,,,,,,9,5,5,1.0,1.0
2909,1,1,1,1,1.0,0,30000.0,10.308952660644293,10.0,3000.0,2,Mujer,30,900,5,Media,Media,1,,,,,3,5.0,1.0,30.0,1.0,TRES MIL PESOS,,,,1.0,,,,,,2.0,,,2.0,2.0,2.0,2.0,2.0,2.0,2.0,2.0,2.0,2.0,2.0,2.0,2.0,2.0,1.0,9,6,0,2.0,1.0
2941,1,1,1,0,,1,,,,,1,Hombre,57,3249,4,Basica secundaria,Media,2,,1.0,,,3,,,,,,,,,,,,,,,,,,,,,,,,,,,,,,,,,9,3,3,1.0,1.0
2957,1,1,1,0,,1,,,,,2,Mujer,56,3136,5,Media,Media,2,,,,1.0,3,,,,,,,,,,,,,,,,,,,,,,,,,,,,,,,,,1,5,4,1.0,2.0
2963,4,1,4,1,1.0,0,,,,,1,Hombre,17,289,5,Media,Media,2,,,,,3,,,,,,,,,,,,,,,,,,,,,,,,,,,,,,,,,1,6,0,,
2975,1,1,1,1,1.0,0,,,,,1,Hombre,33,1089,3,Basica primaria,Baja,2,,,,,3,,,,,,,,,,,,,,,,,,,,,,,,,,,,,,,,,9,2,1,1.0,1.0
2979,2,1,2,0,,1,,,,,1,Hombre,30,900,5,Media,Media,2,,1.0,,,3,,,,,,,,,,,,,,,,,,,,,,,,,,,,,,,,,9,2,2,1.0,1.0
3001,7,1,7,1,1.0,0,,,,,1,Hombre,21,441,3,Basica primaria,Baja,2,,,,,3,,,,,,,,,,,,,,,,,,,,,,,,,,,,,,,,,9,5,2,1.0,1.0
3006,1,1,1,1,1.0,0,,,,,1,Hombre,58,3364,5,Media,Media,2,,,,,3,,,,,,,,,,,,,,,,,,,,,,,,,,,,,,,,,9,3,2,1.0,1.0
3099,1,1,1,0,,1,,,,,1,Hombre,62,3844,3,Basica primaria,Baja,2,,1.0,,,3,,,,,,,,,,,,,,,,,,,,,,,,,,,,,,,,,1,2,2,1.0,1.0
3112,1,1,1,0,,1,,,,,1,Hombre,65,4225,3,Basica primaria,Baja,2,,1.0,,,3,,,,,,,,,,,,,,,,,,,,,,,,,,,,,,,,,5,5,3,1.0,1.0
3115,1,1,1,0,,1,,,,,2,Mujer,23,529,6,Tecnica/tecnologica,Superior,2,,1.0,,,3,,,,,,,,,,,,,,,,,,,,,,,,,,,,,,,,,9,1,0,1.0,2.0
3170,1,1,1,0,,1,,,,,1,Hombre,29,841,7,Universitaria,Superior,2,,,,1.0,3,,,,,,,,,,,,,,,,,,,,,,,,,,,,,,,,,9,6,0,1.0,1.0
3183,1,1,1,1,1.0,0,,,,,1,Hombre,51,2601,5,Media,Media,2,,,,,3,,,,,,,,,,,,,,,,,,,,,,,,,,,,,,,,,9,3,2,1.0,1.0
3192,2,1,2,0,,1,,,,,2,Mujer,22,484,5,Media,Media,2,,1.0,,,3,,,,,,,,,,,,,,,,,,,,,,,,,,,,,,,,,9,6,0,1.0,2.0
3228,3,1,3,1,1.0,0,,,2.0,3000.0,2,Mujer,12,144,4,Basica secundaria,Media,1,,,,1.0,2,2.0,2.0,,1.0,TRESMIL PESOS,,,,1.0,,,,,,2.0,,,1.0,2.0,2.0,1.0,2.0,2.0,1.0,2.0,2.0,1.0,2.0,2.0,2.0,2.0,2.0,9,6,0,,
3240,1,1,1,0,,1,,,,,1,Hombre,29,841,7,Universitaria,Superior,2,,1.0,,,3,,,,,,,,,,,,,,,,,,,,,,,,,,,,,,,,,9,3,2,1.0,1.0
3241,1,1,1,0,,1,,,,,1,Hombre,26,676,6,Tecnica/tecnologica,Superior,2,,1.0,,,3,,,,,,,,,,,,,,,,,,,,,,,,,,,,,,,,,9,6,0,1.0,1.0
3243,1,1,1,0,,1,,,,,1,Hombre,62,3844,4,Basica secundaria,Media,2,,1.0,,,3,,,,,,,,,,,,,,,,,,,,,,,,,,,,,,,,,9,6,1,1.0,1.0
3280,3,1,3,1,1.0,0,,,,,2,Mujer,29,841,7,Universitaria,Superior,2,,,,,3,,,,,,,,,,,,,,,,,,,,,,,,,,,,,,,,,9,6,0,1.0,2.0
3301,7,1,7,1,1.0,0,,,1.0,1000.0,1,Hombre,29,841,5,Media,Media,1,,,,,3,3.0,1.0,1.0,1.0,MIL PESOS,,,,1.0,,,,,,2.0,,,2.0,2.0,2.0,2.0,2.0,2.0,2.0,2.0,2.0,2.0,1.0,2.0,2.0,2.0,1.0,5,2,4,1.0,1.0
3361,1,1,1,0,,1,,,,,1,Hombre,59,3481,4,Basica secundaria,Media,2,,,,1.0,3,,,,,,,,,,,,,,,,,,,,,,,,,,,,,,,,,9,6,2,1.0,1.0
3395,2,1,2,1,1.0,0,3000.0,8.006367567650246,100.0,3000.0,2,Mujer,29,841,4,Basica secundaria,Media,1,,,,,1,4.0,1.0,30.0,1.0,TRES MIL PESOS,,,,,1.0,,,,,2.0,,,2.0,2.0,2.0,2.0,2.0,1.0,1.0,2.0,2.0,1.0,1.0,1.0,1.0,2.0,1.0,5,2,2,1.0,2.0
3409,1,1,1,1,1.0,0,,,,,1,Hombre,30,900,3,Basica primaria,Baja,2,,1.0,1.0,,3,,,,,,,,,,,,,,,,,,,,,,,,,,,,,,,,,9,6,1,1.0,1.0
3411,1,1,1,0,,1,,,,,1,Hombre,49,2401,3,Basica primaria,Baja,2,,1.0,,,3,,,,,,,,,,,,,,,,,,,,,,,,,,,,,,,,,9,3,3,1.0,1.0
3441,2,1,2,1,1.0,0,1000.0,6.907755278982137,10.0,3000.0,1,Hombre,23,529,5,Media,Media,1,,1.0,1.0,,1,5.0,1.0,30.0,1.0,TRES MIL PESOS,,,1.0,,,,,,,2.0,,,1.0,1.0,2.0,1.0,2.0,1.0,1.0,2.0,2.0,2.0,2.0,2.0,2.0,2.0,1.0,9,6,0,1.0,1.0
3443,2,1,2,0,,1,,,,,2,Mujer,23,529,5,Media,Media,2,,1.0,,,3,,,,,,,,,,,,,,,,,,,,,,,,,,,,,,,,,9,2,2,1.0,2.0
3501,1,1,1,0,,1,,,,,1,Hombre,46,2116,5,Media,Media,2,,1.0,,,3,,,,,,,,,,,,,,,,,,,,,,,,,,,,,,,,,9,6,1,1.0,1.0
3514,2,1,2,1,1.0,0,,,60.0,2000.0,1,Hombre,22,484,6,Tecnica/tecnologica,Superior,1,,1.0,,,3,5.0,2.0,,1.0,DOS MIL PESOS,,,1.0,,1.0,1.0,1.0,,,2.0,,,2.0,2.0,2.0,2.0,2.0,1.0,1.0,1.0,1.0,1.0,1.0,1.0,1.0,2.0,2.0,9,6,0,1.0,1.0
3523,1,1,1,0,,1,50000.0,10.819778284410283,30.0,2000.0,1,Hombre,21,441,7,Universitaria,Superior,1,,1.0,,,2,5.0,1.0,30.0,1.0,DOS MIL PESOS,,,,,1.0,,,,,2.0,,,2.0,1.0,2.0,2.0,2.0,2.0,2.0,2.0,2.0,2.0,1.0,2.0,2.0,2.0,2.0,9,6,0,1.0,1.0
3528,3,1,3,1,1.0,0,,,1.0,5000.0,2,Mujer,32,1024,6,Tecnica/tecnologica,Superior,1,,,,,3,1.0,2.0,,1.0,CINCOMIL,,,,1.0,,,,,,2.0,,,2.0,2.0,2.0,2.0,2.0,2.0,2.0,2.0,2.0,2.0,2.0,2.0,2.0,2.0,2.0,9,5,2,3.0,2.0
3575,2,1,2,1,1.0,0,,,1.0,3000.0,2,Mujer,20,400,5,Media,Media,1,,,,,2,1.0,2.0,,1.0,TRES MIL,,,,1.0,,,,,,2.0,,,2.0,2.0,2.0,2.0,2.0,2.0,2.0,2.0,2.0,2.0,2.0,2.0,2.0,2.0,2.0,9,6,1,1.0,2.0
3587,1,1,1,0,,1,50000.0,10.819778284410283,4.0,2000.0,1,Hombre,47,2209,4,Basica secundaria,Media,1,,1.0,,,3,4.0,1.0,6.0,1.0,DOS MIL PESOS,,,1.0,,,1.0,1.0,,,2.0,,,2.0,2.0,2.0,2.0,2.0,1.0,1.0,2.0,1.0,1.0,1.0,2.0,2.0,2.0,2.0,9,2,1,1.0,1.0
3614,2,1,2,1,1.0,0,60000.0,11.002099841204238,30.0,2000.0,1,Hombre,35,1225,3,Basica primaria,Baja,1,,,,,3,5.0,1.0,30.0,1.0,DOS MIL PESOS,,,1.0,,,,,,,2.0,,,2.0,1.0,2.0,2.0,2.0,2.0,2.0,1.0,2.0,2.0,2.0,2.0,2.0,2.0,2.0,9,3,3,1.0,1.0
3634,3,1,3,1,1.0,0,,,,,1,Hombre,21,441,6,Tecnica/tecnologica,Superior,2,,,,,3,,,,,,,,,,,,,,,,,,,,,,,,,,,,,,,,,9,6,0,1.0,1.0
3654,1,1,1,1,1.0,0,,,,,1,Hombre,23,529,6,Tecnica/tecnologica,Superior,2,,,,,3,,,,,,,,,,,,,,,,,,,,,,,,,,,,,,,,,1,6,0,1.0,1.0
3661,4,1,4,0,,1,,,,,1,Hombre,41,1681,8,Postgrado,Superior,2,,1.0,,,3,,,,,,,,,,,,,,,,,,,,,,,,,,,,,,,,,9,5,0,1.0,1.0
3665,3,1,3,1,1.0,0,,,2.0,2500.0,1,Hombre,20,400,7,Universitaria,Superior,1,1.0,,,,2,2.0,2.0,,1.0,DOS MIL QUINIENTOS,1.0,,1.0,1.0,1.0,,,,,1.0,1.0,,2.0,1.0,1.0,2.0,2.0,2.0,1.0,2.0,1.0,1.0,1.0,1.0,2.0,1.0,1.0,9,6,0,1.0,1.0
3701,1,1,1,0,,1,,,,,1,Hombre,31,961,5,Media,Media,2,,1.0,,,3,,,,,,,,,,,,,,,,,,,,,,,,,,,,,,,,,9,1,1,1.0,1.0
3730,1,1,1,1,1.0,0,,,1.0,,1,Hombre,23,529,6,Tecnica/tecnologica,Superior,1,,,,,3,1.0,2.0,,2.0,,,,,1.0,,,,,,2.0,,,2.0,2.0,2.0,2.0,2.0,2.0,2.0,2.0,2.0,2.0,2.0,1.0,2.0,2.0,2.0,9,6,0,1.0,1.0
3738,1,1,1,1,1.0,0,5000.0,8.517193191416238,60.0,2000.0,2,Mujer,26,676,6,Tecnica/tecnologica,Superior,1,1.0,,,,3,5.0,1.0,30.0,1.0,DOS MIL,,,,1.0,,,,,,1.0,,,2.0,2.0,2.0,2.0,2.0,1.0,1.0,1.0,2.0,1.0,2.0,1.0,2.0,2.0,1.0,9,1,1,2.0,2.0
3758,1,1,1,0,,1,,,,,1,Hombre,58,3364,3,Basica primaria,Baja,2,,,,1.0,3,,,,,,,,,,,,,,,,,,,,,,,,,,,,,,,,,9,3,3,1.0,1.0
3761,3,1,3,0,,1,,,1.0,3000.0,2,Mujer,16,256,5,Media,Media,1,,1.0,,,2,2.0,2.0,,1.0,TRES MIL,,,,1.0,,,,,,2.0,,,2.0,2.0,2.0,1.0,2.0,2.0,1.0,2.0,2.0,2.0,1.0,2.0,2.0,2.0,2.0,9,6,0,,
3781,1,1,1,1,1.0,0,,,,,1,Hombre,40,1600,5,Media,Media,2,,1.0,,,3,,,,,,,,,,,,,,,,,,,,,,,,,,,,,,,,,9,3,1,1.0,1.0
3786,1,1,1,1,1.0,0,,,,,1,Hombre,26,676,6,Tecnica/tecnologica,Superior,2,,1.0,1.0,,3,,,,,,,,,,,,,,,,,,,,,,,,,,,,,,,,,9,1,1,1.0,1.0
3795,2,1,2,1,1.0,0,,,,,2,Mujer,31,961,6,Tecnica/tecnologica,Superior,2,,,,,3,,,,,,,,,,,,,,,,,,,,,,,,,,,,,,,,,9,2,2,1.0,2.0
3798,3,1,3,1,1.0,0,,,2.0,,1,Hombre,16,256,5,Media,Media,1,,,,,3,2.0,2.0,,2.0,,,,,1.0,,,,,,2.0,,,2.0,1.0,2.0,1.0,1.0,1.0,1.0,1.0,1.0,1.0,1.0,1.0,1.0,1.0,2.0,9,6,0,,
3802,3,1,3,1,1.0,0,,,,,1,Hombre,27,729,7,Universitaria,Superior,2,,,,,3,,,,,,,,,,,,,,,,,,,,,,,,,,,,,,,,,9,6,0,1.0,1.0
3809,2,1,2,1,1.0,0,,,,,2,Mujer,33,1089,6,Tecnica/tecnologica,Superior,2,,,,,3,,,,,,,,,,,,,,,,,,,,,,,,,,,,,,,,,9,3,2,1.0,2.0
3844,1,1,1,0,,1,,,,,1,Hombre,64,4096,8,Postgrado,Superior,2,,1.0,,,3,,,,,,,,,,,,,,,,,,,,,,,,,,,,,,,,,9,4,2,1.0,1.0
3884,1,1,1,1,1.0,0,5000.0,8.517193191416238,1.0,5000.0,1,Hombre,26,676,5,Media,Media,1,,,,,1,1.0,1.0,1.0,1.0,CINCO MIL PESOS,,,,,1.0,,,,,2.0,,,2.0,2.0,2.0,2.0,2.0,2.0,2.0,2.0,2.0,2.0,2.0,2.0,2.0,2.0,2.0,1,1,0,1.0,1.0
3896,2,1,2,1,1.0,0,100000.0,11.512925464970229,15.0,2000.0,1,Hombre,28,784,5,Media,Media,1,,,,,1,2.0,1.0,15.0,1.0,DOS MIL PESOS,,,,1.0,,,,,,2.0,,,2.0,2.0,2.0,1.0,2.0,1.0,2.0,1.0,2.0,2.0,1.0,2.0,2.0,1.0,1.0,9,2,0,1.0,1.0
3931,1,1,1,0,,1,,,,,2,Mujer,29,841,7,Universitaria,Superior,2,,,,1.0,3,,,,,,,,,,,,,,,,,,,,,,,,,,,,,,,,,9,5,2,1.0,2.0
3934,2,1,2,0,,1,,,,,2,Mujer,37,1369,7,Universitaria,Superior,2,,1.0,,,3,,,,,,,,,,,,,,,,,,,,,,,,,,,,,,,,,9,3,2,1.0,2.0
3951,5,1,5,0,,1,,,,,2,Mujer,32,1024,6,Tecnica/tecnologica,Superior,2,,1.0,,,3,,,,,,,,,,,,,,,,,,,,,,,,,,,,,,,,,5,2,2,1.0,2.0
3970,2,1,2,0,,1,,,,,2,Mujer,23,529,6,Tecnica/tecnologica,Superior,2,,1.0,,,3,,,,,,,,,,,,,,,,,,,,,,,,,,,,,,,,,9,2,0,2.0,2.0
3988,1,1,1,0,,1,,,,,1,Hombre,65,4225,3,Basica primaria,Baja,2,,1.0,,,3,,,,,,,,,,,,,,,,,,,,,,,,,,,,,,,,,9,2,2,1.0,1.0
3989,1,1,1,0,,1,,,,,1,Hombre,32,1024,5,Media,Media,2,,1.0,,,3,,,,,,,,,,,,,,,,,,,,,,,,,,,,,,,,,9,2,1,1.0,1.0
4011,3,1,3,0,,1,10000.0,9.210340371976184,5.0,2000.0,1,Hombre,30,900,5,Media,Media,1,,1.0,,,3,3.0,1.0,99.0,1.0,DOS MIL,,,,1.0,,,,,,2.0,,,2.0,2.0,2.0,2.0,2.0,2.0,2.0,2.0,2.0,2.0,2.0,2.0,2.0,2.0,2.0,9,6,1,1.0,1.0
4013,2,1,2,1,1.0,0,,,,,1,Hombre,17,289,3,Basica primaria,Baja,2,,,,,3,,,,,,,,,,,,,,,,,,,,,,,,,,,,,,,,,5,6,0,,
4016,1,1,1,0,,1,,,,,1,Hombre,60,3600,7,Universitaria,Superior,2,,1.0,,,3,,,,,,,,,,,,,,,,,,,,,,,,,,,,,,,,,2,2,1,1.0,1.0
4026,3,1,3,0,,1,,,,,1,Hombre,34,1156,7,Universitaria,Superior,2,,1.0,,,3,,,,,,,,,,,,,,,,,,,,,,,,,,,,,,,,,9,6,0,1.0,1.0
4077,1,1,1,0,,1,,,,,1,Hombre,62,3844,7,Universitaria,Superior,2,,1.0,,,3,,,,,,,,,,,,,,,,,,,,,,,,,,,,,,,,,9,5,2,1.0,2.0
4080,1,1,1,0,,1,,,,,1,Hombre,37,1369,4,Basica secundaria,Media,2,,1.0,,,3,,,,,,,,,,,,,,,,,,,,,,,,,,,,,,,,,9,1,1,1.0,1.0
4087,1,1,1,1,1.0,0,80000.0,11.289781913656018,60.0,2000.0,1,Hombre,39,1521,5,Media,Media,1,,1.0,1.0,,3,5.0,1.0,30.0,1.0,DOS MIL PESOS,,,1.0,,,,,,,2.0,,,2.0,2.0,2.0,1.0,2.0,1.0,1.0,2.0,1.0,2.0,2.0,2.0,2.0,2.0,1.0,9,3,3,1.0,1.0
4115,3,1,3,0,,1,,,,,2,Mujer,29,841,8,Postgrado,Superior,2,,1.0,,,3,,,,,,,,,,,,,,,,,,,,,,,,,,,,,,,,,9,6,0,1.0,2.0
4135,3,1,3,1,1.0,0,10000.0,9.210340371976184,3.0,3000.0,1,Hombre,20,400,5,Media,Media,1,1.0,1.0,,,3,4.0,1.0,10.0,1.0,TRES MIL PESOS,,,,,,1.0,,,,1.0,,,1.0,2.0,1.0,1.0,2.0,1.0,1.0,1.0,1.0,1.0,1.0,1.0,1.0,1.0,1.0,9,6,0,1.0,1.0
4163,1,1,1,1,1.0,0,,,,,1,Hombre,34,1156,6,Tecnica/tecnologica,Superior,2,,1.0,,,3,,,,,,,,,,,,,,,,,,,,,,,,,,,,,,,,,9,3,2,1.0,1.0
4166,1,1,1,1,1.0,0,,,,,1,Hombre,24,576,7,Universitaria,Superior,2,,,,,3,,,,,,,,,,,,,,,,,,,,,,,,,,,,,,,,,9,3,0,1.0,2.0
4174,3,1,3,1,1.0,0,,,4.0,10000.0,1,Hombre,24,576,5,Media,Media,1,1.0,1.0,1.0,,3,2.0,2.0,,1.0,DIEZ MIL PESOS,,,,1.0,,,,,,1.0,,,1.0,1.0,2.0,1.0,1.0,1.0,1.0,1.0,1.0,1.0,1.0,1.0,1.0,1.0,1.0,9,6,0,1.0,1.0
4175,4,1,4,0,,1,,,2.0,,1,Hombre,43,1849,5,Media,Media,1,,1.0,,,3,2.0,2.0,,2.0,,,,,1.0,,,,,,2.0,,,2.0,2.0,2.0,2.0,2.0,2.0,2.0,2.0,2.0,2.0,2.0,2.0,2.0,2.0,2.0,9,5,1,1.0,1.0
4184,2,1,2,0,,1,,,1.0,,2,Mujer,18,324,5,Media,Media,1,,1.0,,,3,1.0,2.0,,2.0,,,,,1.0,,,,,,2.0,,,2.0,2.0,2.0,2.0,2.0,1.0,2.0,2.0,2.0,2.0,2.0,2.0,2.0,2.0,2.0,9,6,0,1.0,2.0
4188,3,1,3,1,1.0,0,,,,,1,Hombre,21,441,4,Basica secundaria,Media,2,,,,,3,,,,,,,,,,,,,,,,,,,,,,,,,,,,,,,,,9,6,0,1.0,1.0
4199,2,1,2,0,,1,,,,,2,Mujer,36,1296,8,Postgrado,Superior,2,,1.0,,,3,,,,,,,,,,,,,,,,,,,,,,,,,,,,,,,,,9,2,1,1.0,2.0
4227,1,1,1,0,,1,,,,,1,Hombre,25,625,5,Media,Media,2,,1.0,,,3,,,,,,,,,,,,,,,,,,,,,,,,,,,,,,,,,9,6,0,3.0,1.0
4270,1,1,1,1,1.0,0,30000.0,10.308952660644293,30.0,2000.0,1,Hombre,33,1089,5,Media,Media,1,,,,,3,5.0,1.0,30.0,1.0,DOS MIL PESOS,,,,1.0,,,,,,2.0,,,2.0,2.0,2.0,2.0,2.0,2.0,2.0,2.0,2.0,2.0,2.0,2.0,2.0,2.0,2.0,9,5,1,1.0,1.0
4273,1,1,1,0,,1,,,,,1,Hombre,46,2116,3,Basica primaria,Baja,2,,1.0,,,3,,,,,,,,,,,,,,,,,,,,,,,,,,,,,,,,,9,3,4,1.0,1.0
4278,7,1,7,1,1.0,0,60000.0,11.002099841204238,43.0,4000.0,1,Hombre,22,484,4,Basica secundaria,Media,1,1.0,1.0,1.0,,3,5.0,1.0,29.0,1.0,CUATRO MIL,,,1.0,1.0,1.0,,,,,1.0,1.0,,2.0,1.0,1.0,1.0,2.0,1.0,1.0,1.0,1.0,2.0,1.0,1.0,1.0,1.0,2.0,9,6,0,1.0,1.0
4285,1,1,1,1,1.0,0,,,,,1,Hombre,28,784,5,Media,Media,2,,,,,3,,,,,,,,,,,,,,,,,,,,,,,,,,,,,,,,,9,6,1,1.0,1.0
4312,2,1,2,1,1.0,0,,,,,1,Hombre,28,784,7,Universitaria,Superior,2,,,,,3,,,,,,,,,,,,,,,,,,,,,,,,,,,,,,,,,9,6,0,1.0,1.0
4314,2,1,2,0,,1,,,,,1,Hombre,25,625,5,Media,Media,2,,1.0,,,3,,,,,,,,,,,,,,,,,,,,,,,,,,,,,,,,,9,6,0,1.0,1.0
4339,2,1,2,1,1.0,0,,,,,2,Mujer,22,484,6,Tecnica/tecnologica,Superior,2,,,,,3,,,,,,,,,,,,,,,,,,,,,,,,,,,,,,,,,9,5,0,1.0,2.0
4386,3,1,3,1,1.0,0,,,1.0,1000.0,1,Hombre,27,729,8,Postgrado,Superior,1,1.0,,,,3,2.0,2.0,,1.0,MIL PESOS,,,,1.0,,,,,,1.0,,,1.0,2.0,2.0,2.0,2.0,2.0,2.0,2.0,1.0,1.0,2.0,2.0,2.0,2.0,2.0,9,6,0,1.0,1.0
4411,1,1,1,0,,1,,,,,1,Hombre,65,4225,4,Basica secundaria,Media,2,,1.0,,,3,,,,,,,,,,,,,,,,,,,,,,,,,,,,,,,,,9,2,3,1.0,1.0
4421,4,1,4,1,1.0,0,,,,,1,Hombre,20,400,7,Universitaria,Superior,2,,,,,3,,,,,,,,,,,,,,,,,,,,,,,,,,,,,,,,,9,6,0,1.0,1.0
4423,1,1,1,1,1.0,0,,,,,1,Hombre,20,400,5,Media,Media,2,,,,,3,,,,,,,,,,,,,,,,,,,,,,,,,,,,,,,,,9,6,0,1.0,1.0
4436,2,1,2,1,1.0,0,,,1.0,3000.0,2,Mujer,32,1024,6,Tecnica/tecnologica,Superior,1,,,,,3,2.0,2.0,,1.0,TRES MIL PESOS,,,,1.0,,,,,,2.0,,,2.0,2.0,2.0,2.0,2.0,2.0,2.0,2.0,2.0,2.0,2.0,2.0,2.0,2.0,1.0,9,3,0,1.0,2.0
4438,1,1,1,0,,1,,,,,1,Hombre,55,3025,5,Media,Media,2,,1.0,,,3,,,,,,,,,,,,,,,,,,,,,,,,,,,,,,,,,9,2,2,1.0,1.0
4457,1,1,1,0,,1,,,,,2,Mujer,28,784,7,Universitaria,Superior,2,,1.0,,,2,,,,,,,,,,,,,,,,,,,,,,,,,,,,,,,,,9,6,2,1.0,2.0
4461,2,1,2,0,,1,,,,,2,Mujer,34,1156,4,Basica secundaria,Media,2,,1.0,,,3,,,,,,,,,,,,,,,,,,,,,,,,,,,,,,,,,9,5,2,1.0,2.0
4464,2,1,2,1,1.0,0,,,,,1,Hombre,30,900,6,Tecnica/tecnologica,Superior,2,,,,,3,,,,,,,,,,,,,,,,,,,,,,,,,,,,,,,,,9,2,2,1.0,1.0
4465,1,1,1,1,1.0,0,,,3.0,1000.0,1,Hombre,18,324,5,Media,Media,1,,,,,3,2.0,2.0,,1.0,MIL PESOS,,,1.0,,,,,,,2.0,,,2.0,2.0,2.0,2.0,2.0,2.0,2.0,2.0,2.0,2.0,2.0,2.0,2.0,2.0,2.0,9,6,0,1.0,1.0
4506,1,1,1,0,,1,,,,,1,Hombre,43,1849,4,Basica secundaria,Media,2,,1.0,,,3,,,,,,,,,,,,,,,,,,,,,,,,,,,,,,,,,9,5,2,1.0,1.0
4516,1,1,1,0,,1,,,,,1,Hombre,62,3844,3,Basica primaria,Baja,2,,1.0,,,3,,,,,,,,,,,,,,,,,,,,,,,,,,,,,,,,,9,3,4,1.0,1.0
4522,5,1,5,0,,1,,,,,1,Hombre,19,361,4,Basica secundaria,Media,2,,1.0,,,3,,,,,,,,,,,,,,,,,,,,,,,,,,,,,,,,,9,1,0,1.0,1.0
4529,1,1,1,0,,1,,,,,2,Mujer,40,1600,8,Postgrado,Superior,2,,,1.0,,3,,,,,,,,,,,,,,,,,,,,,,,,,,,,,,,,,9,3,0,1.0,2.0
4532,3,1,3,1,1.0,0,,,1.0,2000.0,2,Mujer,25,625,6,Tecnica/tecnologica,Superior,1,1.0,,1.0,,2,1.0,2.0,,1.0,DOS MIL PESOS,,,1.0,,1.0,,,,,1.0,,,1.0,1.0,1.0,1.0,2.0,1.0,1.0,2.0,2.0,2.0,2.0,2.0,2.0,2.0,2.0,5,6,1,1.0,2.0
4559,1,1,1,0,,1,,,,,2,Mujer,29,841,8,Postgrado,Superior,2,,1.0,,,3,,,,,,,,,,,,,,,,,,,,,,,,,,,,,,,,,9,6,0,1.0,2.0
4577,2,1,2,1,1.0,0,25000.0,10.126631103850338,60.0,1000.0,1,Hombre,23,529,5,Media,Media,1,,,,,1,5.0,1.0,30.0,1.0,MIL PESOS,,,1.0,,,,,,,2.0,,,2.0,2.0,2.0,2.0,2.0,2.0,2.0,2.0,2.0,2.0,2.0,2.0,2.0,2.0,1.0,9,6,0,1.0,1.0
4590,2,1,2,1,1.0,0,,,,,2,Mujer,33,1089,6,Tecnica/tecnologica,Superior,2,,1.0,1.0,1.0,3,,,,,,,,,,,,,,,,,,,,,,,,,,,,,,,,,5,6,0,3.0,2.0
4625,1,1,1,0,,1,,,,,1,Hombre,44,1936,3,Basica primaria,Baja,2,,,,1.0,3,,,,,,,,,,,,,,,,,,,,,,,,,,,,,,,,,9,2,3,1.0,1.0
4636,1,1,1,1,1.0,0,,,,,2,Mujer,39,1521,4,Basica secundaria,Media,2,,,,,3,,,,,,,,,,,,,,,,,,,,,,,,,,,,,,,,,9,2,3,1.0,2.0
4647,1,1,1,0,,1,,,,,1,Hombre,54,2916,5,Media,Media,2,,1.0,,,3,,,,,,,,,,,,,,,,,,,,,,,,,,,,,,,,,9,5,1,1.0,1.0
4674,1,1,1,0,,1,,,,,2,Mujer,36,1296,6,Tecnica/tecnologica,Superior,2,,1.0,,,3,,,,,,,,,,,,,,,,,,,,,,,,,,,,,,,,,1,2,2,1.0,2.0
4695,1,1,1,1,1.0,0,,,,,1,Hombre,24,576,6,Tecnica/tecnologica,Superior,2,,,,,3,,,,,,,,,,,,,,,,,,,,,,,,,,,,,,,,,9,1,0,1.0,1.0
4716,1,1,1,0,,1,,,,,2,Mujer,60,3600,3,Basica primaria,Baja,2,,1.0,,,3,,,,,,,,,,,,,,,,,,,,,,,,,,,,,,,,,9,5,2,1.0,2.0
4787,3,1,3,0,,1,,,,,1,Hombre,38,1444,3,Basica primaria,Baja,2,,1.0,,,3,,,,,,,,,,,,,,,,,,,,,,,,,,,,,,,,,9,5,0,1.0,1.0
4806,2,1,2,1,1.0,0,,,5.0,5000.0,2,Mujer,27,729,5,Media,Media,1,,,,,2,2.0,2.0,,1.0,CINCO MIL PESOS,,,,1.0,,,,,,2.0,,,2.0,2.0,2.0,2.0,2.0,1.0,2.0,2.0,2.0,2.0,2.0,2.0,2.0,2.0,2.0,9,6,0,1.0,2.0
4809,2,1,2,0,,1,10000.0,9.210340371976184,4.0,,1,Hombre,17,289,5,Media,Media,1,,1.0,,,3,4.0,1.0,4.0,2.0,,,,1.0,,,,,,,2.0,,,2.0,2.0,2.0,2.0,2.0,1.0,1.0,2.0,1.0,1.0,1.0,2.0,2.0,2.0,2.0,5,6,0,,
4826,1,1,1,0,,1,,,,,2,Mujer,51,2601,1,Ninguno,Baja,2,,1.0,,,3,,,,,,,,,,,,,,,,,,,,,,,,,,,,,,,,,1,4,8,1.0,2.0
4838,3,1,3,0,,1,,,,,1,Hombre,39,1521,5,Media,Media,2,,1.0,,,3,,,,,,,,,,,,,,,,,,,,,,,,,,,,,,,,,9,6,0,1.0,1.0
4856,3,1,3,0,,1,,,,,2,Mujer,19,361,6,Tecnica/tecnologica,Superior,2,,1.0,,,3,,,,,,,,,,,,,,,,,,,,,,,,,,,,,,,,,9,6,1,1.0,2.0
4885,4,1,4,0,,1,,,1.0,,2,Mujer,19,361,5,Media,Media,1,,1.0,,,2,2.0,2.0,,2.0,,,,,1.0,,,,,,2.0,,,2.0,2.0,2.0,2.0,2.0,1.0,2.0,2.0,2.0,2.0,1.0,2.0,2.0,2.0,2.0,9,6,0,1.0,2.0
4921,2,1,2,0,,1,,,10.0,,1,Hombre,27,729,6,Tecnica/tecnologica,Superior,1,,1.0,,,3,9.0,1.0,1.0,2.0,,,,,,,,,,1.0,2.0,,,2.0,2.0,2.0,2.0,2.0,2.0,2.0,2.0,2.0,2.0,2.0,2.0,2.0,2.0,2.0,1,6,1,1.0,1.0
4935,1,1,1,0,,1,,,,,2,Mujer,56,3136,6,Tecnica/tecnologica,Superior,2,,1.0,,,3,,,,,,,,,,,,,,,,,,,,,,,,,,,,,,,,,9,5,3,1.0,2.0
4949,2,1,2,1,1.0,0,,,,,2,Mujer,45,2025,3,Basica primaria,Baja,2,,,,,3,,,,,,,,,,,,,,,,,,,,,,,,,,,,,,,,,5,2,4,1.0,2.0
4979,3,1,3,0,,1,,,,,2,Mujer,23,529,5,Media,Media,2,,1.0,,,3,,,,,,,,,,,,,,,,,,,,,,,,,,,,,,,,,9,2,1,1.0,2.0
4984,2,1,2,0,,1,,,,,1,Hombre,31,961,4,Basica secundaria,Media,2,,1.0,,,3,,,,,,,,,,,,,,,,,,,,,,,,,,,,,,,,,9,6,1,1.0,1.0
5002,2,1,2,0,,1,,,,,1,Hombre,24,576,4,Basica secundaria,Media,2,,1.0,,,3,,,,,,,,,,,,,,,,,,,,,,,,,,,,,,,,,5,6,0,1.0,1.0
5017,2,1,2,1,1.0,0,,,,,2,Mujer,22,484,5,Media,Media,2,,1.0,,,3,,,,,,,,,,,,,,,,,,,,,,,,,,,,,,,,,5,2,0,1.0,2.0
5041,3,1,3,0,,1,,,2.0,700.0,1,Hombre,25,625,7,Universitaria,Superior,1,,1.0,,,2,2.0,2.0,,1.0,SETECIENTOS,,,,1.0,,,,,,2.0,,,2.0,2.0,2.0,2.0,2.0,2.0,2.0,2.0,2.0,2.0,1.0,2.0,2.0,2.0,2.0,9,6,0,1.0,1.0
5052,2,1,2,0,,1,,,,,2,Mujer,50,2500,5,Media,Media,2,,1.0,,,3,,,,,,,,,,,,,,,,,,,,,,,,,,,,,,,,,5,3,0,1.0,2.0
5094,2,1,2,0,,1,,,,,2,Mujer,38,1444,3,Basica primaria,Baja,2,,1.0,,,3,,,,,,,,,,,,,,,,,,,,,,,,,,,,,,,,,9,6,1,1.0,2.0
5119,1,1,1,0,,1,,,,,2,Mujer,35,1225,3,Basica primaria,Baja,2,,1.0,,,3,,,,,,,,,,,,,,,,,,,,,,,,,,,,,,,,,5,6,0,1.0,2.0
5132,1,1,1,0,,1,,,,,2,Mujer,40,1600,8,Postgrado,Superior,2,,,1.0,,3,,,,,,,,,,,,,,,,,,,,,,,,,,,,,,,,,9,5,2,1.0,2.0
5138,1,1,1,0,,1,,,,,1,Hombre,52,2704,3,Basica primaria,Baja,2,,1.0,,,3,,,,,,,,,,,,,,,,,,,,,,,,,,,,,,,,,1,5,2,1.0,1.0
5139,1,1,1,0,,1,,,,,1,Hombre,62,3844,1,Ninguno,Baja,2,,1.0,,,3,,,,,,,,,,,,,,,,,,,,,,,,,,,,,,,,,5,5,4,1.0,1.0
5212,3,1,3,0,,1,,,,,2,Mujer,41,1681,8,Postgrado,Superior,2,,1.0,,,3,,,,,,,,,,,,,,,,,,,,,,,,,,,,,,,,,9,6,0,1.0,2.0
5240,1,1,1,0,,1,,,,,2,Mujer,40,1600,1,Ninguno,Baja,2,,1.0,,,3,,,,,,,,,,,,,,,,,,,,,,,,,,,,,,,,,9,5,3,1.0,2.0
5242,3,1,3,1,1.0,0,,,,,1,Hombre,20,400,7,Universitaria,Superior,2,,,,,3,,,,,,,,,,,,,,,,,,,,,,,,,,,,,,,,,9,6,0,1.0,1.0
5262,1,1,1,0,,1,,,,,1,Hombre,58,3364,3,Basica primaria,Baja,2,,1.0,,,3,,,,,,,,,,,,,,,,,,,,,,,,,,,,,,,,,9,5,6,1.0,1.0
5294,2,1,2,0,,1,30000.0,10.308952660644293,32.0,2000.0,1,Hombre,31,961,6,Tecnica/tecnologica,Superior,1,1.0,1.0,,,3,5.0,1.0,30.0,1.0,DOS MIL,,,,1.0,,,,,,1.0,,,2.0,1.0,2.0,1.0,2.0,1.0,1.0,1.0,1.0,1.0,1.0,1.0,2.0,2.0,1.0,9,6,0,1.0,1.0
5310,3,1,3,1,1.0,0,10000.0,9.210340371976184,20.0,4000.0,2,Mujer,18,324,4,Basica secundaria,Media,1,1.0,,,,3,5.0,1.0,30.0,1.0,CUATRO MIL,,,1.0,1.0,,,,,,1.0,,,2.0,2.0,2.0,1.0,2.0,2.0,2.0,2.0,1.0,1.0,1.0,2.0,2.0,2.0,2.0,9,1,1,1.0,2.0
5332,1,1,1,1,1.0,0,,,,,1,Hombre,32,1024,5,Media,Media,2,,,,,3,,,,,,,,,,,,,,,,,,,,,,,,,,,,,,,,,9,3,4,1.0,1.0
5405,4,1,4,0,,1,,,,,1,Hombre,33,1089,6,Tecnica/tecnologica,Superior,2,,1.0,,,3,,,,,,,,,,,,,,,,,,,,,,,,,,,,,,,,,9,6,0,1.0,1.0
5409,1,1,1,1,1.0,0,,,,,1,Hombre,31,961,7,Universitaria,Superior,2,,,,,3,,,,,,,,,,,,,,,,,,,,,,,,,,,,,,,,,9,2,1,1.0,1.0
5411,4,1,4,1,1.0,0,,,,,1,Hombre,25,625,6,Tecnica/tecnologica,Superior,2,,1.0,,,3,,,,,,,,,,,,,,,,,,,,,,,,,,,,,,,,,1,6,0,1.0,1.0
5416,1,1,1,0,,1,,,,,1,Hombre,42,1764,6,Tecnica/tecnologica,Superior,2,,1.0,,,3,,,,,,,,,,,,,,,,,,,,,,,,,,,,,,,,,1,2,2,1.0,1.0
5434,2,1,2,0,,1,,,,,2,Mujer,26,676,5,Media,Media,2,,1.0,,,3,,,,,,,,,,,,,,,,,,,,,,,,,,,,,,,,,9,1,1,1.0,2.0
5442,1,1,1,0,,1,,,15.0,3000.0,1,Hombre,30,900,6,Tecnica/tecnologica,Superior,1,1.0,1.0,,,3,5.0,1.0,15.0,1.0,TRES MIL,,,,1.0,,1.0,,,,1.0,,,2.0,1.0,1.0,2.0,2.0,2.0,2.0,2.0,2.0,2.0,1.0,2.0,2.0,2.0,1.0,9,6,0,2.0,1.0
5453,1,1,1,0,,1,,,,,1,Hombre,30,900,5,Media,Media,2,,1.0,,,3,,,,,,,,,,,,,,,,,,,,,,,,,,,,,,,,,9,3,1,1.0,1.0
5469,2,1,2,1,1.0,0,,,,,1,Hombre,27,729,7,Universitaria,Superior,2,,,,,3,,,,,,,,,,,,,,,,,,,,,,,,,,,,,,,,,1,3,3,1.0,1.0
5483,1,1,1,0,,1,,,,,1,Hombre,50,2500,6,Tecnica/tecnologica,Superior,2,,1.0,,,3,,,,,,,,,,,,,,,,,,,,,,,,,,,,,,,,,9,2,1,1.0,1.0
5499,1,1,1,0,,1,,,,,1,Hombre,30,900,6,Tecnica/tecnologica,Superior,2,,1.0,,,3,,,,,,,,,,,,,,,,,,,,,,,,,,,,,,,,,9,2,3,1.0,1.0
5520,3,1,3,0,,1,,,,,1,Hombre,39,1521,4,Basica secundaria,Media,2,,1.0,,,3,,,,,,,,,,,,,,,,,,,,,,,,,,,,,,,,,9,5,0,1.0,1.0
5523,5,1,5,1,1.0,0,60000.0,11.002099841204238,20.0,3000.0,1,Hombre,18,324,5,Media,Media,1,1.0,1.0,,,3,4.0,1.0,20.0,1.0,TRES MIL PESOS,,,,1.0,,,,,,1.0,,,2.0,2.0,2.0,1.0,2.0,1.0,1.0,2.0,1.0,2.0,2.0,1.0,2.0,2.0,2.0,9,6,0,1.0,1.0
5534,3,1,3,0,,1,,,,,1,Hombre,24,576,7,Universitaria,Superior,2,,1.0,,,3,,,,,,,,,,,,,,,,,,,,,,,,,,,,,,,,,9,5,0,1.0,1.0
5545,2,1,2,0,,1,,,,,2,Mujer,60,3600,4,Basica secundaria,Media,2,,1.0,,,3,,,,,,,,,,,,,,,,,,,,,,,,,,,,,,,,,9,6,0,1.0,2.0
5547,4,1,4,1,1.0,0,15000.0,9.615805480084347,5.0,1000.0,2,Mujer,20,400,5,Media,Media,1,,,,,3,3.0,1.0,5.0,1.0,MIL PESOS,,,,,,1.0,,,,2.0,,,1.0,2.0,2.0,1.0,1.0,1.0,2.0,2.0,2.0,2.0,1.0,2.0,1.0,2.0,1.0,9,5,0,1.0,2.0
5557,3,1,3,1,1.0,0,5000.0,8.517193191416238,1.0,5000.0,1,Hombre,30,900,6,Tecnica/tecnologica,Superior,1,,1.0,,,3,2.0,1.0,1.0,1.0,CINCO MIL PESOS,,,,1.0,,,,,,2.0,,,2.0,2.0,2.0,2.0,2.0,2.0,2.0,2.0,2.0,2.0,2.0,2.0,2.0,2.0,2.0,9,5,1,1.0,1.0
5560,1,1,1,1,1.0,0,150000.0,11.918390573078392,30.0,2000.0,1,Hombre,36,1296,5,Media,Media,1,,,,,1,5.0,1.0,20.0,1.0,DOS MIL PESOS,,,,,,1.0,,,,2.0,,,1.0,1.0,2.0,1.0,2.0,2.0,2.0,2.0,2.0,2.0,1.0,2.0,2.0,2.0,2.0,5,1,3,1.0,1.0
5562,2,1,2,0,,1,,,,,1,Hombre,33,1089,4,Basica secundaria,Media,2,,1.0,,,3,,,,,,,,,,,,,,,,,,,,,,,,,,,,,,,,,9,1,2,1.0,1.0
5564,1,1,1,0,,1,,,,,1,Hombre,23,529,4,Basica secundaria,Media,2,,1.0,,,3,,,,,,,,,,,,,,,,,,,,,,,,,,,,,,,,,9,2,1,1.0,1.0
5581,3,1,3,1,1.0,0,,,,,1,Hombre,30,900,7,Universitaria,Superior,2,,,,,3,,,,,,,,,,,,,,,,,,,,,,,,,,,,,,,,,9,6,0,1.0,1.0
5609,1,1,1,0,,1,,,,,1,Hombre,50,2500,7,Universitaria,Superior,2,,1.0,,,3,,,,,,,,,,,,,,,,,,,,,,,,,,,,,,,,,9,5,2,1.0,1.0
5611,1,1,1,0,,1,,,,,1,Hombre,54,2916,4,Basica secundaria,Media,2,,1.0,,,3,,,,,,,,,,,,,,,,,,,,,,,,,,,,,,,,,1,6,6,1.0,1.0
5633,3,1,3,1,1.0,0,,,,,1,Hombre,24,576,4,Basica secundaria,Media,2,,,,,3,,,,,,,,,,,,,,,,,,,,,,,,,,,,,,,,,9,6,0,1.0,1.0
5642,1,1,1,1,1.0,0,,,,,1,Hombre,46,2116,3,Basica primaria,Baja,2,,,,,3,,,,,,,,,,,,,,,,,,,,,,,,,,,,,,,,,9,6,2,1.0,1.0
5661,1,1,1,0,,1,,,,,1,Hombre,43,1849,3,Basica primaria,Baja,2,,1.0,,,3,,,,,,,,,,,,,,,,,,,,,,,,,,,,,,,,,1,3,3,1.0,1.0
5690,1,1,1,1,1.0,0,150000.0,11.918390573078392,90.0,3000.0,1,Hombre,35,1225,5,Media,Media,1,1.0,1.0,1.0,,3,5.0,1.0,30.0,1.0,TRES MIL PESOS,,,1.0,,,,,,,1.0,,,1.0,1.0,1.0,1.0,2.0,1.0,1.0,1.0,1.0,1.0,1.0,2.0,2.0,2.0,1.0,9,2,1,1.0,1.0
5710,1,1,1,1,1.0,0,,,2.0,1000.0,1,Hombre,31,961,4,Basica secundaria,Media,1,1.0,1.0,,,2,3.0,2.0,,1.0,MIL PESOS,,,,1.0,,,,,,1.0,,,2.0,2.0,2.0,2.0,2.0,1.0,2.0,2.0,1.0,2.0,1.0,2.0,2.0,2.0,2.0,9,2,0,1.0,1.0
5736,3,1,3,0,,1,,,,,1,Hombre,57,3249,7,Universitaria,Superior,2,,1.0,,,3,,,,,,,,,,,,,,,,,,,,,,,,,,,,,,,,,5,6,0,1.0,1.0
5737,3,1,3,1,1.0,0,10000.0,9.210340371976184,4.0,2000.0,1,Hombre,18,324,6,Tecnica/tecnologica,Superior,1,1.0,,,,3,4.0,1.0,5.0,1.0,DOS MIL PESOS,,,,,,1.0,,,,1.0,,,2.0,2.0,2.0,2.0,2.0,2.0,2.0,1.0,1.0,1.0,1.0,2.0,2.0,1.0,2.0,9,6,0,1.0,1.0
5738,1,1,1,0,,1,20000.0,9.903487552536127,12.0,2500.0,1,Hombre,27,729,5,Media,Media,1,,1.0,,,3,2.0,1.0,8.0,1.0,DOS MIL QUINIENTOS PESOS,,,1.0,,,,,,,2.0,,,1.0,2.0,2.0,1.0,1.0,2.0,2.0,2.0,2.0,2.0,2.0,2.0,2.0,2.0,1.0,5,2,3,1.0,1.0
5764,4,1,4,0,,1,,,,,1,Hombre,42,1764,5,Media,Media,2,,,1.0,,3,,,,,,,,,,,,,,,,,,,,,,,,,,,,,,,,,9,5,2,1.0,1.0
5775,5,1,5,0,,1,,,,,2,Mujer,21,441,7,Universitaria,Superior,2,,1.0,,,3,,,,,,,,,,,,,,,,,,,,,,,,,,,,,,,,,9,6,0,1.0,2.0
5783,3,1,3,0,,1,,,,,1,Hombre,30,900,6,Tecnica/tecnologica,Superior,2,,,,1.0,2,,,,,,,,,,,,,,,,,,,,,,,,,,,,,,,,,5,6,0,1.0,1.0
5791,1,1,1,0,,1,,,,,1,Hombre,35,1225,8,Postgrado,Superior,2,,1.0,,,3,,,,,,,,,,,,,,,,,,,,,,,,,,,,,,,,,5,2,2,1.0,1.0
5801,1,1,1,1,1.0,0,50000.0,10.819778284410283,15.0,2000.0,1,Hombre,39,1521,7,Universitaria,Superior,1,1.0,,,,3,4.0,1.0,15.0,1.0,DOS MIL PESOS,,,,1.0,1.0,,,,,1.0,1.0,,1.0,2.0,2.0,2.0,2.0,2.0,2.0,1.0,1.0,1.0,1.0,2.0,2.0,2.0,2.0,9,6,0,1.0,1.0
5804,3,1,3,0,,1,,,,,2,Mujer,23,529,7,Universitaria,Superior,2,,1.0,,,3,,,,,,,,,,,,,,,,,,,,,,,,,,,,,,,,,9,6,0,1.0,2.0
5812,4,1,4,0,,1,,,1.0,5000.0,2,Mujer,18,324,7,Universitaria,Superior,1,,1.0,,,2,1.0,2.0,,1.0,CINCO MIL PESOS,,,,1.0,,,,,,2.0,,,2.0,2.0,2.0,2.0,2.0,2.0,2.0,2.0,2.0,2.0,1.0,2.0,1.0,2.0,2.0,9,6,0,1.0,2.0
5828,3,1,3,1,1.0,0,,,2.0,2000.0,1,Hombre,34,1156,7,Universitaria,Superior,1,,1.0,,,2,2.0,2.0,,1.0,DOS MIL PESOS,,,,1.0,,,,,,2.0,,,2.0,2.0,2.0,2.0,2.0,1.0,2.0,2.0,2.0,2.0,2.0,2.0,2.0,2.0,2.0,9,6,0,1.0,1.0
5870,1,1,1,0,,1,,,,,1,Hombre,30,900,5,Media,Media,2,,1.0,,,3,,,,,,,,,,,,,,,,,,,,,,,,,,,,,,,,,9,6,1,1.0,1.0
5875,2,1,2,0,,1,,,,,2,Mujer,30,900,5,Media,Media,2,,1.0,,,3,,,,,,,,,,,,,,,,,,,,,,,,,,,,,,,,,9,2,3,1.0,2.0
5876,1,1,1,1,1.0,0,35000.0,10.46310334047155,15.0,3000.0,1,Hombre,22,484,5,Media,Media,1,1.0,1.0,1.0,,3,4.0,1.0,22.0,1.0,TRES MIL PESOS,,,,1.0,,,,,,1.0,1.0,,2.0,2.0,2.0,1.0,2.0,1.0,2.0,2.0,2.0,2.0,1.0,1.0,2.0,2.0,1.0,9,6,0,1.0,1.0
5931,1,1,1,0,,1,,,1.0,,1,Hombre,31,961,6,Tecnica/tecnologica,Superior,1,,1.0,,,3,2.0,2.0,,2.0,,,,,1.0,,,,,,2.0,,,2.0,2.0,2.0,2.0,2.0,2.0,2.0,2.0,2.0,2.0,2.0,2.0,2.0,2.0,2.0,9,6,0,3.0,1.0
5937,1,1,1,1,1.0,0,,,,,1,Hombre,41,1681,4,Basica secundaria,Media,2,,1.0,,,3,,,,,,,,,,,,,,,,,,,,,,,,,,,,,,,,,9,3,4,1.0,1.0
5951,2,1,2,1,1.0,0,25000.0,10.126631103850338,40.0,5000.0,2,Mujer,27,729,4,Basica secundaria,Media,1,1.0,1.0,1.0,,3,5.0,1.0,30.0,1.0,CINCO MIL PESOS,,,,1.0,,,,,,1.0,,,2.0,2.0,1.0,1.0,1.0,1.0,1.0,1.0,1.0,1.0,1.0,1.0,1.0,1.0,1.0,5,1,4,3.0,2.0
5959,2,1,2,0,,1,,,,,2,Mujer,56,3136,3,Basica primaria,Baja,2,,1.0,,,3,,,,,,,,,,,,,,,,,,,,,,,,,,,,,,,,,1,3,4,1.0,2.0
5967,1,1,1,1,1.0,0,,,,,1,Hombre,47,2209,3,Basica primaria,Baja,2,,,,,3,,,,,,,,,,,,,,,,,,,,,,,,,,,,,,,,,5,3,5,1.0,1.0
5971,1,1,1,0,,1,,,,,1,Hombre,22,484,6,Tecnica/tecnologica,Superior,2,,1.0,,,3,,,,,,,,,,,,,,,,,,,,,,,,,,,,,,,,,9,6,0,1.0,1.0
5974,5,1,5,1,1.0,0,,,,,1,Hombre,20,400,6,Tecnica/tecnologica,Superior,2,,1.0,,,3,,,,,,,,,,,,,,,,,,,,,,,,,,,,,,,,,9,6,0,1.0,1.0
6015,1,1,1,0,,1,,,,,1,Hombre,29,841,5,Media,Media,2,,1.0,,,3,,,,,,,,,,,,,,,,,,,,,,,,,,,,,,,,,9,2,2,1.0,1.0
6018,1,1,1,0,,1,,,,,2,Mujer,48,2304,1,Ninguno,Baja,2,,,,1.0,3,,,,,,,,,,,,,,,,,,,,,,,,,,,,,,,,,9,5,2,1.0,2.0
6020,2,1,2,1,1.0,0,,,,,2,Mujer,32,1024,7,Universitaria,Superior,2,,1.0,1.0,,3,,,,,,,,,,,,,,,,,,,,,,,,,,,,,,,,,9,6,0,1.0,2.0
6045,2,1,2,0,,1,30000.0,10.308952660644293,3.0,8000.0,1,Hombre,35,1225,3,Basica primaria,Baja,1,,1.0,,,3,2.0,1.0,1.0,1.0,OCHO MIL PESOS,,,,1.0,,,,,,2.0,,,2.0,2.0,2.0,1.0,2.0,1.0,2.0,1.0,1.0,2.0,2.0,2.0,1.0,1.0,2.0,5,6,3,1.0,1.0
6057,2,1,2,0,,1,,,,,2,Mujer,38,1444,5,Media,Media,2,,,,1.0,3,,,,,,,,,,,,,,,,,,,,,,,,,,,,,,,,,9,3,3,1.0,2.0
6071,2,1,2,1,1.0,0,,,,,1,Hombre,42,1764,3,Basica primaria,Baja,2,,,,,3,,,,,,,,,,,,,,,,,,,,,,,,,,,,,,,,,5,2,2,1.0,1.0
6093,2,1,2,1,1.0,0,300000.0,12.611537753638338,70.0,600.0,1,Hombre,24,576,5,Media,Media,1,1.0,1.0,1.0,,3,5.0,1.0,30.0,1.0,SEISCIENTOS PESOS,,,1.0,,,,,,,1.0,1.0,,2.0,1.0,1.0,2.0,1.0,1.0,1.0,1.0,2.0,2.0,2.0,1.0,2.0,2.0,2.0,9,2,0,1.0,1.0
6119,2,1,2,0,,1,,,,,1,Hombre,32,1024,7,Universitaria,Superior,2,,1.0,,,3,,,,,,,,,,,,,,,,,,,,,,,,,,,,,,,,,9,6,1,1.0,1.0
6139,1,1,1,0,,1,,,,,1,Hombre,30,900,7,Universitaria,Superior,2,,1.0,,,3,,,,,,,,,,,,,,,,,,,,,,,,,,,,,,,,,9,3,2,1.0,1.0
6142,1,1,1,0,,1,,,1.0,2000.0,2,Mujer,40,1600,4,Basica secundaria,Media,1,,1.0,,,3,2.0,2.0,,1.0,DOS MIL PESOS,,,1.0,,,,,,,2.0,,,2.0,2.0,2.0,2.0,2.0,1.0,2.0,2.0,2.0,2.0,2.0,2.0,2.0,2.0,2.0,9,5,1,1.0,2.0
6181,3,1,3,1,1.0,0,60000.0,11.002099841204238,30.0,2000.0,1,Hombre,61,3721,4,Basica secundaria,Media,1,1.0,1.0,1.0,,3,5.0,1.0,30.0,1.0,DOS MIL PESOS,,,1.0,,,,,,,1.0,,,2.0,2.0,1.0,1.0,2.0,2.0,1.0,1.0,2.0,1.0,1.0,1.0,2.0,2.0,1.0,9,6,2,1.0,1.0
6192,5,1,5,1,1.0,0,40000.0,10.596634733096073,10.0,5000.0,1,Hombre,20,400,3,Basica primaria,Baja,1,,,,,3,4.0,1.0,8.0,1.0,CINCO MIL PESOS,,,1.0,,,,,,,2.0,,,2.0,2.0,2.0,2.0,2.0,2.0,2.0,2.0,2.0,2.0,2.0,2.0,2.0,2.0,2.0,5,6,1,1.0,1.0
6193,2,1,2,0,,1,,,,,1,Hombre,61,3721,1,Ninguno,Baja,2,,,,1.0,3,,,,,,,,,,,,,,,,,,,,,,,,,,,,,,,,,9,6,1,1.0,1.0
6204,4,1,4,0,,1,,,,,1,Hombre,50,2500,6,Tecnica/tecnologica,Superior,2,,1.0,,,3,,,,,,,,,,,,,,,,,,,,,,,,,,,,,,,,,9,5,2,1.0,1.0
6224,4,1,4,0,,1,50000.0,10.819778284410283,10.0,2000.0,1,Hombre,24,576,4,Basica secundaria,Media,1,1.0,1.0,,,3,5.0,1.0,30.0,1.0,DOS MIL PESOS,1.0,1.0,1.0,1.0,1.0,1.0,1.0,,,1.0,,,1.0,1.0,1.0,1.0,1.0,1.0,1.0,1.0,1.0,1.0,1.0,1.0,1.0,1.0,1.0,9,6,0,1.0,1.0
6225,1,1,1,1,1.0,0,,,1.0,5000.0,1,Hombre,24,576,6,Tecnica/tecnologica,Superior,1,1.0,1.0,,,3,2.0,2.0,,1.0,CINCO MIL,,,,,,1.0,,,,1.0,,,2.0,2.0,2.0,2.0,2.0,2.0,2.0,2.0,2.0,2.0,2.0,2.0,2.0,2.0,2.0,9,6,0,1.0,1.0
6228,1,1,1,0,,1,,,,,1,Hombre,65,4225,4,Basica secundaria,Media,2,,1.0,,,3,,,,,,,,,,,,,,,,,,,,,,,,,,,,,,,,,9,5,1,1.0,1.0
6273,2,1,2,1,1.0,0,30000.0,10.308952660644293,60.0,3000.0,1,Hombre,29,841,7,Universitaria,Superior,1,1.0,,,,3,5.0,1.0,8.0,1.0,TRES MIL,,,,,,,1.0,,,1.0,,,2.0,2.0,2.0,2.0,2.0,2.0,2.0,2.0,2.0,2.0,2.0,2.0,2.0,2.0,2.0,5,6,0,1.0,1.0
6281,2,1,2,1,1.0,0,,,,,1,Hombre,19,361,5,Media,Media,2,,,,,3,,,,,,,,,,,,,,,,,,,,,,,,,,,,,,,,,5,6,0,1.0,1.0
6287,1,1,1,0,,1,,,,,1,Hombre,45,2025,7,Universitaria,Superior,2,,1.0,,,3,,,,,,,,,,,,,,,,,,,,,,,,,,,,,,,,,9,5,3,1.0,1.0
6291,1,1,1,0,,1,,,1.0,,1,Hombre,22,484,7,Universitaria,Superior,1,,1.0,,,3,2.0,2.0,,2.0,,,,,,,,,1.0,,2.0,,,2.0,2.0,2.0,2.0,2.0,2.0,2.0,2.0,2.0,2.0,2.0,1.0,2.0,2.0,2.0,1,6,0,2.0,1.0
6296,3,1,3,1,1.0,0,,,,,2,Mujer,23,529,4,Basica secundaria,Media,2,,,,,3,,,,,,,,,,,,,,,,,,,,,,,,,,,,,,,,,9,2,2,1.0,2.0
6308,4,1,4,1,1.0,0,20000.0,9.903487552536127,,2000.0,1,Hombre,22,484,4,Basica secundaria,Media,1,,,,,3,3.0,1.0,5.0,1.0,DOS MIL PESOS,,,1.0,,,,,,,2.0,,,2.0,2.0,2.0,2.0,2.0,1.0,2.0,2.0,2.0,2.0,2.0,1.0,2.0,2.0,1.0,9,6,1,1.0,1.0
6324,1,1,1,0,,1,,,,,1,Hombre,27,729,5,Media,Media,2,,1.0,,,3,,,,,,,,,,,,,,,,,,,,,,,,,,,,,,,,,9,2,0,1.0,1.0
6351,3,1,3,1,1.0,0,,,,,1,Hombre,30,900,3,Basica primaria,Baja,2,,,,,2,,,,,,,,,,,,,,,,,,,,,,,,,,,,,,,,,9,6,0,1.0,1.0
6352,3,1,3,0,,1,,,1.0,,1,Hombre,29,841,8,Postgrado,Superior,1,,1.0,,,3,1.0,2.0,,2.0,,,,,1.0,,,,,,2.0,,,2.0,2.0,2.0,2.0,2.0,2.0,2.0,2.0,2.0,2.0,2.0,2.0,2.0,2.0,2.0,9,6,0,1.0,1.0
6413,2,1,2,0,,1,,,,,2,Mujer,37,1369,7,Universitaria,Superior,2,,,,1.0,3,,,,,,,,,,,,,,,,,,,,,,,,,,,,,,,,,9,3,1,1.0,2.0
6414,2,1,2,1,1.0,0,150000.0,11.918390573078392,30.0,5000.0,1,Hombre,33,1089,5,Media,Media,1,,,,,3,5.0,1.0,30.0,1.0,CINCO MIL PESOS,,,,1.0,,,,,,2.0,,,2.0,2.0,2.0,2.0,2.0,2.0,2.0,1.0,2.0,2.0,2.0,1.0,2.0,2.0,1.0,9,6,1,1.0,1.0
6438,2,1,2,0,,1,,,,,1,Hombre,23,529,7,Universitaria,Superior,2,,,1.0,,3,,,,,,,,,,,,,,,,,,,,,,,,,,,,,,,,,1,6,0,2.0,1.0
6443,2,1,2,0,,1,,,,,2,Mujer,22,484,5,Media,Media,2,,,,1.0,3,,,,,,,,,,,,,,,,,,,,,,,,,,,,,,,,,9,3,1,1.0,2.0
6447,1,1,1,0,,1,,,,,1,Hombre,29,841,3,Basica primaria,Baja,2,,1.0,,,3,,,,,,,,,,,,,,,,,,,,,,,,,,,,,,,,,9,2,3,1.0,1.0
6449,4,1,4,1,1.0,0,30000.0,10.308952660644293,30.0,1000.0,1,Hombre,23,529,4,Basica secundaria,Media,1,,,,,3,5.0,1.0,30.0,1.0,MIL PESOS,,,1.0,,,,,,,2.0,,,2.0,2.0,2.0,2.0,1.0,1.0,2.0,2.0,2.0,2.0,2.0,2.0,2.0,2.0,2.0,9,5,1,1.0,1.0
6454,3,1,3,1,1.0,0,,,,,2,Mujer,25,625,5,Media,Media,2,,,,,3,,,,,,,,,,,,,,,,,,,,,,,,,,,,,,,,,9,6,1,1.0,2.0
6488,2,1,2,0,,1,20000.0,9.903487552536127,4.0,5000.0,1,Hombre,28,784,5,Media,Media,1,,,1.0,,3,4.0,1.0,4.0,1.0,CINCO MIL PESOS,,,,1.0,,,,,,2.0,,,2.0,2.0,2.0,2.0,2.0,2.0,2.0,2.0,2.0,2.0,2.0,2.0,2.0,2.0,2.0,5,6,0,1.0,1.0
6533,2,1,2,0,,1,,,1.0,5000.0,2,Mujer,21,441,7,Universitaria,Superior,1,,1.0,,,3,1.0,2.0,,1.0,CINCO MIL PESOS,,,1.0,,,,,,,2.0,,,2.0,2.0,2.0,2.0,2.0,1.0,2.0,2.0,2.0,2.0,2.0,2.0,2.0,2.0,2.0,9,2,0,1.0,2.0
6542,1,1,1,1,1.0,0,,,,,2,Mujer,54,2916,6,Tecnica/tecnologica,Superior,2,,,,,3,,,,,,,,,,,,,,,,,,,,,,,,,,,,,,,,,5,6,1,1.0,2.0
6620,2,1,2,0,,1,,,,,1,Hombre,63,3969,5,Media,Media,2,,1.0,,,3,,,,,,,,,,,,,,,,,,,,,,,,,,,,,,,,,5,3,3,1.0,1.0
6622,2,1,2,0,,1,30000.0,10.308952660644293,20.0,1500.0,1,Hombre,35,1225,5,Media,Media,1,,1.0,,,1,4.0,1.0,20.0,1.0,MIL QUINIENTOS,,,1.0,,,,,,,2.0,,,2.0,2.0,2.0,2.0,2.0,2.0,2.0,2.0,2.0,2.0,2.0,2.0,2.0,2.0,1.0,9,2,4,1.0,1.0
6623,1,1,1,0,,1,,,,,1,Hombre,62,3844,3,Basica primaria,Baja,2,,1.0,,,3,,,,,,,,,,,,,,,,,,,,,,,,,,,,,,,,,9,1,7,1.0,1.0
6627,2,1,2,0,,1,,,,,1,Hombre,25,625,5,Media,Media,2,,1.0,,,3,,,,,,,,,,,,,,,,,,,,,,,,,,,,,,,,,9,6,0,1.0,1.0
6657,2,1,2,0,,1,,,,,1,Hombre,42,1764,5,Media,Media,2,,,,1.0,3,,,,,,,,,,,,,,,,,,,,,,,,,,,,,,,,,9,5,1,1.0,1.0
6678,2,1,2,1,1.0,0,,,,,1,Hombre,21,441,5,Media,Media,2,,,,,3,,,,,,,,,,,,,,,,,,,,,,,,,,,,,,,,,9,6,0,1.0,1.0
6679,1,1,1,0,,1,60000.0,11.002099841204238,5.0,2000.0,2,Mujer,24,576,6,Tecnica/tecnologica,Superior,1,,1.0,,,1,4.0,1.0,15.0,1.0,DOS MIL PESOS,,,,1.0,,,,,,2.0,,,2.0,2.0,2.0,2.0,2.0,1.0,1.0,2.0,2.0,2.0,1.0,2.0,2.0,1.0,1.0,9,6,0,1.0,2.0
6707,2,1,2,0,,1,60000.0,11.002099841204238,120.0,2000.0,1,Hombre,36,1296,5,Media,Media,1,,1.0,,,3,5.0,1.0,30.0,1.0,DOS MIL PESOS,,,1.0,,,,,,,2.0,,,2.0,2.0,2.0,2.0,2.0,2.0,2.0,2.0,2.0,2.0,2.0,2.0,2.0,2.0,2.0,9,6,0,1.0,1.0
6713,3,1,3,0,,1,,,,,1,Hombre,19,361,5,Media,Media,2,,1.0,,,9,,,,,,,,,,,,,,,,,,,,,,,,,,,,,,,,,9,5,0,1.0,1.0
6717,1,1,1,1,1.0,0,,,,,2,Mujer,27,729,4,Basica secundaria,Media,2,,,,,3,,,,,,,,,,,,,,,,,,,,,,,,,,,,,,,,,9,5,1,1.0,2.0
6726,3,1,3,1,1.0,0,,,2.0,1000.0,1,Hombre,38,1444,7,Universitaria,Superior,1,1.0,1.0,,,3,1.0,2.0,,1.0,mil pesos,,,,1.0,,,,,,1.0,,,2.0,2.0,2.0,2.0,2.0,2.0,2.0,2.0,2.0,2.0,2.0,2.0,2.0,2.0,2.0,9,6,0,1.0,1.0
6764,1,1,1,1,1.0,0,,,,,1,Hombre,34,1156,7,Universitaria,Superior,2,,,,,3,,,,,,,,,,,,,,,,,,,,,,,,,,,,,,,,,9,2,2,1.0,1.0
6768,1,1,1,0,,1,,,,,2,Mujer,28,784,4,Basica secundaria,Media,2,,,1.0,,3,,,,,,,,,,,,,,,,,,,,,,,,,,,,,,,,,9,2,3,1.0,2.0
6809,2,1,2,1,1.0,0,70000.0,11.156250521031495,20.0,3000.0,1,Hombre,42,1764,3,Basica primaria,Baja,1,1.0,1.0,,,3,5.0,1.0,30.0,1.0,TRES MIL,,,1.0,,,,,,,1.0,,,2.0,2.0,2.0,2.0,2.0,2.0,2.0,1.0,1.0,2.0,1.0,1.0,2.0,2.0,2.0,9,6,6,1.0,1.0
6826,1,1,1,1,1.0,0,,,,,1,Hombre,27,729,7,Universitaria,Superior,2,,,,,3,,,,,,,,,,,,,,,,,,,,,,,,,,,,,,,,,9,6,0,1.0,1.0
6849,5,1,5,1,1.0,0,30000.0,10.308952660644293,10.0,2000.0,1,Hombre,19,361,4,Basica secundaria,Media,1,,,,,3,4.0,1.0,10.0,1.0,DOS MIL PESOS,,,1.0,,,,,,,2.0,,,1.0,1.0,1.0,1.0,1.0,1.0,1.0,1.0,1.0,1.0,1.0,1.0,1.0,1.0,1.0,9,6,0,1.0,1.0
6886,8,1,8,0,,1,,,,,1,Hombre,54,2916,4,Basica secundaria,Media,2,,1.0,,,3,,,,,,,,,,,,,,,,,,,,,,,,,,,,,,,,,9,6,0,1.0,1.0
6893,1,1,1,0,,1,,,,,1,Hombre,58,3364,3,Basica primaria,Baja,2,,1.0,,,3,,,,,,,,,,,,,,,,,,,,,,,,,,,,,,,,,9,5,0,1.0,1.0
6911,1,1,1,1,1.0,0,,,,,2,Mujer,65,4225,4,Basica secundaria,Media,2,,,,,3,,,,,,,,,,,,,,,,,,,,,,,,,,,,,,,,,9,4,6,1.0,2.0
6926,1,1,1,0,,1,,,,,1,Hombre,59,3481,4,Basica secundaria,Media,2,,1.0,,,3,,,,,,,,,,,,,,,,,,,,,,,,,,,,,,,,,9,4,5,1.0,1.0
6927,2,1,2,0,,1,,,,,1,Hombre,60,3600,5,Media,Media,2,,1.0,,,3,,,,,,,,,,,,,,,,,,,,,,,,,,,,,,,,,9,5,3,1.0,1.0
6929,2,1,2,1,1.0,0,,,,,1,Hombre,21,441,5,Media,Media,2,,,,,3,,,,,,,,,,,,,,,,,,,,,,,,,,,,,,,,,9,6,0,1.0,1.0
6931,2,1,2,1,1.0,0,,,,,2,Mujer,34,1156,5,Media,Media,2,,,,,3,,,,,,,,,,,,,,,,,,,,,,,,,,,,,,,,,9,2,4,1.0,2.0
6936,3,1,3,0,,1,,,,,1,Hombre,50,2500,5,Media,Media,2,,1.0,,,3,,,,,,,,,,,,,,,,,,,,,,,,,,,,,,,,,1,6,1,1.0,1.0
6944,1,1,1,1,1.0,0,,,,,1,Hombre,52,2704,4,Basica secundaria,Media,2,,,,,3,,,,,,,,,,,,,,,,,,,,,,,,,,,,,,,,,9,5,4,1.0,1.0
7010,2,1,2,0,,1,,,,,1,Hombre,18,324,5,Media,Media,2,,,1.0,,3,,,,,,,,,,,,,,,,,,,,,,,,,,,,,,,,,9,6,0,1.0,1.0
7026,1,1,1,0,,1,,,,,1,Hombre,28,784,6,Tecnica/tecnologica,Superior,2,,1.0,,,3,,,,,,,,,,,,,,,,,,,,,,,,,,,,,,,,,9,3,1,1.0,1.0
7061,4,1,4,1,1.0,0,,,,,1,Hombre,31,961,5,Media,Media,2,,,,,3,,,,,,,,,,,,,,,,,,,,,,,,,,,,,,,,,9,6,0,1.0,1.0
7078,4,1,4,1,1.0,0,,,,,2,Mujer,21,441,6,Tecnica/tecnologica,Superior,2,,,,,3,,,,,,,,,,,,,,,,,,,,,,,,,,,,,,,,,9,6,1,1.0,2.0
7089,1,1,1,1,1.0,0,,,,,1,Hombre,28,784,5,Media,Media,2,,,,,3,,,,,,,,,,,,,,,,,,,,,,,,,,,,,,,,,9,2,1,1.0,1.0
7140,1,1,1,0,,1,,,,,1,Hombre,59,3481,7,Universitaria,Superior,2,,1.0,,,3,,,,,,,,,,,,,,,,,,,,,,,,,,,,,,,,,9,5,3,1.0,1.0
7161,2,1,2,0,,1,,,,,2,Mujer,38,1444,3,Basica primaria,Baja,2,,1.0,,,3,,,,,,,,,,,,,,,,,,,,,,,,,,,,,,,,,1,3,3,1.0,2.0
7162,1,1,1,0,,1,,,,,1,Hombre,49,2401,5,Media,Media,2,,1.0,,,3,,,,,,,,,,,,,,,,,,,,,,,,,,,,,,,,,9,3,3,1.0,1.0
7169,2,1,2,1,1.0,0,,,,,2,Mujer,25,625,4,Basica secundaria,Media,2,,,,,3,,,,,,,,,,,,,,,,,,,,,,,,,,,,,,,,,9,2,1,1.0,2.0
7185,1,1,1,1,1.0,0,,,4.0,1000.0,1,Hombre,33,1089,4,Basica secundaria,Media,1,,1.0,,,3,4.0,1.0,10.0,1.0,MIL PESOS,,,,1.0,,,,,,2.0,,,1.0,2.0,2.0,1.0,2.0,1.0,1.0,2.0,2.0,2.0,1.0,1.0,2.0,2.0,1.0,9,2,2,1.0,1.0
7201,1,1,1,0,,1,,,,,1,Hombre,64,4096,4,Basica secundaria,Media,2,,1.0,,,3,,,,,,,,,,,,,,,,,,,,,,,,,,,,,,,,,5,5,3,1.0,1.0
7209,2,1,2,0,,1,,,,,1,Hombre,19,361,4,Basica secundaria,Media,2,,1.0,,,3,,,,,,,,,,,,,,,,,,,,,,,,,,,,,,,,,9,6,0,1.0,1.0
7227,4,1,4,1,1.0,0,30000.0,10.308952660644293,20.0,1000.0,1,Hombre,28,784,6,Tecnica/tecnologica,Superior,1,,1.0,1.0,,3,5.0,1.0,99.0,1.0,MIL PESOS,,,,,,1.0,,,,2.0,,,2.0,2.0,2.0,2.0,2.0,2.0,2.0,1.0,2.0,2.0,1.0,1.0,1.0,2.0,1.0,9,6,0,1.0,1.0
7232,1,1,1,1,1.0,0,100000.0,11.512925464970229,60.0,2000.0,1,Hombre,28,784,4,Basica secundaria,Media,1,,,,,3,5.0,1.0,30.0,1.0,DOS MIL PESOS,,,1.0,,,,,,,2.0,,,2.0,1.0,1.0,2.0,1.0,2.0,2.0,2.0,1.0,2.0,1.0,1.0,2.0,2.0,1.0,9,1,3,1.0,1.0
7286,1,1,1,0,,1,10000.0,9.210340371976184,3.0,3000.0,1,Hombre,28,784,8,Postgrado,Superior,1,1.0,1.0,,,3,4.0,1.0,4.0,1.0,TRES MIL PESOS,,,1.0,,1.0,1.0,,,,1.0,,,2.0,2.0,2.0,2.0,2.0,1.0,2.0,2.0,2.0,2.0,2.0,1.0,2.0,2.0,2.0,9,5,0,2.0,1.0
7395,1,1,1,0,,1,,,,,2,Mujer,36,1296,5,Media,Media,2,,1.0,,,3,,,,,,,,,,,,,,,,,,,,,,,,,,,,,,,,,9,6,2,1.0,2.0
7411,2,1,2,0,,1,,,,,2,Mujer,27,729,6,Tecnica/tecnologica,Superior,2,,1.0,,,3,,,,,,,,,,,,,,,,,,,,,,,,,,,,,,,,,9,3,1,1.0,2.0
7420,2,1,2,1,1.0,0,,,1.0,2000.0,2,Mujer,38,1444,7,Universitaria,Superior,1,1.0,,,,1,1.0,1.0,1.0,1.0,DOS MIL PESOS,,,,1.0,,,,,,1.0,,,2.0,2.0,2.0,2.0,2.0,2.0,2.0,2.0,2.0,2.0,2.0,2.0,2.0,2.0,2.0,9,5,1,1.0,2.0
7441,1,1,1,0,,1,,,,,1,Hombre,65,4225,5,Media,Media,2,,1.0,,,3,,,,,,,,,,,,,,,,,,,,,,,,,,,,,,,,,9,3,2,1.0,1.0
7445,3,1,3,1,1.0,0,150000.0,11.918390573078392,30.0,5000.0,1,Hombre,17,289,5,Media,Media,1,,,,,3,5.0,1.0,30.0,1.0,CINCO MIL,,,1.0,,,,,,,2.0,,,2.0,2.0,2.0,2.0,2.0,2.0,2.0,2.0,2.0,2.0,2.0,2.0,2.0,2.0,2.0,9,6,0,,
7487,1,1,1,0,,1,,,,,1,Hombre,51,2601,7,Universitaria,Superior,2,,1.0,,,3,,,,,,,,,,,,,,,,,,,,,,,,,,,,,,,,,9,5,0,1.0,1.0
7518,1,1,1,0,,1,,,,,2,Mujer,27,729,5,Media,Media,2,,1.0,,,3,,,,,,,,,,,,,,,,,,,,,,,,,,,,,,,,,9,6,1,1.0,2.0
7527,3,1,3,0,,1,,,1.0,,1,Hombre,23,529,6,Tecnica/tecnologica,Superior,1,,1.0,,,2,1.0,2.0,,2.0,,,,,1.0,,,,,,2.0,,,2.0,2.0,2.0,2.0,2.0,2.0,2.0,2.0,2.0,2.0,2.0,2.0,2.0,2.0,2.0,9,6,0,1.0,1.0
7544,4,1,4,0,,1,20000.0,9.903487552536127,22.0,2000.0,1,Hombre,19,361,4,Basica secundaria,Media,1,,1.0,,,3,5.0,1.0,25.0,1.0,DOS MIL PESOS,,,1.0,,,,1.0,,,2.0,,,2.0,2.0,2.0,1.0,1.0,1.0,1.0,2.0,2.0,2.0,1.0,1.0,1.0,2.0,1.0,9,6,0,1.0,1.0
7558,3,1,3,0,,1,,,,,2,Mujer,27,729,6,Tecnica/tecnologica,Superior,2,,1.0,,,3,,,,,,,,,,,,,,,,,,,,,,,,,,,,,,,,,9,6,1,1.0,2.0
7559,1,1,1,1,1.0,0,,,1.0,5000.0,1,Hombre,36,1296,6,Tecnica/tecnologica,Superior,1,,,,,3,2.0,2.0,,1.0,CINCO MIL,,,,1.0,,,,,,2.0,,,2.0,2.0,2.0,2.0,2.0,2.0,2.0,2.0,2.0,2.0,2.0,2.0,2.0,2.0,2.0,9,2,2,1.0,1.0
7560,3,1,3,1,1.0,0,,,1.0,2000.0,1,Hombre,28,784,7,Universitaria,Superior,1,1.0,,,,3,1.0,2.0,,1.0,DOS MIL,,,,1.0,,,,,,1.0,,,2.0,2.0,2.0,2.0,2.0,2.0,2.0,2.0,2.0,2.0,2.0,2.0,2.0,2.0,2.0,9,6,0,1.0,1.0
7571,2,1,2,0,,1,,,,,2,Mujer,21,441,4,Basica secundaria,Media,2,,1.0,,,3,,,,,,,,,,,,,,,,,,,,,,,,,,,,,,,,,9,3,0,1.0,2.0
7572,1,1,1,1,1.0,0,100000.0,11.512925464970229,30.0,4000.0,1,Hombre,23,529,4,Basica secundaria,Media,1,1.0,,,,1,5.0,1.0,30.0,1.0,CUATRO MIL PESOS,,,1.0,,,,,,,1.0,,,2.0,2.0,2.0,2.0,2.0,2.0,2.0,2.0,2.0,1.0,1.0,1.0,2.0,2.0,2.0,5,2,0,1.0,1.0
7617,4,1,4,1,1.0,0,,,1.0,5000.0,2,Mujer,21,441,7,Universitaria,Superior,1,1.0,,,,2,1.0,2.0,,1.0,CINCO MIL,,,,,1.0,,,,,1.0,,,2.0,2.0,2.0,2.0,2.0,2.0,2.0,2.0,2.0,2.0,2.0,2.0,2.0,2.0,2.0,9,6,0,1.0,2.0
7637,3,1,3,1,1.0,0,,,,,1,Hombre,31,961,6,Tecnica/tecnologica,Superior,2,,1.0,,,3,,,,,,,,,,,,,,,,,,,,,,,,,,,,,,,,,9,6,0,2.0,1.0
7655,1,1,1,0,,1,,,,,1,Hombre,48,2304,3,Basica primaria,Baja,2,,1.0,,,3,,,,,,,,,,,,,,,,,,,,,,,,,,,,,,,,,1,6,2,1.0,1.0
7667,2,1,2,1,1.0,0,,,,5000.0,1,Hombre,20,400,4,Basica secundaria,Media,1,1.0,,,,2,2.0,2.0,,1.0, CINCO MIL,,,,1.0,,,,,,1.0,,,2.0,2.0,2.0,2.0,2.0,2.0,2.0,2.0,2.0,2.0,2.0,2.0,2.0,2.0,2.0,9,6,0,1.0,1.0
7687,2,1,2,0,,1,,,,,2,Mujer,49,2401,6,Tecnica/tecnologica,Superior,2,,1.0,,,3,,,,,,,,,,,,,,,,,,,,,,,,,,,,,,,,,5,3,2,1.0,2.0
7715,1,1,1,1,1.0,0,,,,,1,Hombre,64,4096,3,Basica primaria,Baja,2,,,,,3,,,,,,,,,,,,,,,,,,,,,,,,,,,,,,,,,9,6,4,1.0,1.0
7727,2,1,2,0,,1,,,2.0,,1,Hombre,38,1444,8,Postgrado,Superior,1,,1.0,,,2,2.0,2.0,,2.0,,,,,1.0,,,,,,2.0,,,2.0,2.0,2.0,2.0,2.0,2.0,2.0,2.0,2.0,2.0,2.0,2.0,2.0,2.0,2.0,9,6,0,2.0,1.0
7737,3,1,3,1,1.0,0,,,,,1,Hombre,23,529,5,Media,Media,2,,,1.0,,3,,,,,,,,,,,,,,,,,,,,,,,,,,,,,,,,,5,6,2,1.0,1.0
7740,2,1,2,1,1.0,0,90000.0,11.407564949312402,40.0,3000.0,1,Hombre,33,1089,4,Basica secundaria,Media,1,,,,,1,5.0,1.0,30.0,1.0,TRES MIL,,,,1.0,,,,,,2.0,,,1.0,2.0,2.0,2.0,2.0,2.0,2.0,1.0,2.0,2.0,2.0,1.0,2.0,1.0,2.0,9,6,1,1.0,1.0
7750,2,1,2,0,,1,,,1.0,2000.0,1,Hombre,43,1849,5,Media,Media,1,,1.0,,,3,2.0,2.0,,1.0,DOS MIL PESOS,,,,,,1.0,,,,2.0,,,2.0,2.0,2.0,2.0,2.0,2.0,2.0,2.0,2.0,2.0,2.0,2.0,2.0,2.0,2.0,9,1,1,1.0,1.0
7763,1,1,1,0,,1,,,,,2,Mujer,52,2704,5,Media,Media,2,,1.0,,,3,,,,,,,,,,,,,,,,,,,,,,,,,,,,,,,,,9,4,1,1.0,2.0
7771,1,1,1,0,,1,,,,,1,Hombre,53,2809,8,Postgrado,Superior,2,,1.0,,,3,,,,,,,,,,,,,,,,,,,,,,,,,,,,,,,,,9,3,2,1.0,1.0
7773,1,1,1,0,,1,,,,,1,Hombre,29,841,5,Media,Media,2,,1.0,,,3,,,,,,,,,,,,,,,,,,,,,,,,,,,,,,,,,9,6,2,1.0,1.0
7776,3,1,3,1,1.0,0,,,,,1,Hombre,16,256,4,Basica secundaria,Media,2,,,,,3,,,,,,,,,,,,,,,,,,,,,,,,,,,,,,,,,9,6,0,,
7795,2,1,2,0,,1,,,,,2,Mujer,55,3025,6,Tecnica/tecnologica,Superior,2,,1.0,,,3,,,,,,,,,,,,,,,,,,,,,,,,,,,,,,,,,9,6,0,1.0,2.0
7799,9,1,9,0,,1,20000.0,9.903487552536127,,2000.0,1,Hombre,17,289,3,Basica primaria,Baja,1,,1.0,,,3,4.0,1.0,10.0,1.0,DOS MIL PESOS,,,1.0,1.0,,,,,,2.0,,,1.0,1.0,1.0,1.0,2.0,1.0,1.0,1.0,2.0,2.0,2.0,2.0,2.0,2.0,2.0,9,6,0,,
7834,1,1,1,1,1.0,0,6000.0,8.699514748210191,1.0,3000.0,1,Hombre,27,729,3,Basica primaria,Baja,1,1.0,1.0,,,3,1.0,1.0,1.0,1.0,TRES MIL PESOS,,,,,,1.0,,,,1.0,,,2.0,2.0,2.0,2.0,2.0,2.0,2.0,2.0,2.0,1.0,2.0,2.0,2.0,2.0,1.0,1,6,0,1.0,1.0
7843,5,1,5,0,,1,12000.0,9.392661928770137,3.0,5000.0,1,Hombre,20,400,6,Tecnica/tecnologica,Superior,1,,1.0,,,3,4.0,1.0,20.0,1.0,CINCO MIL,,,1.0,,,,,,,2.0,,,2.0,2.0,2.0,2.0,2.0,2.0,2.0,2.0,1.0,1.0,2.0,2.0,2.0,2.0,2.0,5,6,0,1.0,1.0
7864,3,1,3,0,,1,,,,,1,Hombre,30,900,4,Basica secundaria,Media,2,,1.0,,,3,,,,,,,,,,,,,,,,,,,,,,,,,,,,,,,,,9,6,0,1.0,1.0
7874,2,1,2,0,,1,,,,,2,Mujer,53,2809,5,Media,Media,2,,,,1.0,3,,,,,,,,,,,,,,,,,,,,,,,,,,,,,,,,,9,2,1,1.0,2.0
7877,2,1,2,1,1.0,0,50000.0,10.819778284410283,30.0,1000.0,1,Hombre,22,484,4,Basica secundaria,Media,1,,1.0,1.0,,3,5.0,1.0,30.0,1.0,MIL PESOS,,,,,,1.0,,,,2.0,,,1.0,1.0,2.0,1.0,2.0,1.0,1.0,2.0,2.0,2.0,2.0,1.0,1.0,1.0,1.0,9,6,0,1.0,1.0
7885,3,1,3,0,,1,,,,,1,Hombre,20,400,5,Media,Media,2,,,,1.0,3,,,,,,,,,,,,,,,,,,,,,,,,,,,,,,,,,9,6,0,1.0,1.0
7909,1,1,1,1,1.0,0,,,6.0,9000.0,2,Mujer,36,1296,8,Postgrado,Superior,1,1.0,1.0,,,3,2.0,2.0,,1.0,NUEVE MIL PESOS,,,,,,,,1.0,,1.0,,,2.0,2.0,2.0,2.0,2.0,1.0,2.0,2.0,2.0,2.0,2.0,2.0,2.0,2.0,2.0,9,6,0,1.0,2.0
7921,2,1,2,1,1.0,0,,,,,2,Mujer,18,324,5,Media,Media,2,,,,,3,,,,,,,,,,,,,,,,,,,,,,,,,,,,,,,,,9,1,0,1.0,2.0
7973,1,1,1,0,,1,,,,,1,Hombre,62,3844,3,Basica primaria,Baja,2,,1.0,,,3,,,,,,,,,,,,,,,,,,,,,,,,,,,,,,,,,9,5,0,1.0,1.0
7989,1,1,1,0,,1,,,1.0,4000.0,1,Hombre,58,3364,6,Tecnica/tecnologica,Superior,1,1.0,1.0,,,3,2.0,2.0,,1.0,CUATRO MIL PESOS,,,,,,,,1.0,,1.0,,,2.0,2.0,2.0,2.0,2.0,2.0,2.0,2.0,2.0,2.0,2.0,2.0,2.0,2.0,2.0,9,2,2,1.0,1.0
8013,1,1,1,0,,1,,,,,1,Hombre,35,1225,6,Tecnica/tecnologica,Superior,2,,1.0,,,3,,,,,,,,,,,,,,,,,,,,,,,,,,,,,,,,,1,6,2,1.0,1.0
8019,2,1,2,0,,1,,,,,2,Mujer,65,4225,6,Tecnica/tecnologica,Superior,2,,1.0,,,3,,,,,,,,,,,,,,,,,,,,,,,,,,,,,,,,,9,2,2,1.0,2.0
8020,1,1,1,0,,1,,,,,1,Hombre,52,2704,5,Media,Media,2,,1.0,,,3,,,,,,,,,,,,,,,,,,,,,,,,,,,,,,,,,9,2,3,1.0,1.0
8034,1,1,1,0,,1,,,1.0,2000.0,1,Hombre,26,676,5,Media,Media,1,,1.0,,,3,2.0,2.0,,1.0,DOS MIL PESOS,,,,1.0,,,,,,2.0,,,2.0,2.0,2.0,2.0,2.0,2.0,2.0,2.0,2.0,2.0,2.0,2.0,2.0,2.0,2.0,9,5,1,1.0,1.0
8059,2,1,2,0,,1,,,1.0,,2,Mujer,58,3364,5,Media,Media,1,1.0,,1.0,,2,1.0,2.0,,2.0,,,,,1.0,,,,,,1.0,,,2.0,2.0,2.0,2.0,2.0,2.0,2.0,2.0,2.0,2.0,2.0,2.0,2.0,2.0,2.0,9,3,3,1.0,2.0
8075,1,1,1,0,,1,,,,,2,Mujer,34,1156,7,Universitaria,Superior,2,,1.0,,,3,,,,,,,,,,,,,,,,,,,,,,,,,,,,,,,,,9,6,1,1.0,2.0
8107,1,1,1,1,1.0,0,,,,,1,Hombre,41,1681,6,Tecnica/tecnologica,Superior,2,,1.0,,,3,,,,,,,,,,,,,,,,,,,,,,,,,,,,,,,,,9,3,2,1.0,1.0
8125,1,1,1,1,1.0,0,,,2.0,2000.0,1,Hombre,25,625,8,Postgrado,Superior,1,,,,,3,2.0,2.0,,1.0,DOS MIL PESOS,,,,,1.0,,,,,2.0,,,2.0,2.0,2.0,2.0,1.0,1.0,1.0,2.0,2.0,2.0,1.0,2.0,2.0,2.0,2.0,9,1,0,1.0,1.0
8142,1,1,1,0,,1,,,,,1,Hombre,29,841,6,Tecnica/tecnologica,Superior,2,,1.0,,,3,,,,,,,,,,,,,,,,,,,,,,,,,,,,,,,,,9,2,0,1.0,1.0
8146,1,1,1,1,1.0,0,,,,,1,Hombre,30,900,6,Tecnica/tecnologica,Superior,2,,,,,3,,,,,,,,,,,,,,,,,,,,,,,,,,,,,,,,,9,6,0,1.0,1.0
8150,1,1,1,0,,1,,,,,1,Hombre,62,3844,6,Tecnica/tecnologica,Superior,2,,1.0,,,3,,,,,,,,,,,,,,,,,,,,,,,,,,,,,,,,,9,3,2,1.0,1.0
8172,1,1,1,0,,1,,,,,1,Hombre,27,729,7,Universitaria,Superior,2,,1.0,,,3,,,,,,,,,,,,,,,,,,,,,,,,,,,,,,,,,5,3,0,1.0,1.0
8185,1,1,1,0,,1,,,,,1,Hombre,51,2601,4,Basica secundaria,Media,2,,1.0,,,3,,,,,,,,,,,,,,,,,,,,,,,,,,,,,,,,,5,5,3,1.0,1.0
8189,1,1,1,0,,1,,,,,1,Hombre,61,3721,4,Basica secundaria,Media,2,,1.0,,,3,,,,,,,,,,,,,,,,,,,,,,,,,,,,,,,,,5,5,1,1.0,1.0
8194,1,1,1,1,1.0,0,50000.0,10.819778284410283,40.0,2000.0,1,Hombre,43,1849,3,Basica primaria,Baja,1,1.0,,,,3,5.0,1.0,20.0,1.0,DOS MIL PESOS,,,,1.0,,,,,,1.0,,,2.0,1.0,2.0,2.0,1.0,2.0,2.0,1.0,1.0,1.0,2.0,1.0,1.0,2.0,2.0,9,2,2,1.0,1.0
8200,1,1,1,0,,1,2000.0,7.600902459542082,2.0,2000.0,1,Hombre,22,484,3,Basica primaria,Baja,1,,1.0,,,3,2.0,1.0,2.0,1.0,DOS MIL,,,,1.0,,,,,,2.0,,,2.0,2.0,2.0,2.0,2.0,2.0,2.0,2.0,2.0,2.0,2.0,2.0,2.0,2.0,2.0,9,2,1,1.0,1.0
8223,1,1,1,0,,1,,,,,1,Hombre,45,2025,4,Basica secundaria,Media,2,,1.0,,,3,,,,,,,,,,,,,,,,,,,,,,,,,,,,,,,,,9,2,7,1.0,1.0
8247,4,1,4,1,1.0,0,,,,,2,Mujer,18,324,5,Media,Media,2,,,,,3,,,,,,,,,,,,,,,,,,,,,,,,,,,,,,,,,9,6,1,1.0,2.0
8262,1,1,1,0,,1,,,,,1,Hombre,38,1444,5,Media,Media,2,,1.0,,,3,,,,,,,,,,,,,,,,,,,,,,,,,,,,,,,,,9,2,3,1.0,1.0
8266,1,1,1,0,,1,,,,,1,Hombre,26,676,5,Media,Media,2,,,1.0,,3,,,,,,,,,,,,,,,,,,,,,,,,,,,,,,,,,9,2,1,1.0,1.0
8273,1,1,1,0,,1,,,,,1,Hombre,38,1444,3,Basica primaria,Baja,2,,1.0,,,3,,,,,,,,,,,,,,,,,,,,,,,,,,,,,,,,,9,5,2,1.0,1.0
8276,2,1,2,0,,1,5000.0,8.517193191416238,1.0,,2,Mujer,63,3969,3,Basica primaria,Baja,1,1.0,1.0,,,1,2.0,1.0,2.0,2.0,,,,,,,,,1.0,,1.0,,,2.0,2.0,2.0,2.0,2.0,2.0,2.0,2.0,2.0,2.0,2.0,2.0,2.0,2.0,2.0,9,2,5,1.0,2.0
8302,1,1,1,0,,1,,,1.0,2000.0,1,Hombre,25,625,7,Universitaria,Superior,1,,1.0,,,3,1.0,2.0,,1.0,DOS MIL PESOS,,,,1.0,,,,,,2.0,,,2.0,2.0,2.0,2.0,2.0,2.0,2.0,2.0,2.0,2.0,2.0,2.0,2.0,2.0,2.0,9,6,0,1.0,1.0
8313,1,1,1,0,,1,,,,,2,Mujer,32,1024,4,Basica secundaria,Media,2,,1.0,,,3,,,,,,,,,,,,,,,,,,,,,,,,,,,,,,,,,9,3,1,1.0,2.0
8365,2,1,2,0,,1,,,,,2,Mujer,50,2500,6,Tecnica/tecnologica,Superior,2,,,,1.0,3,,,,,,,,,,,,,,,,,,,,,,,,,,,,,,,,,9,3,3,1.0,2.0
8391,4,1,4,0,,1,,,1.0,,1,Hombre,20,400,7,Universitaria,Superior,1,,1.0,,,3,1.0,2.0,,2.0,,,,,1.0,,,,,,2.0,,,2.0,2.0,2.0,2.0,2.0,2.0,2.0,2.0,1.0,2.0,2.0,2.0,2.0,2.0,2.0,9,6,0,1.0,1.0
8466,1,1,1,1,1.0,0,,,,,1,Hombre,40,1600,5,Media,Media,2,,,,,3,,,,,,,,,,,,,,,,,,,,,,,,,,,,,,,,,9,1,2,1.0,1.0
8487,5,1,5,0,,1,,,,,1,Hombre,40,1600,5,Media,Media,2,,1.0,,,3,,,,,,,,,,,,,,,,,,,,,,,,,,,,,,,,,9,6,1,1.0,1.0
8493,3,1,3,1,1.0,0,,,15.0,3000.0,1,Hombre,25,625,5,Media,Media,1,1.0,,,,2,3.0,2.0,,1.0,TRES MIL PESOS,,,1.0,,,,,,,1.0,,,1.0,2.0,2.0,1.0,2.0,2.0,2.0,2.0,1.0,1.0,1.0,2.0,1.0,1.0,1.0,9,6,0,1.0,1.0
8507,1,1,1,0,,1,,,,,1,Hombre,56,3136,3,Basica primaria,Baja,2,,1.0,,,3,,,,,,,,,,,,,,,,,,,,,,,,,,,,,,,,,9,3,2,1.0,1.0
8517,1,1,1,1,1.0,0,,,,,1,Hombre,32,1024,7,Universitaria,Superior,2,,1.0,,,3,,,,,,,,,,,,,,,,,,,,,,,,,,,,,,,,,9,1,0,1.0,1.0
8535,1,1,1,1,1.0,0,,,,,1,Hombre,37,1369,4,Basica secundaria,Media,2,,,,,3,,,,,,,,,,,,,,,,,,,,,,,,,,,,,,,,,9,1,2,1.0,1.0
8546,2,1,2,1,1.0,0,,,,,1,Hombre,23,529,4,Basica secundaria,Media,2,,1.0,,,3,,,,,,,,,,,,,,,,,,,,,,,,,,,,,,,,,9,2,1,1.0,1.0
8551,3,1,3,0,,1,,,,,2,Mujer,23,529,7,Universitaria,Superior,2,,1.0,,,3,,,,,,,,,,,,,,,,,,,,,,,,,,,,,,,,,9,6,0,1.0,2.0
8553,3,1,3,0,,1,6000.0,8.699514748210191,1.0,6000.0,1,Hombre,18,324,7,Universitaria,Superior,1,1.0,1.0,,,3,3.0,1.0,3.0,1.0,SEIS MIL,,,,1.0,1.0,1.0,,,,1.0,,,2.0,1.0,2.0,2.0,2.0,1.0,2.0,2.0,2.0,2.0,2.0,1.0,2.0,2.0,1.0,9,6,0,1.0,1.0
8572,2,1,2,0,,1,,,,,2,Mujer,24,576,4,Basica secundaria,Media,2,,1.0,,,3,,,,,,,,,,,,,,,,,,,,,,,,,,,,,,,,,9,1,1,1.0,2.0
8591,1,1,1,0,,1,,,,,1,Hombre,39,1521,6,Tecnica/tecnologica,Superior,2,,1.0,,,3,,,,,,,,,,,,,,,,,,,,,,,,,,,,,,,,,9,6,0,1.0,1.0
8620,1,1,1,0,,1,,,,,2,Mujer,28,784,7,Universitaria,Superior,2,,1.0,,,3,,,,,,,,,,,,,,,,,,,,,,,,,,,,,,,,,9,2,2,1.0,2.0
8627,1,1,1,0,,1,,,,,1,Hombre,34,1156,5,Media,Media,2,,1.0,,,3,,,,,,,,,,,,,,,,,,,,,,,,,,,,,,,,,9,3,2,1.0,1.0
8636,1,1,1,0,,1,,,,,1,Hombre,29,841,5,Media,Media,2,,1.0,,,3,,,,,,,,,,,,,,,,,,,,,,,,,,,,,,,,,9,2,2,1.0,1.0
8793,3,1,3,0,,1,,,,,1,Hombre,18,324,5,Media,Media,2,,1.0,,,3,,,,,,,,,,,,,,,,,,,,,,,,,,,,,,,,,9,6,1,1.0,1.0
8806,1,1,1,1,1.0,0,,,,,1,Hombre,37,1369,6,Tecnica/tecnologica,Superior,2,,,,,3,,,,,,,,,,,,,,,,,,,,,,,,,,,,,,,,,9,3,2,1.0,1.0
8814,1,1,1,0,,1,,,,,2,Mujer,33,1089,8,Postgrado,Superior,2,,1.0,,,3,,,,,,,,,,,,,,,,,,,,,,,,,,,,,,,,,9,1,0,1.0,2.0
8840,1,1,1,0,,1,,,1.0,5000.0,1,Hombre,19,361,7,Universitaria,Superior,1,,1.0,,,2,3.0,2.0,,1.0,CINCO MIL PESOS,,,,1.0,,,,,,2.0,,,2.0,2.0,2.0,2.0,2.0,1.0,2.0,2.0,2.0,2.0,1.0,2.0,2.0,2.0,2.0,9,6,0,1.0,1.0
8843,3,1,3,0,,1,,,,,1,Hombre,30,900,6,Tecnica/tecnologica,Superior,2,,1.0,,,3,,,,,,,,,,,,,,,,,,,,,,,,,,,,,,,,,9,6,0,1.0,1.0
8860,1,1,1,1,1.0,0,,,,,1,Hombre,49,2401,3,Basica primaria,Baja,2,,,,,3,,,,,,,,,,,,,,,,,,,,,,,,,,,,,,,,,9,2,4,1.0,1.0
8861,1,1,1,0,,1,,,,,2,Mujer,30,900,7,Universitaria,Superior,2,,1.0,,,3,,,,,,,,,,,,,,,,,,,,,,,,,,,,,,,,,5,5,1,1.0,2.0
8862,2,1,2,1,1.0,0,,,,,1,Hombre,45,2025,3,Basica primaria,Baja,2,,,,,3,,,,,,,,,,,,,,,,,,,,,,,,,,,,,,,,,9,6,2,1.0,1.0
8869,1,1,1,0,,1,,,,,1,Hombre,31,961,5,Media,Media,2,,1.0,,,3,,,,,,,,,,,,,,,,,,,,,,,,,,,,,,,,,9,2,2,1.0,1.0
8889,1,1,1,1,1.0,0,10000.0,9.210340371976184,5.0,3000.0,1,Hombre,32,1024,6,Tecnica/tecnologica,Superior,1,1.0,,,,3,4.0,1.0,5.0,1.0,TRES MIL PESOS,,,,1.0,,,,,,1.0,,,2.0,2.0,1.0,2.0,2.0,1.0,1.0,2.0,2.0,2.0,2.0,2.0,2.0,2.0,2.0,9,6,1,1.0,1.0
8894,1,1,1,0,,1,,,,,1,Hombre,47,2209,3,Basica primaria,Baja,2,,1.0,,,3,,,,,,,,,,,,,,,,,,,,,,,,,,,,,,,,,1,2,1,1.0,1.0
8897,1,1,1,1,1.0,0,120000.0,11.695247021764184,60.0,2000.0,1,Hombre,36,1296,7,Universitaria,Superior,1,,,,,3,5.0,1.0,30.0,1.0,DOS MIL PESOS,,,,1.0,,,,,,2.0,,,2.0,2.0,2.0,2.0,1.0,2.0,2.0,1.0,1.0,1.0,1.0,1.0,1.0,1.0,1.0,9,6,0,1.0,1.0
8900,2,1,2,0,,1,,,,,2,Mujer,24,576,5,Media,Media,2,,1.0,,,3,,,,,,,,,,,,,,,,,,,,,,,,,,,,,,,,,9,6,1,3.0,2.0
8903,3,1,3,0,,1,,,1.0,5000.0,2,Mujer,15,225,4,Basica secundaria,Media,1,,1.0,,,3,1.0,2.0,,1.0,CINCO MIL PESOS M L CTE,,,,1.0,,,,,,2.0,,,1.0,2.0,2.0,2.0,2.0,1.0,1.0,2.0,1.0,2.0,1.0,1.0,2.0,2.0,2.0,9,6,0,,
8909,1,1,1,1,1.0,0,,,60.0,,1,Hombre,33,1089,5,Media,Media,1,1.0,,,,3,5.0,1.0,30.0,2.0,,,,,1.0,,,,,,1.0,,,2.0,2.0,2.0,2.0,2.0,2.0,2.0,2.0,2.0,2.0,2.0,2.0,2.0,2.0,2.0,9,6,1,1.0,1.0
8917,2,1,2,1,1.0,0,6000.0,8.699514748210191,4.0,2000.0,1,Hombre,23,529,5,Media,Media,1,1.0,1.0,,1.0,3,4.0,1.0,4.0,1.0,DOS MIL PESOS,,,1.0,,,,,,,1.0,,,2.0,1.0,1.0,2.0,2.0,2.0,1.0,1.0,1.0,2.0,1.0,2.0,2.0,2.0,1.0,9,6,0,1.0,1.0
8925,1,1,1,0,,1,,,,,1,Hombre,34,1156,4,Basica secundaria,Media,2,,1.0,,,3,,,,,,,,,,,,,,,,,,,,,,,,,,,,,,,,,9,2,5,1.0,1.0
8953,5,1,5,0,,1,,,1.0,2000.0,2,Mujer,23,529,7,Universitaria,Superior,1,1.0,1.0,,,1,2.0,1.0,1.0,1.0,DOS MIL PESOS,,,,1.0,,,,,,1.0,,,2.0,2.0,2.0,2.0,2.0,2.0,2.0,2.0,2.0,2.0,2.0,2.0,2.0,2.0,2.0,9,6,1,1.0,2.0
8969,3,1,3,0,,1,,,,,1,Hombre,40,1600,5,Media,Media,2,,1.0,,,3,,,,,,,,,,,,,,,,,,,,,,,,,,,,,,,,,9,3,1,1.0,1.0
8974,5,1,5,0,,1,,,,,1,Hombre,45,2025,4,Basica secundaria,Media,2,,1.0,,,3,,,,,,,,,,,,,,,,,,,,,,,,,,,,,,,,,9,5,1,1.0,1.0
8981,3,1,3,0,,1,,,,,1,Hombre,42,1764,3,Basica primaria,Baja,2,,1.0,,,3,,,,,,,,,,,,,,,,,,,,,,,,,,,,,,,,,9,6,2,1.0,1.0
9002,2,1,2,0,,1,,,,,1,Hombre,44,1936,5,Media,Media,2,,1.0,,,3,,,,,,,,,,,,,,,,,,,,,,,,,,,,,,,,,9,6,1,1.0,1.0
9003,2,1,2,0,,1,,,,,1,Hombre,31,961,5,Media,Media,2,,1.0,,,3,,,,,,,,,,,,,,,,,,,,,,,,,,,,,,,,,9,2,1,1.0,1.0
9014,3,1,3,0,,1,,,,,1,Hombre,50,2500,5,Media,Media,2,,1.0,,,3,,,,,,,,,,,,,,,,,,,,,,,,,,,,,,,,,9,6,0,1.0,1.0
9022,1,1,1,0,,1,,,,,2,Mujer,46,2116,6,Tecnica/tecnologica,Superior,2,,1.0,,,3,,,,,,,,,,,,,,,,,,,,,,,,,,,,,,,,,9,6,0,4.0,3.0
9052,3,1,3,0,,1,,,,,2,Mujer,23,529,7,Universitaria,Superior,2,,1.0,,,3,,,,,,,,,,,,,,,,,,,,,,,,,,,,,,,,,5,6,0,2.0,2.0
9069,4,1,4,1,1.0,0,,,,,2,Mujer,22,484,6,Tecnica/tecnologica,Superior,2,,1.0,,,3,,,,,,,,,,,,,,,,,,,,,,,,,,,,,,,,,9,6,1,1.0,2.0
9072,2,1,2,1,1.0,0,2000.0,7.600902459542082,3.0,2500.0,1,Hombre,28,784,6,Tecnica/tecnologica,Superior,1,,1.0,,,3,4.0,1.0,2.0,1.0,DOS MIL QUINIENTOS,,,,,,,,,1.0,9.0,,,2.0,2.0,1.0,1.0,1.0,2.0,2.0,2.0,2.0,2.0,2.0,2.0,2.0,2.0,2.0,9,1,0,1.0,1.0
9085,2,1,2,0,,1,,,,,2,Mujer,20,400,3,Basica primaria,Baja,2,,1.0,,,3,,,,,,,,,,,,,,,,,,,,,,,,,,,,,,,,,9,2,1,1.0,2.0
9102,1,1,1,1,1.0,0,120000.0,11.695247021764184,40.0,3000.0,1,Hombre,21,441,4,Basica secundaria,Media,1,,,,,3,4.0,1.0,20.0,1.0,TRES MIL PESOS,,,,1.0,,,,,,2.0,,,2.0,2.0,2.0,2.0,2.0,2.0,2.0,2.0,2.0,2.0,2.0,2.0,2.0,2.0,2.0,9,2,1,1.0,1.0
9124,1,1,1,0,,1,,,,,2,Mujer,60,3600,3,Basica primaria,Baja,2,,1.0,,,3,,,,,,,,,,,,,,,,,,,,,,,,,,,,,,,,,9,5,3,1.0,2.0
9159,2,1,2,1,1.0,0,5000.0,8.517193191416238,150.0,500.0,1,Hombre,23,529,5,Media,Media,1,1.0,1.0,1.0,,3,5.0,1.0,30.0,1.0,QUINIENTOS PESOS,1.0,1.0,1.0,1.0,1.0,1.0,1.0,,,1.0,1.0,,1.0,1.0,2.0,1.0,2.0,1.0,1.0,1.0,2.0,2.0,1.0,2.0,1.0,1.0,1.0,9,6,0,1.0,1.0
9169,1,1,1,0,,1,,,,,1,Hombre,30,900,3,Basica primaria,Baja,2,,1.0,,,3,,,,,,,,,,,,,,,,,,,,,,,,,,,,,,,,,9,5,2,1.0,1.0
9178,2,1,2,0,,1,50000.0,10.819778284410283,30.0,,1,Hombre,30,900,7,Universitaria,Superior,1,,1.0,,,3,4.0,1.0,15.0,2.0,,,,,1.0,,,,,,2.0,,,2.0,2.0,2.0,2.0,2.0,2.0,2.0,2.0,2.0,2.0,2.0,2.0,2.0,2.0,2.0,9,3,1,3.0,1.0
9183,1,1,1,0,,1,,,,,1,Hombre,57,3249,3,Basica primaria,Baja,2,,,1.0,,3,,,,,,,,,,,,,,,,,,,,,,,,,,,,,,,,,9,2,2,1.0,1.0
9189,1,1,1,0,,1,,,,,1,Hombre,38,1444,6,Tecnica/tecnologica,Superior,2,,,1.0,,3,,,,,,,,,,,,,,,,,,,,,,,,,,,,,,,,,9,2,0,1.0,1.0
9262,2,1,2,0,,1,,,,,2,Mujer,62,3844,5,Media,Media,2,,1.0,,,3,,,,,,,,,,,,,,,,,,,,,,,,,,,,,,,,,9,3,3,1.0,2.0
9279,1,1,1,0,,1,9000.0,9.104979856318357,1.0,3000.0,1,Hombre,26,676,7,Universitaria,Superior,1,1.0,1.0,,,3,2.0,1.0,3.0,1.0,TRES MIL PESOS,,,,1.0,,,,,,1.0,,,2.0,2.0,1.0,2.0,2.0,2.0,2.0,2.0,1.0,2.0,2.0,2.0,2.0,2.0,1.0,9,6,0,1.0,1.0
9320,1,1,1,0,,1,,,,,1,Hombre,18,324,7,Universitaria,Superior,2,,1.0,,,2,,,,,,,,,,,,,,,,,,,,,,,,,,,,,,,,,9,6,0,1.0,1.0
9323,3,1,3,0,,1,,,,,1,Hombre,39,1521,3,Basica primaria,Baja,2,,1.0,,,3,,,,,,,,,,,,,,,,,,,,,,,,,,,,,,,,,9,6,0,1.0,1.0
9332,3,1,3,1,1.0,0,,,,,1,Hombre,23,529,5,Media,Media,2,,,,,3,,,,,,,,,,,,,,,,,,,,,,,,,,,,,,,,,9,6,0,1.0,1.0
9345,2,1,2,0,,1,,,,,1,Hombre,20,400,5,Media,Media,2,,1.0,,,3,,,,,,,,,,,,,,,,,,,,,,,,,,,,,,,,,9,6,0,1.0,1.0
9346,1,1,1,0,,1,,,3.0,3000.0,1,Hombre,52,2704,7,Universitaria,Superior,1,,1.0,,,3,3.0,2.0,,1.0,TRES MIL PESOS,,,,1.0,,,,,,2.0,,,2.0,2.0,2.0,2.0,2.0,2.0,2.0,2.0,2.0,2.0,1.0,2.0,2.0,2.0,2.0,9,5,2,1.0,1.0
9364,2,1,2,1,1.0,0,,,,,1,Hombre,27,729,6,Tecnica/tecnologica,Superior,2,,1.0,,,3,,,,,,,,,,,,,,,,,,,,,,,,,,,,,,,,,9,5,1,1.0,1.0
9370,1,1,1,0,,1,,,,,1,Hombre,62,3844,5,Media,Media,2,,1.0,,,3,,,,,,,,,,,,,,,,,,,,,,,,,,,,,,,,,5,6,2,1.0,1.0
9379,1,1,1,0,,1,,,,,1,Hombre,35,1225,7,Universitaria,Superior,2,,1.0,,,1,,,,,,,,,,,,,,,,,,,,,,,,,,,,,,,,,9,6,0,1.0,1.0
9408,3,1,3,1,1.0,0,,,,,2,Mujer,23,529,5,Media,Media,2,,,,,3,,,,,,,,,,,,,,,,,,,,,,,,,,,,,,,,,5,5,1,1.0,2.0
9446,3,1,3,0,,1,,,1.0,2000.0,1,Hombre,24,576,7,Universitaria,Superior,1,1.0,1.0,,,3,2.0,2.0,,1.0,DOS MIL PESOS,,,,1.0,,,1.0,,,1.0,,,1.0,2.0,2.0,2.0,2.0,1.0,1.0,2.0,2.0,2.0,2.0,1.0,2.0,2.0,2.0,1,6,0,1.0,1.0
9461,2,1,2,1,1.0,0,10000.0,9.210340371976184,,1000.0,2,Mujer,19,361,5,Media,Media,1,,,,,3,2.0,1.0,20.0,1.0,MIL PESOS,,,,,1.0,,,,,2.0,,,2.0,2.0,2.0,2.0,2.0,2.0,2.0,2.0,2.0,2.0,1.0,2.0,1.0,2.0,2.0,9,5,1,1.0,2.0
9480,3,1,3,1,1.0,0,20000.0,9.903487552536127,5.0,2000.0,2,Mujer,18,324,6,Tecnica/tecnologica,Superior,1,,,,,3,3.0,1.0,5.0,1.0,DOS MIL PESOS,,,,,,1.0,,,,2.0,,,2.0,2.0,2.0,2.0,2.0,1.0,2.0,2.0,1.0,1.0,2.0,1.0,2.0,2.0,1.0,9,6,1,3.0,2.0
9525,2,1,2,0,,1,,,,,2,Mujer,27,729,5,Media,Media,2,,1.0,,,3,,,,,,,,,,,,,,,,,,,,,,,,,,,,,,,,,1,2,1,1.0,2.0
9528,7,1,7,0,,1,,,,,1,Hombre,30,900,7,Universitaria,Superior,2,,1.0,,,3,,,,,,,,,,,,,,,,,,,,,,,,,,,,,,,,,9,6,0,1.0,1.0
9538,3,1,3,0,,1,,,,,1,Hombre,37,1369,6,Tecnica/tecnologica,Superior,2,,1.0,,,3,,,,,,,,,,,,,,,,,,,,,,,,,,,,,,,,,9,5,1,1.0,1.0
9544,1,1,1,0,,1,,,,,1,Hombre,56,3136,5,Media,Media,2,,1.0,,,3,,,,,,,,,,,,,,,,,,,,,,,,,,,,,,,,,9,2,3,1.0,1.0
9550,2,1,2,0,,1,,,,,1,Hombre,42,1764,8,Postgrado,Superior,2,,1.0,,,3,,,,,,,,,,,,,,,,,,,,,,,,,,,,,,,,,9,3,2,1.0,1.0
9559,2,1,2,0,,1,,,,,1,Hombre,49,2401,5,Media,Media,2,,1.0,,,3,,,,,,,,,,,,,,,,,,,,,,,,,,,,,,,,,9,5,1,1.0,1.0
9567,1,1,1,0,,1,,,,,1,Hombre,27,729,6,Tecnica/tecnologica,Superior,2,,1.0,,,3,,,,,,,,,,,,,,,,,,,,,,,,,,,,,,,,,9,2,0,1.0,1.0
9582,1,1,1,0,,1,,,,,2,Mujer,23,529,5,Media,Media,2,,1.0,,,3,,,,,,,,,,,,,,,,,,,,,,,,,,,,,,,,,9,6,1,1.0,2.0
9594,3,1,3,0,,1,,,1.0,2000.0,1,Hombre,33,1089,7,Universitaria,Superior,1,,1.0,,,3,2.0,2.0,,1.0,DOS MIL PESOS,,,1.0,,,,,,,2.0,,,2.0,2.0,2.0,2.0,2.0,2.0,2.0,2.0,1.0,1.0,1.0,1.0,2.0,2.0,1.0,9,6,0,2.0,1.0
9602,1,1,1,0,,1,,,,,1,Hombre,40,1600,6,Tecnica/tecnologica,Superior,2,,1.0,,,3,,,,,,,,,,,,,,,,,,,,,,,,,,,,,,,,,9,5,1,1.0,1.0
9613,3,1,3,0,,1,,,,,2,Mujer,33,1089,5,Media,Media,2,,1.0,,,3,,,,,,,,,,,,,,,,,,,,,,,,,,,,,,,,,9,5,2,1.0,2.0
9623,1,1,1,1,1.0,0,40000.0,10.596634733096073,15.0,5000.0,1,Hombre,27,729,6,Tecnica/tecnologica,Superior,1,1.0,1.0,1.0,,3,5.0,1.0,30.0,1.0,CINCO MIL PESOS,,,1.0,,,,,,,1.0,,,2.0,2.0,2.0,2.0,2.0,1.0,2.0,1.0,1.0,2.0,2.0,2.0,1.0,1.0,2.0,9,6,0,1.0,1.0
9642,1,1,1,1,1.0,0,,,,,1,Hombre,38,1444,4,Basica secundaria,Media,2,,,,,3,,,,,,,,,,,,,,,,,,,,,,,,,,,,,,,,,9,2,1,1.0,1.0
9645,1,1,1,1,1.0,0,,,,,1,Hombre,45,2025,5,Media,Media,2,,,,,3,,,,,,,,,,,,,,,,,,,,,,,,,,,,,,,,,9,3,1,1.0,1.0
9648,2,1,2,0,,1,,,,,2,Mujer,58,3364,6,Tecnica/tecnologica,Superior,2,,1.0,,,3,,,,,,,,,,,,,,,,,,,,,,,,,,,,,,,,,9,6,0,1.0,2.0
9655,4,1,4,1,1.0,0,,,,,1,Hombre,22,484,6,Tecnica/tecnologica,Superior,2,,,,,3,,,,,,,,,,,,,,,,,,,,,,,,,,,,,,,,,9,6,0,1.0,1.0
9662,1,1,1,1,1.0,0,,,,,1,Hombre,29,841,6,Tecnica/tecnologica,Superior,2,,,,,3,,,,,,,,,,,,,,,,,,,,,,,,,,,,,,,,,9,5,0,1.0,1.0
9670,1,1,1,1,1.0,0,,,,,1,Hombre,27,729,5,Media,Media,2,,1.0,,,3,,,,,,,,,,,,,,,,,,,,,,,,,,,,,,,,,9,2,1,1.0,1.0
9671,1,1,1,0,,1,,,1.0,,1,Hombre,22,484,6,Tecnica/tecnologica,Superior,1,1.0,1.0,,,2,1.0,2.0,,2.0,,,,,1.0,,,,,,1.0,,,2.0,2.0,2.0,2.0,2.0,2.0,2.0,2.0,2.0,2.0,2.0,2.0,2.0,2.0,2.0,9,6,0,1.0,1.0
9672,1,1,1,0,,1,,,,,2,Mujer,41,1681,6,Tecnica/tecnologica,Superior,2,,1.0,,,3,,,,,,,,,,,,,,,,,,,,,,,,,,,,,,,,,9,6,0,1.0,2.0
9682,3,1,3,0,,1,,,,,1,Hombre,40,1600,5,Media,Media,2,,,1.0,,3,,,,,,,,,,,,,,,,,,,,,,,,,,,,,,,,,9,3,4,1.0,1.0
9690,2,1,2,0,,1,,,,,2,Mujer,36,1296,6,Tecnica/tecnologica,Superior,2,,1.0,,,3,,,,,,,,,,,,,,,,,,,,,,,,,,,,,,,,,9,6,1,1.0,2.0
9726,3,1,3,1,1.0,0,,,,,1,Hombre,25,625,7,Universitaria,Superior,2,,1.0,1.0,,3,,,,,,,,,,,,,,,,,,,,,,,,,,,,,,,,,9,6,0,2.0,1.0
9752,2,1,2,0,,1,,,1.0,5000.0,1,Hombre,22,484,5,Media,Media,1,1.0,1.0,,,3,2.0,2.0,,1.0,CINCO MIL PESOS,,,,1.0,,,,,,1.0,,,2.0,2.0,2.0,2.0,2.0,2.0,2.0,2.0,2.0,2.0,1.0,2.0,2.0,2.0,2.0,9,6,0,1.0,1.0
9772,2,1,2,0,,1,,,,,1,Hombre,30,900,3,Basica primaria,Baja,2,,1.0,,,9,,,,,,,,,,,,,,,,,,,,,,,,,,,,,,,,,9,5,2,1.0,1.0
9824,3,1,3,1,1.0,0,,,1.0,2000.0,2,Mujer,28,784,7,Universitaria,Superior,1,,,,,3,1.0,2.0,,1.0,DOS MIL,,,,1.0,,,,,,2.0,,,2.0,2.0,2.0,2.0,2.0,2.0,2.0,2.0,2.0,2.0,2.0,2.0,2.0,2.0,2.0,9,6,0,1.0,2.0
9830,3,1,3,0,,1,,,,,2,Mujer,54,2916,5,Media,Media,2,,1.0,,,3,,,,,,,,,,,,,,,,,,,,,,,,,,,,,,,,,9,5,2,1.0,2.0
9870,4,1,4,1,1.0,0,140000.0,11.84939770159144,60.0,2000.0,1,Hombre,19,361,4,Basica secundaria,Media,1,,,,,3,5.0,1.0,30.0,1.0,DOS MIL PESOS,,,,,1.0,,,,,2.0,,,2.0,2.0,2.0,2.0,2.0,1.0,1.0,1.0,2.0,2.0,1.0,2.0,2.0,2.0,2.0,9,5,1,1.0,1.0
9879,4,1,4,1,1.0,0,,,,,2,Mujer,22,484,7,Universitaria,Superior,2,,,,,3,,,,,,,,,,,,,,,,,,,,,,,,,,,,,,,,,5,5,1,1.0,2.0
9915,2,1,2,0,,1,,,7.0,600.0,1,Hombre,27,729,5,Media,Media,1,,1.0,,,3,2.0,2.0,,1.0,SEISCIENTOS PESOS,,,,1.0,,,,,,2.0,,,2.0,2.0,2.0,2.0,2.0,2.0,2.0,2.0,2.0,2.0,2.0,2.0,2.0,2.0,2.0,5,2,2,1.0,1.0
9926,3,1,3,1,1.0,0,,,,,1,Hombre,17,289,4,Basica secundaria,Media,2,,,,,3,,,,,,,,,,,,,,,,,,,,,,,,,,,,,,,,,9,6,0,,
9940,1,1,1,0,,1,,,,,1,Hombre,26,676,4,Basica secundaria,Media,2,,1.0,,,3,,,,,,,,,,,,,,,,,,,,,,,,,,,,,,,,,5,6,1,1.0,1.0
9946,1,1,1,0,,1,,,,,2,Mujer,27,729,4,Basica secundaria,Media,2,,1.0,,,3,,,,,,,,,,,,,,,,,,,,,,,,,,,,,,,,,9,2,3,1.0,2.0
9968,3,1,3,1,1.0,0,90000.0,11.407564949312402,90.0,1000.0,1,Hombre,24,576,7,Universitaria,Superior,1,,1.0,1.0,,3,5.0,1.0,30.0,1.0,MIL PESOS,1.0,,,,,,,,,2.0,,,2.0,2.0,2.0,2.0,2.0,2.0,2.0,2.0,2.0,2.0,2.0,2.0,2.0,2.0,1.0,9,6,0,1.0,1.0
9999,1,1,1,1,1.0,0,8000.0,8.987196820661973,2.0,4000.0,1,Hombre,43,1849,5,Media,Media,1,1.0,1.0,1.0,,3,3.0,1.0,2.0,1.0,CUATRO MIL PESOS,,,1.0,,,,,,,1.0,,,2.0,1.0,2.0,2.0,2.0,1.0,1.0,1.0,2.0,2.0,1.0,2.0,1.0,2.0,1.0,9,6,1,1.0,1.0
10029,2,1,2,1,1.0,0,120000.0,11.695247021764184,60.0,2000.0,1,Hombre,24,576,4,Basica secundaria,Media,1,,1.0,,,3,5.0,1.0,30.0,1.0,DOS MIL PESOS,,,1.0,,,,,,,2.0,,,1.0,1.0,1.0,1.0,1.0,1.0,1.0,1.0,1.0,1.0,1.0,1.0,1.0,1.0,1.0,9,6,0,1.0,1.0
10055,1,1,1,1,1.0,0,,,,,1,Hombre,58,3364,3,Basica primaria,Baja,2,,,,,3,,,,,,,,,,,,,,,,,,,,,,,,,,,,,,,,,9,5,1,1.0,1.0
10063,1,1,1,1,1.0,0,40000.0,10.596634733096073,1.0,2000.0,1,Hombre,30,900,5,Media,Media,1,1.0,1.0,,,3,4.0,1.0,20.0,1.0,DOS MIL PESOS,,,,1.0,,,,,,1.0,,,2.0,2.0,2.0,2.0,2.0,2.0,2.0,2.0,2.0,2.0,2.0,2.0,2.0,2.0,2.0,9,6,0,1.0,1.0
10112,2,1,2,0,,1,,,,,1,Hombre,23,529,4,Basica secundaria,Media,2,,1.0,,,3,,,,,,,,,,,,,,,,,,,,,,,,,,,,,,,,,9,6,0,1.0,1.0
10120,1,1,1,0,,1,,,,,1,Hombre,26,676,5,Media,Media,2,,1.0,1.0,,3,,,,,,,,,,,,,,,,,,,,,,,,,,,,,,,,,9,2,1,1.0,1.0
10145,1,1,1,1,1.0,0,15000.0,9.615805480084347,6.0,3000.0,1,Hombre,36,1296,3,Basica primaria,Baja,1,,,,,1,4.0,1.0,3.0,1.0,TRES MIL,,,,1.0,,,,,,2.0,,,2.0,2.0,2.0,2.0,2.0,2.0,2.0,2.0,2.0,2.0,2.0,2.0,2.0,2.0,2.0,9,6,0,1.0,1.0
10151,1,1,1,0,,1,,,,,1,Hombre,25,625,6,Tecnica/tecnologica,Superior,2,,1.0,,,3,,,,,,,,,,,,,,,,,,,,,,,,,,,,,,,,,9,2,2,1.0,1.0
10181,1,1,1,1,1.0,0,,,10.0,1000.0,2,Mujer,45,2025,7,Universitaria,Superior,1,,1.0,,,3,1.0,2.0,,1.0,MIL PESOS,,,,1.0,,,,,,2.0,,,2.0,2.0,2.0,2.0,2.0,1.0,2.0,2.0,2.0,2.0,2.0,2.0,2.0,2.0,2.0,9,5,0,1.0,2.0
10214,1,1,1,1,1.0,0,,,,,1,Hombre,48,2304,5,Media,Media,2,,,,,3,,,,,,,,,,,,,,,,,,,,,,,,,,,,,,,,,9,3,2,1.0,1.0
10228,3,1,3,0,,1,5000.0,8.517193191416238,10.0,3000.0,1,Hombre,18,324,4,Basica secundaria,Media,1,,1.0,,,2,3.0,1.0,10.0,1.0,TRES MIL PESOS,,,1.0,1.0,,1.0,,,,2.0,,,2.0,2.0,2.0,2.0,1.0,1.0,2.0,2.0,2.0,2.0,2.0,2.0,2.0,2.0,2.0,9,6,0,1.0,1.0
10235,3,1,3,1,1.0,0,,,,,1,Hombre,31,961,6,Tecnica/tecnologica,Superior,2,,,,,3,,,,,,,,,,,,,,,,,,,,,,,,,,,,,,,,,9,2,2,1.0,1.0
10262,2,1,2,0,,1,100000.0,11.512925464970229,30.0,2000.0,1,Hombre,30,900,6,Tecnica/tecnologica,Superior,1,,1.0,,,3,5.0,1.0,30.0,1.0,DOS MIL PESOS,,,,,,1.0,,,,2.0,,,2.0,2.0,2.0,2.0,2.0,1.0,2.0,2.0,2.0,2.0,1.0,2.0,2.0,2.0,2.0,5,6,0,1.0,1.0
10307,3,1,3,0,,1,,,,,1,Hombre,22,484,6,Tecnica/tecnologica,Superior,2,,1.0,,,3,,,,,,,,,,,,,,,,,,,,,,,,,,,,,,,,,5,6,0,1.0,1.0
10312,2,1,2,1,1.0,0,,,1.0,3000.0,2,Mujer,22,484,6,Tecnica/tecnologica,Superior,1,1.0,1.0,,,3,1.0,2.0,,1.0,TRES MIL PESOS,,,,1.0,,,,,,1.0,,,2.0,2.0,2.0,2.0,2.0,2.0,2.0,2.0,1.0,1.0,2.0,2.0,2.0,2.0,2.0,9,5,0,2.0,2.0
10315,1,1,1,0,,1,,,,,1,Hombre,46,2116,3,Basica primaria,Baja,2,,1.0,,,2,,,,,,,,,,,,,,,,,,,,,,,,,,,,,,,,,9,3,2,1.0,1.0
10328,2,1,2,0,,1,,,,,1,Hombre,46,2116,8,Postgrado,Superior,2,,1.0,,,3,,,,,,,,,,,,,,,,,,,,,,,,,,,,,,,,,9,6,0,1.0,1.0
10342,2,1,2,0,,1,,,,,1,Hombre,35,1225,4,Basica secundaria,Media,2,,,1.0,,3,,,,,,,,,,,,,,,,,,,,,,,,,,,,,,,,,9,6,1,1.0,1.0
10344,3,1,3,0,,1,,,,,1,Hombre,53,2809,6,Tecnica/tecnologica,Superior,2,,1.0,,,3,,,,,,,,,,,,,,,,,,,,,,,,,,,,,,,,,9,3,0,1.0,1.0
10381,2,1,2,0,,1,150000.0,11.918390573078392,75.0,2000.0,1,Hombre,30,900,5,Media,Media,1,1.0,1.0,,1.0,1,5.0,1.0,30.0,1.0,DOS MIL PESOS,,,1.0,,,,,,,1.0,1.0,,2.0,1.0,2.0,2.0,2.0,1.0,2.0,2.0,1.0,1.0,2.0,1.0,2.0,2.0,2.0,1,6,0,1.0,1.0
10383,1,1,1,1,1.0,0,24000.0,10.085809109330082,35.0,1000.0,2,Mujer,36,1296,3,Basica primaria,Baja,1,,1.0,,,3,5.0,1.0,30.0,1.0,MIL PESOS,,,,1.0,,,,,,2.0,,,2.0,1.0,1.0,1.0,1.0,2.0,2.0,1.0,1.0,1.0,1.0,1.0,1.0,1.0,1.0,9,2,3,1.0,2.0
10390,4,1,4,1,1.0,0,,,,,1,Hombre,15,225,4,Basica secundaria,Media,2,,,,,3,,,,,,,,,,,,,,,,,,,,,,,,,,,,,,,,,9,6,1,,
10447,3,1,3,0,,1,,,,,1,Hombre,47,2209,6,Tecnica/tecnologica,Superior,2,,1.0,,,3,,,,,,,,,,,,,,,,,,,,,,,,,,,,,,,,,9,6,0,1.0,1.0
10496,1,1,1,1,1.0,0,,,,,1,Hombre,23,529,5,Media,Media,2,,,,,3,,,,,,,,,,,,,,,,,,,,,,,,,,,,,,,,,5,6,0,1.0,1.0
10544,1,1,1,0,,1,,,,,1,Hombre,20,400,5,Media,Media,2,,1.0,,,3,,,,,,,,,,,,,,,,,,,,,,,,,,,,,,,,,5,2,2,1.0,1.0
10585,2,1,2,1,1.0,0,,,,,1,Hombre,32,1024,6,Tecnica/tecnologica,Superior,2,,1.0,1.0,,3,,,,,,,,,,,,,,,,,,,,,,,,,,,,,,,,,9,1,0,1.0,1.0
10590,3,1,3,1,1.0,0,,,,,2,Mujer,23,529,7,Universitaria,Superior,2,,,,,3,,,,,,,,,,,,,,,,,,,,,,,,,,,,,,,,,9,6,0,1.0,2.0
10616,3,1,3,0,,1,,,1.0,3000.0,1,Hombre,35,1225,5,Media,Media,1,,1.0,,,3,3.0,2.0,,1.0,TRES MIL PESOS,,,,,,1.0,,,,2.0,,,2.0,2.0,2.0,2.0,2.0,1.0,2.0,2.0,2.0,2.0,2.0,2.0,2.0,2.0,2.0,9,6,0,1.0,1.0
10627,1,1,1,0,,1,,,,,1,Hombre,30,900,5,Media,Media,2,,,1.0,,3,,,,,,,,,,,,,,,,,,,,,,,,,,,,,,,,,9,3,1,1.0,1.0
10679,3,1,3,1,1.0,0,,,,,1,Hombre,57,3249,4,Basica secundaria,Media,2,,,,,3,,,,,,,,,,,,,,,,,,,,,,,,,,,,,,,,,9,6,0,1.0,1.0
10689,2,1,2,1,1.0,0,10000.0,9.210340371976184,2.0,2000.0,2,Mujer,28,784,5,Media,Media,1,,,,,3,4.0,1.0,8.0,1.0,DOS MIL PESOS,,,,1.0,,,,,,2.0,,,2.0,2.0,2.0,2.0,2.0,1.0,1.0,2.0,2.0,2.0,1.0,2.0,2.0,2.0,1.0,5,2,1,1.0,2.0
10696,3,1,3,0,,1,,,,,2,Mujer,18,324,4,Basica secundaria,Media,2,,1.0,,,3,,,,,,,,,,,,,,,,,,,,,,,,,,,,,,,,,9,2,0,1.0,2.0
10744,3,1,3,1,1.0,0,,,,,2,Mujer,22,484,5,Media,Media,2,,,,,3,,,,,,,,,,,,,,,,,,,,,,,,,,,,,,,,,9,2,0,1.0,2.0
10785,1,1,1,1,1.0,0,400000.0,12.89921982609012,150.0,1000.0,1,Hombre,33,1089,4,Basica secundaria,Media,1,,,,,9,5.0,1.0,30.0,1.0,MIL PESOS,,,,1.0,,,,,,2.0,,,2.0,1.0,1.0,2.0,1.0,2.0,2.0,1.0,2.0,2.0,1.0,1.0,2.0,2.0,1.0,9,2,1,1.0,1.0
10824,1,1,1,1,1.0,0,,,,,2,Mujer,20,400,4,Basica secundaria,Media,2,,1.0,,,3,,,,,,,,,,,,,,,,,,,,,,,,,,,,,,,,,1,6,2,1.0,2.0
10825,2,1,2,0,,1,,,,,1,Hombre,20,400,5,Media,Media,2,,1.0,,,3,,,,,,,,,,,,,,,,,,,,,,,,,,,,,,,,,9,6,0,1.0,1.0
10840,1,1,1,0,,1,,,,,1,Hombre,25,625,6,Tecnica/tecnologica,Superior,2,,1.0,,,3,,,,,,,,,,,,,,,,,,,,,,,,,,,,,,,,,5,1,1,1.0,1.0
10889,2,1,2,1,1.0,0,10000.0,9.210340371976184,15.0,3000.0,1,Hombre,20,400,4,Basica secundaria,Media,1,1.0,,,,3,5.0,1.0,30.0,1.0,TRES MIL PESOS COLOMBIANOS,,,,,,,,,1.0,1.0,,,1.0,2.0,2.0,1.0,2.0,1.0,1.0,1.0,1.0,1.0,2.0,1.0,2.0,2.0,1.0,9,6,0,1.0,1.0
10890,1,1,1,0,,1,,,,,1,Hombre,49,2401,3,Basica primaria,Baja,2,,1.0,,,3,,,,,,,,,,,,,,,,,,,,,,,,,,,,,,,,,9,6,0,1.0,1.0
10900,1,1,1,0,,1,40000.0,10.596634733096073,20.0,3000.0,1,Hombre,28,784,4,Basica secundaria,Media,1,,1.0,,,3,4.0,1.0,16.0,1.0,TRES MIL PESOS,,,,1.0,,,,,,2.0,,,2.0,2.0,2.0,1.0,1.0,1.0,1.0,1.0,1.0,1.0,1.0,1.0,1.0,2.0,1.0,9,1,0,2.0,1.0
10979,2,1,2,0,,1,,,,,2,Mujer,19,361,5,Media,Media,2,,1.0,,,3,,,,,,,,,,,,,,,,,,,,,,,,,,,,,,,,,9,1,0,1.0,2.0
11013,1,1,1,0,,1,,,,,1,Hombre,61,3721,4,Basica secundaria,Media,2,,1.0,,,3,,,,,,,,,,,,,,,,,,,,,,,,,,,,,,,,,9,6,8,1.0,1.0
11049,1,1,1,1,1.0,0,,,,,2,Mujer,48,2304,7,Universitaria,Superior,2,,,,,3,,,,,,,,,,,,,,,,,,,,,,,,,,,,,,,,,9,4,1,1.0,2.0
11058,3,1,3,1,1.0,0,,,,,1,Hombre,22,484,7,Universitaria,Superior,2,,,,,3,,,,,,,,,,,,,,,,,,,,,,,,,,,,,,,,,9,6,0,1.0,1.0
11074,1,1,1,0,,1,,,,,2,Mujer,64,4096,3,Basica primaria,Baja,2,,1.0,,,3,,,,,,,,,,,,,,,,,,,,,,,,,,,,,,,,,9,5,2,1.0,2.0
11107,1,1,1,0,,1,,,,,1,Hombre,53,2809,5,Media,Media,2,,1.0,,,3,,,,,,,,,,,,,,,,,,,,,,,,,,,,,,,,,9,5,0,1.0,1.0
11115,1,1,1,1,1.0,0,,,,,1,Hombre,60,3600,4,Basica secundaria,Media,2,,,,,3,,,,,,,,,,,,,,,,,,,,,,,,,,,,,,,,,9,2,1,1.0,1.0
11121,3,1,3,0,,1,,,,,1,Hombre,32,1024,4,Basica secundaria,Media,2,,1.0,,,3,,,,,,,,,,,,,,,,,,,,,,,,,,,,,,,,,5,1,4,1.0,1.0
11129,1,1,1,1,1.0,0,30000.0,10.308952660644293,2.0,2000.0,1,Hombre,62,3844,3,Basica primaria,Baja,1,,,,,3,3.0,1.0,1.0,1.0,Dos mil,,,,1.0,,,,,,2.0,,,1.0,1.0,2.0,2.0,2.0,2.0,2.0,1.0,2.0,2.0,2.0,2.0,2.0,2.0,1.0,9,2,1,1.0,1.0
11133,3,1,3,1,1.0,0,,,,,2,Mujer,24,576,5,Media,Media,2,,1.0,,,3,,,,,,,,,,,,,,,,,,,,,,,,,,,,,,,,,9,5,1,1.0,2.0
11151,4,1,4,0,,1,20000.0,9.903487552536127,10.0,1000.0,1,Hombre,22,484,5,Media,Media,1,,1.0,,,3,4.0,1.0,20.0,1.0,MIL PESOS,,,1.0,,,,,,,2.0,,,2.0,1.0,2.0,2.0,2.0,1.0,2.0,1.0,1.0,1.0,1.0,1.0,2.0,2.0,2.0,9,6,0,1.0,1.0
11155,4,1,4,0,,1,40000.0,10.596634733096073,15.0,2000.0,1,Hombre,20,400,4,Basica secundaria,Media,1,,,1.0,,3,4.0,1.0,15.0,1.0,DOS MIL PESOS,,,,1.0,,,,,,2.0,,,2.0,2.0,1.0,1.0,1.0,2.0,2.0,1.0,2.0,2.0,1.0,2.0,2.0,2.0,1.0,9,6,0,1.0,1.0
11157,2,1,2,1,1.0,0,30000.0,10.308952660644293,30.0,1000.0,1,Hombre,36,1296,4,Basica secundaria,Media,1,,,,,3,5.0,1.0,30.0,1.0,MIL PESOS,,,1.0,,,,,,,2.0,,,2.0,2.0,2.0,2.0,2.0,2.0,2.0,2.0,2.0,1.0,2.0,2.0,2.0,2.0,1.0,5,6,0,1.0,1.0
11191,2,1,2,1,1.0,0,,,,,1,Hombre,25,625,6,Tecnica/tecnologica,Superior,2,,1.0,,,3,,,,,,,,,,,,,,,,,,,,,,,,,,,,,,,,,9,6,0,1.0,1.0
11196,1,1,1,1,1.0,0,,,,,1,Hombre,21,441,6,Tecnica/tecnologica,Superior,2,,1.0,1.0,,3,,,,,,,,,,,,,,,,,,,,,,,,,,,,,,,,,9,2,0,1.0,1.0
11199,1,1,1,1,1.0,0,,,,,1,Hombre,27,729,6,Tecnica/tecnologica,Superior,2,,,,,3,,,,,,,,,,,,,,,,,,,,,,,,,,,,,,,,,9,5,1,1.0,1.0
11213,1,1,1,0,,1,,,,,2,Mujer,40,1600,5,Media,Media,2,,,,1.0,3,,,,,,,,,,,,,,,,,,,,,,,,,,,,,,,,,9,2,3,1.0,2.0
11214,1,1,1,0,,1,,,,,1,Hombre,46,2116,4,Basica secundaria,Media,2,,1.0,,,3,,,,,,,,,,,,,,,,,,,,,,,,,,,,,,,,,9,5,3,1.0,1.0
11218,1,1,1,0,,1,,,,,1,Hombre,53,2809,3,Basica primaria,Baja,2,,,,1.0,3,,,,,,,,,,,,,,,,,,,,,,,,,,,,,,,,,9,5,2,1.0,1.0
11220,2,1,2,1,1.0,0,45000.0,10.714417768752456,15.0,3000.0,2,Mujer,18,324,3,Basica primaria,Baja,1,,,,,1,2.0,1.0,6.0,1.0,TRES MIL PESOS,,,1.0,,,,,,,2.0,,,2.0,2.0,2.0,1.0,2.0,2.0,2.0,2.0,1.0,1.0,1.0,1.0,2.0,2.0,2.0,9,2,0,1.0,2.0
11223,2,1,2,1,1.0,0,,,,,1,Hombre,31,961,5,Media,Media,2,,,,,3,,,,,,,,,,,,,,,,,,,,,,,,,,,,,,,,,5,5,3,1.0,1.0
11232,1,1,1,0,,1,,,,,1,Hombre,32,1024,5,Media,Media,2,,1.0,,,3,,,,,,,,,,,,,,,,,,,,,,,,,,,,,,,,,9,2,1,1.0,1.0
11245,1,1,1,0,,1,,,,,1,Hombre,39,1521,6,Tecnica/tecnologica,Superior,2,,1.0,,,3,,,,,,,,,,,,,,,,,,,,,,,,,,,,,,,,,9,3,2,1.0,1.0
11299,2,1,2,0,,1,,,,,2,Mujer,33,1089,5,Media,Media,2,,1.0,,,3,,,,,,,,,,,,,,,,,,,,,,,,,,,,,,,,,9,2,2,1.0,2.0
11329,2,1,2,0,,1,,,,,1,Hombre,27,729,4,Basica secundaria,Media,2,,1.0,,,3,,,,,,,,,,,,,,,,,,,,,,,,,,,,,,,,,9,6,1,1.0,1.0
11336,3,1,3,1,1.0,0,,,,,1,Hombre,23,529,5,Media,Media,2,,1.0,1.0,1.0,3,,,,,,,,,,,,,,,,,,,,,,,,,,,,,,,,,9,6,0,1.0,1.0
11341,3,1,3,0,,1,20000.0,9.903487552536127,4.0,,2,Mujer,20,400,7,Universitaria,Superior,1,,1.0,,,3,3.0,1.0,5.0,2.0,,,,1.0,,,,,,,2.0,,,2.0,1.0,2.0,2.0,1.0,1.0,2.0,1.0,1.0,1.0,1.0,1.0,1.0,2.0,1.0,9,6,0,2.0,2.0
11358,5,1,5,1,1.0,0,,,,,2,Mujer,19,361,4,Basica secundaria,Media,2,,1.0,1.0,,3,,,,,,,,,,,,,,,,,,,,,,,,,,,,,,,,,9,6,0,1.0,2.0
11366,4,1,4,1,1.0,0,,,3.0,8000.0,1,Hombre,21,441,5,Media,Media,1,,,,,3,3.0,2.0,,1.0,OCHO MIL PESOS,,,1.0,1.0,,,,,,2.0,,,2.0,2.0,2.0,2.0,2.0,1.0,2.0,1.0,2.0,2.0,2.0,2.0,1.0,2.0,1.0,9,6,0,1.0,1.0
11384,3,1,3,0,,1,,,1.0,,2,Mujer,28,784,7,Universitaria,Superior,1,1.0,1.0,,,3,2.0,2.0,,2.0,,,,,1.0,,,,,,1.0,,,2.0,2.0,2.0,1.0,2.0,2.0,2.0,2.0,2.0,2.0,2.0,2.0,2.0,2.0,2.0,9,6,0,1.0,2.0
11385,2,1,2,1,1.0,0,,,,,2,Mujer,31,961,6,Tecnica/tecnologica,Superior,2,,,,,3,,,,,,,,,,,,,,,,,,,,,,,,,,,,,,,,,9,5,2,1.0,2.0
11391,1,1,1,0,,1,,,,,2,Mujer,21,441,7,Universitaria,Superior,2,,1.0,,,3,,,,,,,,,,,,,,,,,,,,,,,,,,,,,,,,,9,6,0,1.0,2.0
11399,4,1,4,1,1.0,0,20000.0,9.903487552536127,,3000.0,1,Hombre,24,576,5,Media,Media,1,,,,,2,4.0,1.0,16.0,1.0,TRES MIL PESOS,,,,1.0,,,,,,2.0,,,2.0,2.0,2.0,2.0,2.0,2.0,2.0,2.0,1.0,1.0,2.0,1.0,2.0,2.0,1.0,1,6,0,2.0,1.0
11444,3,1,3,0,,1,,,,,1,Hombre,38,1444,7,Universitaria,Superior,2,,1.0,,,3,,,,,,,,,,,,,,,,,,,,,,,,,,,,,,,,,9,6,0,1.0,1.0
11467,1,1,1,0,,1,,,,,2,Mujer,46,2116,3,Basica primaria,Baja,2,,1.0,,,3,,,,,,,,,,,,,,,,,,,,,,,,,,,,,,,,,9,6,1,1.0,2.0
11484,2,1,2,1,1.0,0,,,,,2,Mujer,20,400,6,Tecnica/tecnologica,Superior,2,,,,,3,,,,,,,,,,,,,,,,,,,,,,,,,,,,,,,,,1,2,1,1.0,2.0
11487,1,1,1,0,,1,10000.0,9.210340371976184,1.0,,2,Mujer,29,841,6,Tecnica/tecnologica,Superior,1,1.0,,,1.0,3,2.0,1.0,1.0,2.0,,,,,,,1.0,,,,1.0,,,2.0,2.0,2.0,2.0,2.0,2.0,2.0,2.0,2.0,2.0,2.0,2.0,2.0,2.0,2.0,9,6,0,1.0,2.0
11494,2,1,2,0,,1,,,,,2,Mujer,33,1089,5,Media,Media,2,,1.0,,,3,,,,,,,,,,,,,,,,,,,,,,,,,,,,,,,,,9,2,2,1.0,2.0
11497,1,1,1,0,,1,,,,,2,Mujer,41,1681,7,Universitaria,Superior,2,,,,1.0,3,,,,,,,,,,,,,,,,,,,,,,,,,,,,,,,,,9,2,1,1.0,2.0
11510,4,1,4,0,,1,,,,,2,Mujer,34,1156,6,Tecnica/tecnologica,Superior,2,,1.0,,,3,,,,,,,,,,,,,,,,,,,,,,,,,,,,,,,,,9,3,3,1.0,2.0
11548,2,1,2,1,1.0,0,,,,,2,Mujer,18,324,4,Basica secundaria,Media,2,,,,,3,,,,,,,,,,,,,,,,,,,,,,,,,,,,,,,,,9,1,1,1.0,2.0
11594,1,1,1,0,,1,,,,,1,Hombre,52,2704,6,Tecnica/tecnologica,Superior,2,,,,1.0,3,,,,,,,,,,,,,,,,,,,,,,,,,,,,,,,,,9,5,4,1.0,1.0
11596,2,1,2,0,,1,,,,,1,Hombre,31,961,6,Tecnica/tecnologica,Superior,2,,1.0,,,3,,,,,,,,,,,,,,,,,,,,,,,,,,,,,,,,,9,2,2,1.0,1.0
11621,5,1,5,1,1.0,0,,,,,1,Hombre,39,1521,7,Universitaria,Superior,2,,1.0,,1.0,3,,,,,,,,,,,,,,,,,,,,,,,,,,,,,,,,,5,6,1,1.0,1.0
11628,2,1,2,1,1.0,0,20000.0,9.903487552536127,20.0,1000.0,1,Hombre,19,361,5,Media,Media,1,,,,1.0,9,5.0,1.0,20.0,1.0,Mil pesos,,,1.0,1.0,,,,,,2.0,,,2.0,1.0,1.0,1.0,1.0,1.0,1.0,1.0,1.0,1.0,1.0,1.0,1.0,2.0,1.0,9,1,0,1.0,1.0
11639,3,1,3,1,1.0,0,,,,,1,Hombre,24,576,8,Postgrado,Superior,2,,,,,3,,,,,,,,,,,,,,,,,,,,,,,,,,,,,,,,,9,6,0,1.0,1.0
11650,5,1,5,0,,1,30000.0,10.308952660644293,30.0,1500.0,1,Hombre,18,324,4,Basica secundaria,Media,1,,1.0,,,3,5.0,1.0,30.0,1.0,MIL QUINIENTOS,,,1.0,,,,,,,2.0,,,2.0,2.0,2.0,2.0,2.0,1.0,1.0,1.0,1.0,2.0,2.0,2.0,2.0,2.0,2.0,9,2,1,1.0,1.0
11652,4,1,4,1,1.0,0,8000.0,8.987196820661973,1.0,8000.0,1,Hombre,32,1024,3,Basica primaria,Baja,1,,,,,3,4.0,1.0,4.0,1.0,OCHO MIL PESOS,,,,1.0,,,,,,2.0,,,2.0,1.0,2.0,2.0,2.0,1.0,2.0,2.0,2.0,2.0,2.0,2.0,2.0,2.0,1.0,5,6,0,1.0,1.0
11658,3,1,3,1,1.0,0,10000.0,9.210340371976184,26.0,,1,Hombre,23,529,7,Universitaria,Superior,1,1.0,1.0,,,3,3.0,1.0,25.0,2.0,,,,,,,1.0,,,,1.0,1.0,,2.0,2.0,2.0,2.0,2.0,1.0,2.0,2.0,1.0,1.0,2.0,2.0,1.0,2.0,2.0,9,6,0,1.0,1.0
11676,3,1,3,1,1.0,0,,,,,2,Mujer,17,289,3,Basica primaria,Baja,2,,,,,3,,,,,,,,,,,,,,,,,,,,,,,,,,,,,,,,,9,6,0,,
11689,1,1,1,0,,1,,,1.0,,1,Hombre,20,400,6,Tecnica/tecnologica,Superior,1,,1.0,,,2,2.0,2.0,,2.0,,,,,1.0,,,,,,2.0,,,2.0,2.0,2.0,2.0,2.0,2.0,2.0,2.0,2.0,2.0,1.0,2.0,2.0,2.0,2.0,9,6,0,1.0,1.0
11692,1,1,1,0,,1,20000.0,9.903487552536127,25.0,1000.0,1,Hombre,33,1089,5,Media,Media,1,,1.0,,,1,5.0,1.0,20.0,1.0,MIL PESOS,,,1.0,,,,,,,2.0,,,2.0,2.0,2.0,1.0,1.0,2.0,2.0,2.0,2.0,2.0,2.0,2.0,2.0,1.0,2.0,9,3,2,1.0,1.0
11706,4,1,4,1,1.0,0,60000.0,11.002099841204238,30.0,1000.0,1,Hombre,22,484,6,Tecnica/tecnologica,Superior,1,1.0,,,,3,5.0,1.0,30.0,1.0,MIL  PESOS,,,1.0,,,,,,,1.0,,,2.0,2.0,1.0,1.0,1.0,1.0,1.0,1.0,1.0,1.0,1.0,1.0,1.0,1.0,2.0,9,6,0,1.0,1.0
11709,1,1,1,1,1.0,0,60000.0,11.002099841204238,60.0,2000.0,1,Hombre,33,1089,7,Universitaria,Superior,1,1.0,1.0,1.0,,3,5.0,1.0,30.0,1.0,DOS MIL PESOS,,,,,,,,1.0,,1.0,1.0,,2.0,1.0,2.0,1.0,2.0,1.0,1.0,1.0,1.0,2.0,2.0,1.0,1.0,1.0,1.0,5,5,0,1.0,1.0
11710,2,1,2,0,,1,,,,,1,Hombre,34,1156,7,Universitaria,Superior,2,,1.0,,,3,,,,,,,,,,,,,,,,,,,,,,,,,,,,,,,,,9,6,0,1.0,1.0
11731,2,1,2,1,1.0,0,1500.0,7.313220387090301,1.0,1500.0,1,Hombre,27,729,6,Tecnica/tecnologica,Superior,1,,,,,3,4.0,1.0,5.0,1.0,MIL QUINIENTOS,,,,1.0,,,,,,2.0,,,2.0,2.0,2.0,2.0,2.0,1.0,2.0,2.0,1.0,1.0,1.0,1.0,2.0,2.0,1.0,9,6,0,3.0,1.0
11776,3,1,3,1,1.0,0,,,,,1,Hombre,19,361,5,Media,Media,2,,,,,3,,,,,,,,,,,,,,,,,,,,,,,,,,,,,,,,,9,6,0,1.0,1.0
11785,4,1,4,1,1.0,0,20000.0,9.903487552536127,2.0,10000.0,1,Hombre,20,400,5,Media,Media,1,1.0,1.0,1.0,,1,3.0,1.0,6.0,1.0,DIEZ MIL,,,1.0,1.0,1.0,1.0,,,,1.0,,,2.0,2.0,2.0,2.0,1.0,2.0,2.0,2.0,2.0,2.0,2.0,1.0,2.0,1.0,1.0,9,6,0,1.0,1.0
11795,3,1,3,1,1.0,0,,,,,2,Mujer,37,1369,3,Basica primaria,Baja,2,,1.0,,,3,,,,,,,,,,,,,,,,,,,,,,,,,,,,,,,,,9,5,4,1.0,2.0
11803,2,1,2,1,1.0,0,,,,,1,Hombre,30,900,7,Universitaria,Superior,2,,,,,3,,,,,,,,,,,,,,,,,,,,,,,,,,,,,,,,,9,6,0,1.0,1.0
11809,1,1,1,0,,1,,,,,1,Hombre,27,729,4,Basica secundaria,Media,2,,,1.0,,3,,,,,,,,,,,,,,,,,,,,,,,,,,,,,,,,,9,2,1,1.0,1.0
11819,2,1,2,1,1.0,0,,,,,1,Hombre,24,576,5,Media,Media,2,,,,,3,,,,,,,,,,,,,,,,,,,,,,,,,,,,,,,,,9,6,0,1.0,1.0
11839,2,1,2,0,,1,,,,,1,Hombre,52,2704,6,Tecnica/tecnologica,Superior,2,,1.0,,,3,,,,,,,,,,,,,,,,,,,,,,,,,,,,,,,,,9,6,2,1.0,1.0
11858,2,1,2,0,,1,,,,,1,Hombre,36,1296,5,Media,Media,2,,1.0,,,3,,,,,,,,,,,,,,,,,,,,,,,,,,,,,,,,,9,5,0,1.0,1.0
11869,1,1,1,1,1.0,0,,,,,1,Hombre,29,841,6,Tecnica/tecnologica,Superior,2,,1.0,,,3,,,,,,,,,,,,,,,,,,,,,,,,,,,,,,,,,5,1,1,1.0,1.0
11872,2,1,2,0,,1,,,,,1,Hombre,43,1849,4,Basica secundaria,Media,2,,,,1.0,3,,,,,,,,,,,,,,,,,,,,,,,,,,,,,,,,,5,5,0,1.0,1.0
11875,1,1,1,0,,1,,,,,1,Hombre,55,3025,4,Basica secundaria,Media,2,,1.0,,,3,,,,,,,,,,,,,,,,,,,,,,,,,,,,,,,,,9,6,0,1.0,1.0
11886,1,1,1,0,,1,,,,,2,Mujer,37,1369,8,Postgrado,Superior,2,,1.0,,,3,,,,,,,,,,,,,,,,,,,,,,,,,,,,,,,,,9,3,2,1.0,1.0
11891,1,1,1,1,1.0,0,,,,,1,Hombre,51,2601,5,Media,Media,2,,,1.0,1.0,3,,,,,,,,,,,,,,,,,,,,,,,,,,,,,,,,,9,6,1,2.0,3.0
11893,1,1,1,0,,1,,,,,2,Mujer,37,1369,7,Universitaria,Superior,2,,,,1.0,3,,,,,,,,,,,,,,,,,,,,,,,,,,,,,,,,,9,6,0,1.0,2.0
11894,1,1,1,1,1.0,0,120000.0,11.695247021764184,60.0,2000.0,1,Hombre,27,729,4,Basica secundaria,Media,1,,,,,3,5.0,1.0,18.0,1.0,DOS MIL PESOS,,,1.0,,,,,,,2.0,,,2.0,2.0,2.0,1.0,2.0,2.0,2.0,1.0,2.0,2.0,2.0,2.0,2.0,2.0,1.0,1,2,0,1.0,1.0
11915,2,1,2,0,,1,,,,,1,Hombre,19,361,7,Universitaria,Superior,2,,1.0,,,3,,,,,,,,,,,,,,,,,,,,,,,,,,,,,,,,,9,6,0,1.0,1.0
11940,2,1,2,0,,1,,,,,1,Hombre,23,529,4,Basica secundaria,Media,2,,1.0,,,3,,,,,,,,,,,,,,,,,,,,,,,,,,,,,,,,,9,3,0,1.0,1.0
11956,3,1,3,1,1.0,0,,,,,2,Mujer,18,324,5,Media,Media,2,,,,,3,,,,,,,,,,,,,,,,,,,,,,,,,,,,,,,,,9,5,1,1.0,2.0
11966,2,1,2,1,1.0,0,,,,,2,Mujer,45,2025,5,Media,Media,2,,,,,3,,,,,,,,,,,,,,,,,,,,,,,,,,,,,,,,,9,2,1,1.0,2.0
11995,1,1,1,0,,1,,,,,1,Hombre,58,3364,5,Media,Media,2,,1.0,,,3,,,,,,,,,,,,,,,,,,,,,,,,,,,,,,,,,9,2,5,1.0,1.0
12005,3,1,3,0,,1,,,,,2,Mujer,18,324,7,Universitaria,Superior,2,,1.0,,,3,,,,,,,,,,,,,,,,,,,,,,,,,,,,,,,,,9,6,0,1.0,2.0
12021,4,1,4,1,1.0,0,,,,,1,Hombre,14,196,4,Basica secundaria,Media,2,,,,,3,,,,,,,,,,,,,,,,,,,,,,,,,,,,,,,,,9,6,0,,
12025,1,1,1,0,,1,,,,,2,Mujer,52,2704,7,Universitaria,Superior,2,,,,1.0,3,,,,,,,,,,,,,,,,,,,,,,,,,,,,,,,,,9,6,1,1.0,2.0
12073,2,1,2,0,,1,10000.0,9.210340371976184,5.0,3000.0,1,Hombre,41,1681,6,Tecnica/tecnologica,Superior,1,,1.0,,,3,5.0,1.0,30.0,1.0,TRES MIL PESOS,,,1.0,,,,,,,1.0,1.0,,2.0,2.0,2.0,2.0,2.0,1.0,1.0,2.0,2.0,2.0,2.0,2.0,2.0,2.0,2.0,9,6,4,1.0,1.0
12087,4,1,4,0,,1,,,,,1,Hombre,27,729,5,Media,Media,2,,1.0,,,3,,,,,,,,,,,,,,,,,,,,,,,,,,,,,,,,,9,6,0,1.0,1.0
12096,2,1,2,0,,1,,,1.0,1000.0,1,Hombre,16,256,5,Media,Media,1,,1.0,,,2,1.0,2.0,,1.0,MIL PESOS,,,,1.0,,,,,,2.0,,,2.0,2.0,2.0,1.0,2.0,2.0,1.0,2.0,2.0,2.0,1.0,2.0,2.0,2.0,2.0,9,6,0,,
12098,1,1,1,1,1.0,0,,,1.0,3000.0,1,Hombre,34,1156,5,Media,Media,1,,1.0,1.0,,3,5.0,1.0,30.0,1.0,TRES MIL PESOS,,,,,,1.0,,,,2.0,,,2.0,1.0,1.0,2.0,2.0,1.0,1.0,1.0,1.0,1.0,1.0,1.0,2.0,2.0,1.0,9,2,2,1.0,1.0
12107,3,1,3,1,1.0,0,10000.0,9.210340371976184,5.0,2000.0,1,Hombre,27,729,3,Basica primaria,Baja,1,,,,,3,3.0,1.0,5.0,1.0,DOS MIL,,,1.0,,,,,,,2.0,,,2.0,2.0,2.0,1.0,2.0,2.0,2.0,1.0,2.0,2.0,2.0,2.0,1.0,2.0,2.0,9,4,0,1.0,1.0
12129,1,1,1,1,1.0,0,,,,,1,Hombre,23,529,5,Media,Media,2,,,,,3,,,,,,,,,,,,,,,,,,,,,,,,,,,,,,,,,9,6,0,1.0,1.0
12138,1,1,1,1,1.0,0,,,,,1,Hombre,33,1089,4,Basica secundaria,Media,2,,1.0,1.0,,3,,,,,,,,,,,,,,,,,,,,,,,,,,,,,,,,,9,1,3,1.0,1.0
12152,2,1,2,0,,1,,,,,1,Hombre,22,484,5,Media,Media,2,,1.0,,,3,,,,,,,,,,,,,,,,,,,,,,,,,,,,,,,,,9,6,0,1.0,1.0
12158,3,1,3,1,1.0,0,4000.0,8.294049640102028,1.0,,2,Mujer,21,441,7,Universitaria,Superior,1,1.0,,,,3,3.0,1.0,2.0,2.0,,,,,1.0,,,,,,1.0,,,2.0,2.0,2.0,2.0,2.0,2.0,2.0,2.0,2.0,2.0,2.0,2.0,2.0,2.0,2.0,9,6,0,1.0,2.0
12164,1,1,1,1,1.0,0,,,,,2,Mujer,31,961,7,Universitaria,Superior,2,,1.0,,,3,,,,,,,,,,,,,,,,,,,,,,,,,,,,,,,,,9,3,1,1.0,2.0
12177,3,1,3,0,,1,,,1.0,,2,Mujer,19,361,6,Tecnica/tecnologica,Superior,1,,,,1.0,2,1.0,2.0,,2.0,,,,,,,,,1.0,,2.0,,,2.0,2.0,2.0,2.0,2.0,2.0,2.0,2.0,2.0,2.0,2.0,2.0,2.0,2.0,2.0,9,6,0,1.0,2.0
12181,1,1,1,0,,1,,,,,1,Hombre,42,1764,5,Media,Media,2,,1.0,,,3,,,,,,,,,,,,,,,,,,,,,,,,,,,,,,,,,9,3,2,1.0,1.0
12197,1,1,1,0,,1,,,,,1,Hombre,26,676,5,Media,Media,2,,1.0,,,3,,,,,,,,,,,,,,,,,,,,,,,,,,,,,,,,,9,2,0,1.0,1.0
12215,1,1,1,0,,1,4000.0,8.294049640102028,1.0,10000.0,1,Hombre,18,324,7,Universitaria,Superior,1,1.0,1.0,,,2,2.0,1.0,1.0,1.0,DIEZ MIL PESOS,,,,1.0,,,,,,1.0,,,2.0,2.0,2.0,2.0,2.0,2.0,2.0,2.0,2.0,2.0,2.0,2.0,2.0,2.0,2.0,9,6,0,3.0,1.0
12232,2,1,2,0,,1,,,1.0,2000.0,1,Hombre,19,361,5,Media,Media,1,,1.0,,,2,1.0,2.0,,1.0,DOS MIL PESOS,,,,1.0,,,,,,2.0,,,2.0,2.0,2.0,2.0,2.0,2.0,2.0,2.0,2.0,2.0,1.0,2.0,2.0,2.0,2.0,5,6,0,1.0,1.0
12240,1,1,1,0,,1,,,,,2,Mujer,58,3364,3,Basica primaria,Baja,2,,1.0,,,3,,,,,,,,,,,,,,,,,,,,,,,,,,,,,,,,,9,3,2,1.0,2.0
12283,4,1,4,0,,1,,,,,2,Mujer,21,441,6,Tecnica/tecnologica,Superior,2,,,1.0,,3,,,,,,,,,,,,,,,,,,,,,,,,,,,,,,,,,9,6,0,1.0,2.0
12298,1,1,1,0,,1,,,,,1,Hombre,39,1521,4,Basica secundaria,Media,2,,1.0,,,3,,,,,,,,,,,,,,,,,,,,,,,,,,,,,,,,,9,6,1,1.0,1.0
12382,1,1,1,0,,1,,,,,1,Hombre,26,676,5,Media,Media,2,,1.0,,,3,,,,,,,,,,,,,,,,,,,,,,,,,,,,,,,,,9,2,2,1.0,1.0
12399,1,1,1,0,,1,,,,,1,Hombre,60,3600,3,Basica primaria,Baja,2,,1.0,,,3,,,,,,,,,,,,,,,,,,,,,,,,,,,,,,,,,9,5,3,1.0,1.0
12404,2,1,2,1,1.0,0,,,,,1,Hombre,23,529,5,Media,Media,2,,,,,3,,,,,,,,,,,,,,,,,,,,,,,,,,,,,,,,,5,2,2,1.0,1.0
12411,1,1,1,0,,1,,,,,2,Mujer,63,3969,4,Basica secundaria,Media,2,,,1.0,,9,,,,,,,,,,,,,,,,,,,,,,,,,,,,,,,,,9,4,1,1.0,2.0
12415,1,1,1,0,,1,,,,,1,Hombre,25,625,5,Media,Media,2,,1.0,,,3,,,,,,,,,,,,,,,,,,,,,,,,,,,,,,,,,9,2,1,1.0,1.0
12419,1,1,1,0,,1,,,,,1,Hombre,35,1225,5,Media,Media,2,,1.0,,,3,,,,,,,,,,,,,,,,,,,,,,,,,,,,,,,,,5,3,1,1.0,1.0
12435,3,1,3,0,,1,,,1.0,,1,Hombre,43,1849,7,Universitaria,Superior,1,,1.0,,,3,2.0,2.0,,2.0,,,,,1.0,,,,,,2.0,,,2.0,2.0,2.0,2.0,2.0,1.0,2.0,2.0,2.0,2.0,2.0,2.0,2.0,2.0,2.0,9,6,0,1.0,1.0
12440,3,1,3,1,1.0,0,60000.0,11.002099841204238,60.0,2500.0,2,Mujer,22,484,3,Basica primaria,Baja,1,1.0,,,,3,4.0,1.0,30.0,1.0,DOS MIL QUINIENTOS,,,1.0,,,,,,,1.0,,,1.0,1.0,1.0,1.0,2.0,1.0,2.0,2.0,1.0,2.0,1.0,1.0,1.0,1.0,1.0,9,6,2,1.0,2.0
12451,2,1,2,0,,1,,,,,1,Hombre,65,4225,7,Universitaria,Superior,2,,1.0,,,3,,,,,,,,,,,,,,,,,,,,,,,,,,,,,,,,,9,6,0,1.0,1.0
12459,2,1,2,1,1.0,0,,,,,1,Hombre,30,900,8,Postgrado,Superior,2,,,,,3,,,,,,,,,,,,,,,,,,,,,,,,,,,,,,,,,9,2,0,1.0,1.0
12461,3,1,3,1,1.0,0,,,1.0,20000.0,2,Mujer,23,529,6,Tecnica/tecnologica,Superior,1,,,,,2,2.0,2.0,,1.0,VEINTE MIL PESOS,,,,1.0,1.0,,,,,2.0,,,2.0,2.0,2.0,1.0,2.0,1.0,1.0,2.0,2.0,2.0,2.0,2.0,2.0,2.0,2.0,9,6,0,1.0,2.0
12471,1,1,1,1,1.0,0,,,1.0,,1,Hombre,29,841,7,Universitaria,Superior,1,,1.0,,,3,2.0,1.0,2.0,2.0,,,,,1.0,,,,,,1.0,1.0,,2.0,2.0,2.0,1.0,2.0,2.0,2.0,2.0,2.0,2.0,1.0,2.0,2.0,2.0,1.0,5,6,0,2.0,1.0
12493,2,1,2,1,1.0,0,,,,,2,Mujer,36,1296,6,Tecnica/tecnologica,Superior,2,,,,,3,,,,,,,,,,,,,,,,,,,,,,,,,,,,,,,,,9,1,0,1.0,2.0
12519,3,1,3,1,1.0,0,2000.0,7.600902459542082,1.0,5000.0,2,Mujer,19,361,7,Universitaria,Superior,1,1.0,,,,3,1.0,1.0,1.0,1.0,cinco mil,,,,1.0,,,,,,1.0,,,2.0,2.0,2.0,2.0,2.0,1.0,1.0,2.0,2.0,2.0,1.0,2.0,1.0,2.0,1.0,9,6,0,1.0,2.0
12544,3,1,3,0,,1,,,,,2,Mujer,30,900,6,Tecnica/tecnologica,Superior,2,,1.0,,,3,,,,,,,,,,,,,,,,,,,,,,,,,,,,,,,,,9,6,1,1.0,2.0
12559,3,1,3,1,1.0,0,,,,,1,Hombre,23,529,7,Universitaria,Superior,2,,,,,3,,,,,,,,,,,,,,,,,,,,,,,,,,,,,,,,,9,6,0,1.0,1.0
12574,1,1,1,1,1.0,0,,,,,1,Hombre,42,1764,4,Basica secundaria,Media,2,,,,,3,,,,,,,,,,,,,,,,,,,,,,,,,,,,,,,,,9,5,2,1.0,1.0
12585,2,1,2,1,1.0,0,,,5.0,2000.0,2,Mujer,17,289,4,Basica secundaria,Media,1,,,,,3,3.0,1.0,10.0,1.0,DOS MIL PESOS,,,,1.0,,,,,,2.0,,,2.0,2.0,2.0,2.0,2.0,2.0,2.0,2.0,2.0,1.0,1.0,2.0,2.0,2.0,1.0,9,6,1,,
12588,3,1,3,0,,1,,,1.0,,1,Hombre,13,169,4,Basica secundaria,Media,1,,1.0,,,3,1.0,2.0,,2.0,,,,,1.0,,,,,,2.0,,,2.0,2.0,2.0,2.0,2.0,2.0,2.0,2.0,2.0,2.0,2.0,2.0,2.0,2.0,2.0,9,6,0,,
12592,2,1,2,0,,1,,,,,2,Mujer,59,3481,3,Basica primaria,Baja,2,,1.0,,,3,,,,,,,,,,,,,,,,,,,,,,,,,,,,,,,,,9,2,2,1.0,2.0
12595,2,1,2,0,,1,,,,,1,Hombre,41,1681,5,Media,Media,2,,1.0,,,3,,,,,,,,,,,,,,,,,,,,,,,,,,,,,,,,,9,2,2,1.0,1.0
12628,3,1,3,1,1.0,0,20000.0,9.903487552536127,3.0,3000.0,1,Hombre,31,961,6,Tecnica/tecnologica,Superior,1,,,,,3,3.0,1.0,6.0,1.0,TRES MIL,,,1.0,,,,,,,2.0,,,2.0,2.0,2.0,2.0,2.0,1.0,2.0,2.0,1.0,1.0,1.0,2.0,2.0,2.0,2.0,9,6,0,1.0,1.0
12633,5,1,5,1,1.0,0,,,,,1,Hombre,20,400,5,Media,Media,2,,,,,3,,,,,,,,,,,,,,,,,,,,,,,,,,,,,,,,,1,6,0,1.0,1.0
12639,3,1,3,1,1.0,0,50000.0,10.819778284410283,60.0,3000.0,1,Hombre,19,361,5,Media,Media,1,,,,,3,4.0,1.0,30.0,1.0,TRES MIL PESOS,,,,1.0,,,,,,2.0,,,2.0,1.0,2.0,1.0,2.0,2.0,2.0,2.0,1.0,1.0,1.0,2.0,2.0,2.0,1.0,9,6,0,1.0,1.0
12642,1,1,1,0,,1,,,,,2,Mujer,19,361,5,Media,Media,2,,1.0,,,3,,,,,,,,,,,,,,,,,,,,,,,,,,,,,,,,,9,6,0,1.0,2.0
12645,1,1,1,1,1.0,0,,,,,1,Hombre,21,441,5,Media,Media,2,,,,,3,,,,,,,,,,,,,,,,,,,,,,,,,,,,,,,,,9,2,1,1.0,1.0
12656,3,1,3,0,,1,,,,,1,Hombre,55,3025,7,Universitaria,Superior,2,,1.0,,,3,,,,,,,,,,,,,,,,,,,,,,,,,,,,,,,,,9,6,0,1.0,1.0
12662,1,1,1,0,,1,,,,,2,Mujer,45,2025,5,Media,Media,2,,1.0,,,3,,,,,,,,,,,,,,,,,,,,,,,,,,,,,,,,,9,6,1,1.0,2.0
12681,1,1,1,1,1.0,0,,,,,2,Mujer,49,2401,6,Tecnica/tecnologica,Superior,2,,,,,3,,,,,,,,,,,,,,,,,,,,,,,,,,,,,,,,,9,2,2,1.0,2.0
12709,1,1,1,0,,1,,,,,2,Mujer,22,484,6,Tecnica/tecnologica,Superior,2,,1.0,,,3,,,,,,,,,,,,,,,,,,,,,,,,,,,,,,,,,9,6,0,2.0,2.0
12710,1,1,1,1,1.0,0,10000.0,9.210340371976184,2.0,2000.0,1,Hombre,47,2209,7,Universitaria,Superior,1,,,,,3,3.0,1.0,2.0,1.0,DOS MIL PESOS,,,,1.0,,,,,,2.0,,,2.0,2.0,2.0,2.0,2.0,2.0,2.0,2.0,2.0,2.0,2.0,2.0,2.0,2.0,1.0,1,5,1,3.0,1.0
12743,2,1,2,0,,1,,,,,2,Mujer,31,961,7,Universitaria,Superior,2,,1.0,,,3,,,,,,,,,,,,,,,,,,,,,,,,,,,,,,,,,9,2,0,1.0,2.0
12758,1,1,1,0,,1,20000.0,9.903487552536127,5.0,2000.0,1,Hombre,43,1849,4,Basica secundaria,Media,1,,1.0,,,1,5.0,1.0,30.0,1.0,dos mil pesos,,,,1.0,,,,,,2.0,,,1.0,2.0,2.0,1.0,2.0,1.0,2.0,2.0,2.0,2.0,1.0,1.0,1.0,1.0,1.0,9,6,2,1.0,1.0
12801,1,1,1,0,,1,,,,,1,Hombre,64,4096,5,Media,Media,2,,1.0,,,3,,,,,,,,,,,,,,,,,,,,,,,,,,,,,,,,,9,3,4,1.0,1.0
12809,1,1,1,0,,1,,,,,2,Mujer,20,400,7,Universitaria,Superior,2,,1.0,,,3,,,,,,,,,,,,,,,,,,,,,,,,,,,,,,,,,9,6,0,1.0,2.0
12849,2,1,2,0,,1,,,1.0,,2,Mujer,26,676,6,Tecnica/tecnologica,Superior,1,,1.0,,,3,1.0,2.0,,2.0,,,,,1.0,,,,,,2.0,,,2.0,2.0,2.0,2.0,2.0,2.0,2.0,2.0,2.0,2.0,2.0,2.0,2.0,2.0,2.0,9,2,1,1.0,2.0
12866,1,1,1,1,1.0,0,,,1.0,,1,Hombre,24,576,3,Basica primaria,Baja,1,,,,,3,1.0,2.0,,2.0,,,,,1.0,,,,,,2.0,,,1.0,1.0,2.0,2.0,2.0,1.0,1.0,2.0,2.0,2.0,1.0,2.0,2.0,2.0,1.0,9,2,3,1.0,1.0
12877,2,1,2,0,,1,,,,,1,Hombre,33,1089,5,Media,Media,2,,1.0,,,3,,,,,,,,,,,,,,,,,,,,,,,,,,,,,,,,,9,6,1,1.0,1.0
12889,2,1,2,1,1.0,0,,,,,1,Hombre,20,400,6,Tecnica/tecnologica,Superior,2,,1.0,,,3,,,,,,,,,,,,,,,,,,,,,,,,,,,,,,,,,9,6,0,1.0,1.0
12893,1,1,1,1,1.0,0,,,,,2,Mujer,52,2704,4,Basica secundaria,Media,2,,,,,3,,,,,,,,,,,,,,,,,,,,,,,,,,,,,,,,,9,5,2,1.0,2.0
12894,2,1,2,1,1.0,0,,,1.0,,2,Mujer,21,441,7,Universitaria,Superior,1,1.0,,,,3,2.0,2.0,,2.0,,,,,1.0,,,,,,1.0,,,2.0,2.0,2.0,2.0,2.0,2.0,2.0,2.0,2.0,2.0,2.0,2.0,2.0,2.0,2.0,9,6,0,2.0,2.0
12942,1,1,1,1,1.0,0,150000.0,11.918390573078392,60.0,2000.0,1,Hombre,32,1024,5,Media,Media,1,,1.0,,,3,5.0,1.0,30.0,1.0,DOS MIL,,,1.0,,,,,,,2.0,,,2.0,2.0,2.0,2.0,2.0,2.0,2.0,2.0,1.0,2.0,2.0,2.0,2.0,2.0,1.0,9,6,2,1.0,1.0
12944,3,1,3,1,1.0,0,,,,,1,Hombre,24,576,7,Universitaria,Superior,2,,1.0,,,3,,,,,,,,,,,,,,,,,,,,,,,,,,,,,,,,,9,6,0,1.0,1.0
12958,1,1,1,1,1.0,0,30000.0,10.308952660644293,30.0,2000.0,2,Mujer,27,729,4,Basica secundaria,Media,1,,,,,1,5.0,1.0,30.0,1.0,DOS MIL,,,,1.0,,,,,,2.0,,,2.0,2.0,2.0,2.0,2.0,2.0,2.0,2.0,2.0,2.0,2.0,2.0,2.0,2.0,2.0,9,6,1,1.0,2.0
12979,1,1,1,0,,1,,,,,1,Hombre,53,2809,6,Tecnica/tecnologica,Superior,2,,,,1.0,3,,,,,,,,,,,,,,,,,,,,,,,,,,,,,,,,,9,6,0,1.0,1.0
12995,2,1,2,0,,1,,,1.0,,1,Hombre,24,576,7,Universitaria,Superior,1,1.0,1.0,,,3,2.0,2.0,,2.0,,,,,1.0,,,,,,1.0,,,2.0,2.0,2.0,2.0,2.0,2.0,2.0,2.0,2.0,2.0,2.0,2.0,2.0,2.0,2.0,9,6,0,1.0,1.0
13000,2,1,2,1,1.0,0,20000.0,9.903487552536127,3.0,2000.0,1,Hombre,24,576,6,Tecnica/tecnologica,Superior,1,1.0,,,,3,4.0,1.0,20.0,1.0,DOS MIL PESOS,,,,1.0,,,,,,1.0,,,2.0,2.0,2.0,2.0,2.0,2.0,2.0,2.0,1.0,1.0,2.0,2.0,2.0,2.0,2.0,9,6,0,1.0,1.0
13008,1,1,1,1,1.0,0,,,,,1,Hombre,53,2809,3,Basica primaria,Baja,2,,,,,3,,,,,,,,,,,,,,,,,,,,,,,,,,,,,,,,,9,5,1,1.0,1.0
13015,2,1,2,1,1.0,0,,,,,2,Mujer,22,484,7,Universitaria,Superior,2,,1.0,1.0,,3,,,,,,,,,,,,,,,,,,,,,,,,,,,,,,,,,9,6,0,1.0,2.0
13044,1,1,1,0,,1,,,,,1,Hombre,50,2500,4,Basica secundaria,Media,2,,1.0,,,3,,,,,,,,,,,,,,,,,,,,,,,,,,,,,,,,,9,6,2,1.0,1.0
13049,2,1,2,0,,1,,,,,2,Mujer,19,361,5,Media,Media,2,,1.0,,,3,,,,,,,,,,,,,,,,,,,,,,,,,,,,,,,,,9,1,0,1.0,2.0
13050,2,1,2,0,,1,,,,,2,Mujer,39,1521,8,Postgrado,Superior,2,,1.0,,,3,,,,,,,,,,,,,,,,,,,,,,,,,,,,,,,,,9,1,0,1.0,2.0
13052,1,1,1,1,1.0,0,2000.0,7.600902459542082,2.0,1000.0,1,Hombre,61,3721,3,Basica primaria,Baja,1,,,,,3,4.0,1.0,4.0,1.0,mil pesos,,,1.0,,,,,,,2.0,,,2.0,2.0,2.0,2.0,2.0,2.0,2.0,2.0,2.0,2.0,2.0,2.0,2.0,2.0,2.0,9,5,1,1.0,1.0
13065,1,1,1,0,,1,,,,,1,Hombre,53,2809,5,Media,Media,2,,,,1.0,3,,,,,,,,,,,,,,,,,,,,,,,,,,,,,,,,,9,2,4,1.0,1.0
13081,1,1,1,0,,1,,,,,1,Hombre,65,4225,5,Media,Media,2,,1.0,,,3,,,,,,,,,,,,,,,,,,,,,,,,,,,,,,,,,9,5,2,1.0,1.0
13092,4,1,4,0,,1,,,,,2,Mujer,19,361,5,Media,Media,2,,1.0,,,3,,,,,,,,,,,,,,,,,,,,,,,,,,,,,,,,,9,6,1,1.0,2.0
13106,1,1,1,0,,1,,,,,1,Hombre,44,1936,6,Tecnica/tecnologica,Superior,2,,,,1.0,3,,,,,,,,,,,,,,,,,,,,,,,,,,,,,,,,,9,3,2,1.0,1.0
13109,2,1,2,0,,1,,,,,1,Hombre,30,900,3,Basica primaria,Baja,2,,1.0,,,3,,,,,,,,,,,,,,,,,,,,,,,,,,,,,,,,,9,1,0,1.0,1.0
13133,2,1,2,1,1.0,0,,,,,1,Hombre,15,225,4,Basica secundaria,Media,2,,,,,3,,,,,,,,,,,,,,,,,,,,,,,,,,,,,,,,,9,6,0,,
13142,1,1,1,0,,1,,,,,2,Mujer,33,1089,4,Basica secundaria,Media,2,,,1.0,,3,,,,,,,,,,,,,,,,,,,,,,,,,,,,,,,,,9,6,0,1.0,2.0
13144,1,1,1,0,,1,,,,,2,Mujer,18,324,6,Tecnica/tecnologica,Superior,2,,1.0,,,3,,,,,,,,,,,,,,,,,,,,,,,,,,,,,,,,,9,6,0,1.0,2.0
13168,1,1,1,1,1.0,0,,,,,2,Mujer,37,1369,7,Universitaria,Superior,2,,,1.0,,3,,,,,,,,,,,,,,,,,,,,,,,,,,,,,,,,,9,6,1,1.0,2.0
13169,4,1,4,1,1.0,0,,,1.0,2000.0,1,Hombre,30,900,7,Universitaria,Superior,1,,1.0,1.0,,3,4.0,2.0,,1.0,DOS MIL PESOS,,,,1.0,,,,,,2.0,,,2.0,1.0,2.0,2.0,2.0,2.0,1.0,2.0,2.0,2.0,1.0,2.0,2.0,2.0,2.0,9,6,0,1.0,1.0
13191,2,1,2,0,,1,,,,,1,Hombre,59,3481,4,Basica secundaria,Media,2,,1.0,,,3,,,,,,,,,,,,,,,,,,,,,,,,,,,,,,,,,9,6,0,1.0,1.0
13200,1,1,1,1,1.0,0,,,,,1,Hombre,50,2500,5,Media,Media,2,,,1.0,,3,,,,,,,,,,,,,,,,,,,,,,,,,,,,,,,,,9,6,0,1.0,1.0
13211,2,1,2,0,,1,,,,,2,Mujer,36,1296,5,Media,Media,2,,1.0,,,3,,,,,,,,,,,,,,,,,,,,,,,,,,,,,,,,,5,2,5,1.0,2.0
13223,3,1,3,0,,1,20000.0,9.903487552536127,10.0,2500.0,1,Hombre,18,324,5,Media,Media,1,,1.0,,,3,2.0,1.0,10.0,1.0,DOL MIL QUINIENTOS PESOS MCTE,,,,1.0,,,,,,2.0,,,2.0,1.0,2.0,2.0,2.0,2.0,2.0,1.0,1.0,1.0,1.0,1.0,2.0,1.0,1.0,9,6,0,1.0,1.0
13231,3,1,3,1,1.0,0,,,1.0,1000.0,2,Mujer,15,225,4,Basica secundaria,Media,1,,,,,2,9.0,1.0,2.0,1.0,MIL PESOS,,,,1.0,,,,,,2.0,,,1.0,2.0,2.0,1.0,2.0,1.0,2.0,2.0,2.0,2.0,1.0,2.0,2.0,2.0,2.0,9,6,0,,
13234,4,1,4,1,1.0,0,,,5.0,,2,Mujer,25,625,5,Media,Media,1,,1.0,1.0,,3,2.0,1.0,10.0,2.0,,,,,1.0,,,,,,2.0,,,2.0,2.0,2.0,2.0,2.0,2.0,2.0,2.0,2.0,2.0,2.0,2.0,2.0,2.0,2.0,9,6,0,2.0,2.0
13257,4,1,4,1,1.0,0,,,,,1,Hombre,22,484,5,Media,Media,2,,,,,3,,,,,,,,,,,,,,,,,,,,,,,,,,,,,,,,,9,6,0,1.0,1.0
13270,3,1,3,0,,1,,,,,2,Mujer,37,1369,6,Tecnica/tecnologica,Superior,2,,1.0,,,3,,,,,,,,,,,,,,,,,,,,,,,,,,,,,,,,,9,5,1,3.0,2.0
13286,2,1,2,1,1.0,0,,,,,1,Hombre,21,441,5,Media,Media,2,,1.0,,1.0,3,,,,,,,,,,,,,,,,,,,,,,,,,,,,,,,,,9,6,0,1.0,1.0
13289,2,1,2,0,,1,,,,,1,Hombre,37,1369,5,Media,Media,2,,1.0,,,3,,,,,,,,,,,,,,,,,,,,,,,,,,,,,,,,,5,5,2,1.0,1.0
13324,1,1,1,0,,1,,,,,1,Hombre,57,3249,5,Media,Media,2,,1.0,,,3,,,,,,,,,,,,,,,,,,,,,,,,,,,,,,,,,5,2,3,1.0,1.0
13344,1,1,1,0,,1,100000.0,11.512925464970229,30.0,6000.0,1,Hombre,32,1024,3,Basica primaria,Baja,1,,1.0,1.0,,3,5.0,1.0,30.0,1.0,SEIS MIL PESOS,,,1.0,,,,,,,2.0,,,2.0,1.0,1.0,1.0,1.0,1.0,1.0,1.0,1.0,1.0,1.0,1.0,1.0,1.0,1.0,5,6,1,1.0,1.0
13405,1,1,1,0,,1,,,,,1,Hombre,56,3136,3,Basica primaria,Baja,2,,1.0,,,3,,,,,,,,,,,,,,,,,,,,,,,,,,,,,,,,,9,5,5,1.0,1.0
13406,1,1,1,0,,1,,,,,1,Hombre,55,3025,3,Basica primaria,Baja,2,,1.0,,,3,,,,,,,,,,,,,,,,,,,,,,,,,,,,,,,,,9,3,2,1.0,1.0
13407,2,1,2,1,1.0,0,,,1.0,,1,Hombre,38,1444,6,Tecnica/tecnologica,Superior,1,1.0,1.0,1.0,,3,2.0,1.0,1.0,2.0,,,,,1.0,,,,,,1.0,,,2.0,2.0,2.0,2.0,2.0,2.0,2.0,2.0,2.0,2.0,2.0,2.0,2.0,2.0,2.0,9,6,1,1.0,1.0
13425,2,1,2,1,1.0,0,,,1.0,,1,Hombre,37,1369,8,Postgrado,Superior,1,1.0,1.0,,,3,2.0,2.0,,2.0,,,,,1.0,,,,1.0,,1.0,,,2.0,2.0,2.0,2.0,2.0,1.0,2.0,2.0,2.0,2.0,2.0,2.0,2.0,2.0,2.0,9,2,1,1.0,1.0
13428,2,1,2,0,,1,20000.0,9.903487552536127,2.0,3000.0,2,Mujer,29,841,5,Media,Media,1,,,,1.0,3,3.0,1.0,3.0,1.0,TRES MIL,,,,,,1.0,,,,2.0,,,2.0,2.0,2.0,2.0,2.0,2.0,2.0,2.0,1.0,1.0,2.0,1.0,2.0,2.0,2.0,9,2,0,1.0,2.0
13437,1,1,1,0,,1,,,,,1,Hombre,64,4096,3,Basica primaria,Baja,2,,1.0,,,3,,,,,,,,,,,,,,,,,,,,,,,,,,,,,,,,,1,3,3,1.0,1.0
13461,1,1,1,1,1.0,0,,,,,1,Hombre,27,729,6,Tecnica/tecnologica,Superior,2,,,,,3,,,,,,,,,,,,,,,,,,,,,,,,,,,,,,,,,1,2,1,1.0,1.0
13522,3,1,3,0,,1,20000.0,9.903487552536127,30.0,3000.0,2,Mujer,15,225,4,Basica secundaria,Media,1,,1.0,,,2,5.0,1.0,15.0,1.0,TRES MIL PESOS,,,1.0,,,,,,,2.0,,,1.0,1.0,1.0,1.0,2.0,1.0,1.0,1.0,1.0,1.0,1.0,1.0,1.0,1.0,1.0,9,6,0,,
13547,2,1,2,0,,1,,,,,1,Hombre,48,2304,1,Ninguno,Baja,2,,1.0,,,3,,,,,,,,,,,,,,,,,,,,,,,,,,,,,,,,,9,1,1,1.0,1.0
13559,1,1,1,1,1.0,0,,,,,2,Mujer,30,900,7,Universitaria,Superior,2,,,,,3,,,,,,,,,,,,,,,,,,,,,,,,,,,,,,,,,9,3,2,1.0,2.0
13645,1,1,1,0,,1,,,,,1,Hombre,35,1225,3,Basica primaria,Baja,2,,1.0,,,3,,,,,,,,,,,,,,,,,,,,,,,,,,,,,,,,,9,2,3,1.0,2.0
13649,1,1,1,1,1.0,0,,,1.0,,1,Hombre,31,961,6,Tecnica/tecnologica,Superior,1,,,,,3,2.0,2.0,,2.0,,,,,1.0,,,,,,2.0,,,1.0,1.0,1.0,1.0,1.0,1.0,2.0,2.0,2.0,2.0,2.0,2.0,2.0,2.0,2.0,9,2,3,1.0,1.0
13720,2,1,2,1,1.0,0,20000.0,9.903487552536127,5.0,5000.0,1,Hombre,34,1156,6,Tecnica/tecnologica,Superior,1,1.0,,,,1,4.0,1.0,4.0,1.0,CINCO MIL,,,,,,,,,1.0,1.0,,,2.0,2.0,2.0,2.0,2.0,2.0,2.0,2.0,1.0,1.0,1.0,1.0,2.0,2.0,2.0,9,6,0,1.0,1.0
13730,1,1,1,0,,1,,,,,1,Hombre,56,3136,5,Media,Media,2,,1.0,,,3,,,,,,,,,,,,,,,,,,,,,,,,,,,,,,,,,9,5,2,1.0,1.0
13821,3,1,3,1,1.0,0,,,,,1,Hombre,43,1849,3,Basica primaria,Baja,2,,,,,3,,,,,,,,,,,,,,,,,,,,,,,,,,,,,,,,,9,5,0,1.0,1.0
13824,1,1,1,0,,1,,,,,1,Hombre,34,1156,6,Tecnica/tecnologica,Superior,2,,1.0,,,3,,,,,,,,,,,,,,,,,,,,,,,,,,,,,,,,,9,6,0,1.0,1.0
13834,1,1,1,0,,1,,,,,2,Mujer,28,784,7,Universitaria,Superior,2,,1.0,,,3,,,,,,,,,,,,,,,,,,,,,,,,,,,,,,,,,5,5,1,1.0,2.0
13843,4,1,4,0,,1,,,,,2,Mujer,27,729,7,Universitaria,Superior,2,,1.0,,,3,,,,,,,,,,,,,,,,,,,,,,,,,,,,,,,,,9,6,0,1.0,2.0
13856,3,1,3,0,,1,,,,,2,Mujer,24,576,7,Universitaria,Superior,2,,,,1.0,3,,,,,,,,,,,,,,,,,,,,,,,,,,,,,,,,,9,6,0,1.0,2.0
13860,1,1,1,1,1.0,0,,,,,1,Hombre,44,1936,7,Universitaria,Superior,2,,,,,3,,,,,,,,,,,,,,,,,,,,,,,,,,,,,,,,,9,6,0,1.0,1.0
13861,2,1,2,1,1.0,0,,,,,1,Hombre,36,1296,6,Tecnica/tecnologica,Superior,2,,,,,3,,,,,,,,,,,,,,,,,,,,,,,,,,,,,,,,,9,2,1,1.0,1.0
13863,1,1,1,0,,1,,,,,1,Hombre,28,784,4,Basica secundaria,Media,2,,1.0,,,3,,,,,,,,,,,,,,,,,,,,,,,,,,,,,,,,,1,2,1,1.0,1.0
13873,2,1,2,0,,1,,,,,2,Mujer,37,1369,6,Tecnica/tecnologica,Superior,2,,1.0,,,3,,,,,,,,,,,,,,,,,,,,,,,,,,,,,,,,,9,2,1,1.0,2.0
13899,2,1,2,1,1.0,0,20000.0,9.903487552536127,5.0,1000.0,1,Hombre,43,1849,6,Tecnica/tecnologica,Superior,1,,1.0,1.0,,3,4.0,1.0,20.0,1.0,MIL,,,,,,1.0,,,,1.0,1.0,,1.0,1.0,2.0,2.0,2.0,1.0,2.0,2.0,2.0,2.0,1.0,1.0,1.0,1.0,1.0,5,3,0,1.0,2.0
13926,2,1,2,0,,1,,,1.0,,1,Hombre,21,441,7,Universitaria,Superior,1,1.0,1.0,,,2,2.0,2.0,,2.0,,,,,1.0,,,,,,1.0,,,2.0,1.0,2.0,2.0,2.0,2.0,2.0,2.0,2.0,2.0,1.0,2.0,2.0,2.0,2.0,9,6,0,1.0,1.0
13938,1,1,1,0,,1,,,,,1,Hombre,30,900,4,Basica secundaria,Media,2,,1.0,,,3,,,,,,,,,,,,,,,,,,,,,,,,,,,,,,,,,9,3,1,1.0,1.0
13953,8,1,8,1,1.0,0,25000.0,10.126631103850338,150.0,1500.0,1,Hombre,19,361,4,Basica secundaria,Media,1,,,,,3,5.0,1.0,30.0,1.0,MIL QUINIENTOS PESOS,,,1.0,,,,,,,2.0,,,2.0,1.0,1.0,1.0,2.0,1.0,1.0,1.0,2.0,2.0,1.0,1.0,2.0,2.0,2.0,9,6,0,1.0,1.0
13977,1,1,1,1,1.0,0,,,1.0,7000.0,2,Mujer,25,625,5,Media,Media,1,1.0,1.0,,,3,1.0,2.0,,1.0,SIETE MIL PESOS,,,,1.0,,,,,,1.0,,,2.0,2.0,2.0,2.0,2.0,2.0,2.0,2.0,2.0,2.0,2.0,2.0,2.0,2.0,2.0,9,3,2,1.0,2.0
13980,1,1,1,0,,1,,,,,2,Mujer,39,1521,4,Basica secundaria,Media,2,,1.0,,,3,,,,,,,,,,,,,,,,,,,,,,,,,,,,,,,,,9,3,3,1.0,2.0
14007,1,1,1,1,1.0,0,100000.0,11.512925464970229,30.0,2000.0,1,Hombre,28,784,5,Media,Media,1,,1.0,1.0,1.0,3,5.0,1.0,30.0,1.0,DOS MIL PESOS,,,,1.0,,,,,,2.0,,,2.0,2.0,2.0,2.0,2.0,1.0,2.0,2.0,2.0,2.0,2.0,2.0,2.0,2.0,1.0,9,2,2,1.0,1.0
14008,3,1,3,0,,1,1000.0,6.907755278982137,3.0,1000.0,1,Hombre,25,625,5,Media,Media,1,1.0,,1.0,,3,4.0,1.0,1.0,1.0,MIL PESOS,,,,1.0,,,,,,1.0,,,2.0,1.0,1.0,2.0,2.0,1.0,1.0,1.0,1.0,1.0,1.0,1.0,2.0,2.0,1.0,9,6,1,1.0,1.0
14029,4,1,4,0,,1,,,,,1,Hombre,35,1225,3,Basica primaria,Baja,2,,1.0,,,3,,,,,,,,,,,,,,,,,,,,,,,,,,,,,,,,,9,6,1,1.0,1.0
14039,4,1,4,1,1.0,0,15000.0,9.615805480084347,7.0,2000.0,1,Hombre,20,400,5,Media,Media,1,,1.0,,,3,5.0,1.0,30.0,1.0,DOS MIL,,,1.0,,,,,,,2.0,,,2.0,2.0,2.0,2.0,2.0,1.0,2.0,1.0,2.0,2.0,2.0,2.0,2.0,2.0,2.0,9,6,1,1.0,1.0
14044,1,1,1,0,,1,,,,,1,Hombre,23,529,7,Universitaria,Superior,2,,1.0,,,3,,,,,,,,,,,,,,,,,,,,,,,,,,,,,,,,,9,3,1,1.0,1.0
14137,2,1,2,1,1.0,0,180000.0,12.100712129872347,30.0,3000.0,2,Mujer,19,361,5,Media,Media,1,,1.0,1.0,,3,5.0,1.0,30.0,1.0,TRES MIL PESOS,,,1.0,,,1.0,,,,2.0,,,2.0,2.0,2.0,1.0,2.0,1.0,1.0,1.0,1.0,1.0,1.0,1.0,2.0,1.0,1.0,9,6,0,1.0,2.0
14140,3,1,3,0,,1,,,,,2,Mujer,19,361,6,Tecnica/tecnologica,Superior,2,,1.0,,,3,,,,,,,,,,,,,,,,,,,,,,,,,,,,,,,,,9,5,1,1.0,2.0
14176,3,1,3,1,1.0,0,,,2.0,2000.0,1,Hombre,22,484,5,Media,Media,1,,,,,3,2.0,2.0,,1.0,DOS MIL PESOS,,,,,1.0,,,,,2.0,,,1.0,1.0,1.0,1.0,2.0,2.0,2.0,2.0,2.0,2.0,1.0,2.0,1.0,2.0,2.0,9,6,0,1.0,1.0
14181,3,1,3,1,1.0,0,30000.0,10.308952660644293,10.0,2000.0,1,Hombre,32,1024,6,Tecnica/tecnologica,Superior,1,,,,,3,3.0,1.0,5.0,1.0,DOS MIL,,,,1.0,,,,,,2.0,,,2.0,1.0,1.0,1.0,1.0,2.0,2.0,1.0,1.0,1.0,2.0,1.0,2.0,2.0,1.0,9,6,1,1.0,1.0
14234,3,1,3,0,,1,,,1.0,2000.0,1,Hombre,25,625,6,Tecnica/tecnologica,Superior,1,,1.0,,,2,1.0,2.0,,1.0,Dos mil,,,,1.0,,,,,,2.0,,,2.0,2.0,2.0,2.0,2.0,2.0,2.0,2.0,2.0,2.0,2.0,2.0,2.0,2.0,2.0,9,6,0,1.0,1.0
14280,1,1,1,0,,1,,,,,1,Hombre,53,2809,5,Media,Media,2,,1.0,,,3,,,,,,,,,,,,,,,,,,,,,,,,,,,,,,,,,9,2,3,1.0,1.0
14282,2,1,2,0,,1,,,,,1,Hombre,38,1444,4,Basica secundaria,Media,2,,1.0,,,3,,,,,,,,,,,,,,,,,,,,,,,,,,,,,,,,,9,2,2,1.0,1.0
14286,2,1,2,0,,1,,,,,1,Hombre,33,1089,7,Universitaria,Superior,2,,1.0,,,3,,,,,,,,,,,,,,,,,,,,,,,,,,,,,,,,,9,6,0,1.0,1.0
14295,1,1,1,0,,1,,,5.0,2000.0,1,Hombre,51,2601,4,Basica secundaria,Media,1,,1.0,,,3,3.0,2.0,,1.0,DOS MIL PESOS,,,,1.0,,,,,,2.0,,,2.0,2.0,2.0,2.0,2.0,2.0,2.0,2.0,2.0,2.0,2.0,2.0,2.0,2.0,2.0,9,3,3,1.0,1.0
14305,2,1,2,1,1.0,0,,,,,2,Mujer,25,625,6,Tecnica/tecnologica,Superior,2,,,,,3,,,,,,,,,,,,,,,,,,,,,,,,,,,,,,,,,1,2,0,1.0,2.0
14320,2,1,2,0,,1,,,,,1,Hombre,23,529,5,Media,Media,2,,1.0,,,3,,,,,,,,,,,,,,,,,,,,,,,,,,,,,,,,,9,5,1,1.0,1.0
14324,2,1,2,0,,1,,,,,1,Hombre,23,529,5,Media,Media,2,,1.0,,,3,,,,,,,,,,,,,,,,,,,,,,,,,,,,,,,,,9,6,0,1.0,1.0
14326,1,1,1,0,,1,,,,,1,Hombre,39,1521,3,Basica primaria,Baja,2,,1.0,,,3,,,,,,,,,,,,,,,,,,,,,,,,,,,,,,,,,9,3,2,1.0,1.0
14327,1,1,1,1,1.0,0,,,,,1,Hombre,33,1089,6,Tecnica/tecnologica,Superior,2,,1.0,1.0,,3,,,,,,,,,,,,,,,,,,,,,,,,,,,,,,,,,9,3,1,1.0,1.0
14329,4,1,4,0,,1,,,1.0,3000.0,1,Hombre,14,196,4,Basica secundaria,Media,1,,1.0,,,2,1.0,2.0,,1.0,TRES MIL PESOS,,,1.0,,,,,,,2.0,,,2.0,2.0,2.0,2.0,2.0,2.0,1.0,2.0,2.0,2.0,2.0,2.0,2.0,2.0,2.0,9,6,0,,
14348,1,1,1,1,1.0,0,30000.0,10.308952660644293,12.0,,1,Hombre,26,676,7,Universitaria,Superior,1,1.0,,,,3,5.0,1.0,30.0,2.0,,,,,,,,,1.0,,1.0,,,2.0,2.0,2.0,2.0,2.0,2.0,2.0,2.0,2.0,2.0,2.0,2.0,2.0,2.0,2.0,9,1,1,1.0,1.0
14370,3,1,3,0,,1,,,,,1,Hombre,36,1296,7,Universitaria,Superior,2,,1.0,,,3,,,,,,,,,,,,,,,,,,,,,,,,,,,,,,,,,9,6,0,1.0,1.0
14375,1,1,1,0,,1,,,,,1,Hombre,50,2500,5,Media,Media,2,,1.0,,,3,,,,,,,,,,,,,,,,,,,,,,,,,,,,,,,,,9,5,4,1.0,1.0
14376,2,1,2,1,1.0,0,,,,,2,Mujer,31,961,7,Universitaria,Superior,2,,,,,3,,,,,,,,,,,,,,,,,,,,,,,,,,,,,,,,,9,6,0,1.0,2.0
14380,3,1,3,1,1.0,0,,,,,1,Hombre,19,361,5,Media,Media,2,,,,,3,,,,,,,,,,,,,,,,,,,,,,,,,,,,,,,,,9,6,0,1.0,1.0
14395,3,1,3,1,1.0,0,,,,,1,Hombre,23,529,8,Postgrado,Superior,2,,,,,3,,,,,,,,,,,,,,,,,,,,,,,,,,,,,,,,,9,6,0,1.0,1.0
14402,3,1,3,0,,1,,,,,1,Hombre,23,529,7,Universitaria,Superior,2,,1.0,,,3,,,,,,,,,,,,,,,,,,,,,,,,,,,,,,,,,9,6,0,1.0,1.0
14413,4,1,4,0,,1,,,,,1,Hombre,35,1225,6,Tecnica/tecnologica,Superior,2,,1.0,,,3,,,,,,,,,,,,,,,,,,,,,,,,,,,,,,,,,9,2,1,1.0,1.0
14438,1,1,1,1,1.0,0,,,12.0,5000.0,1,Hombre,32,1024,4,Basica secundaria,Media,1,,1.0,,,3,3.0,2.0,,1.0,CINCO MIL PESOS,,,1.0,1.0,,,,,,2.0,,,1.0,1.0,2.0,1.0,2.0,1.0,2.0,2.0,2.0,2.0,2.0,2.0,1.0,2.0,2.0,5,5,2,1.0,1.0
14440,1,1,1,1,1.0,0,200000.0,12.206072645530174,100.0,2000.0,1,Hombre,25,625,4,Basica secundaria,Media,1,,,,,1,5.0,1.0,30.0,1.0,DOS MIL PESOS,,,1.0,,,,,,,2.0,,,2.0,1.0,2.0,2.0,2.0,2.0,1.0,1.0,1.0,1.0,1.0,1.0,1.0,1.0,1.0,5,6,1,1.0,1.0
14470,4,1,4,1,1.0,0,10000.0,9.210340371976184,4.0,,1,Hombre,18,324,4,Basica secundaria,Media,1,,,,,3,3.0,1.0,2.0,2.0,,,,,1.0,,,,,,2.0,,,1.0,2.0,2.0,1.0,2.0,1.0,1.0,1.0,2.0,2.0,1.0,2.0,2.0,2.0,1.0,9,6,0,1.0,1.0
14492,1,1,1,0,,1,,,,,1,Hombre,25,625,4,Basica secundaria,Media,2,,1.0,,,3,,,,,,,,,,,,,,,,,,,,,,,,,,,,,,,,,9,6,0,1.0,1.0
14527,2,1,2,0,,1,50000.0,10.819778284410283,10.0,2000.0,1,Hombre,21,441,5,Media,Media,1,,1.0,,,3,4.0,1.0,10.0,1.0,DOS MIL,,,,1.0,,,,,,2.0,,,2.0,1.0,1.0,2.0,2.0,1.0,2.0,1.0,1.0,1.0,2.0,1.0,2.0,2.0,1.0,1,6,0,1.0,1.0
14591,3,1,3,1,1.0,0,,,1.0,2000.0,1,Hombre,25,625,7,Universitaria,Superior,1,1.0,,,,3,2.0,1.0,2.0,1.0,DOS MIL,,,,1.0,,,,,,1.0,,,2.0,2.0,2.0,2.0,2.0,2.0,2.0,2.0,2.0,2.0,2.0,2.0,2.0,2.0,2.0,9,6,0,1.0,1.0
14602,3,1,3,0,,1,,,,,1,Hombre,27,729,7,Universitaria,Superior,2,,1.0,,,3,,,,,,,,,,,,,,,,,,,,,,,,,,,,,,,,,5,6,1,1.0,1.0
14610,2,1,2,1,1.0,0,,,,,1,Hombre,21,441,5,Media,Media,2,,,,,3,,,,,,,,,,,,,,,,,,,,,,,,,,,,,,,,,9,6,0,1.0,1.0
14619,2,1,2,1,1.0,0,,,1.0,,2,Mujer,39,1521,4,Basica secundaria,Media,1,,,,,2,1.0,2.0,,2.0,,,,,1.0,,,,,,2.0,,,2.0,2.0,2.0,2.0,2.0,2.0,2.0,2.0,2.0,2.0,2.0,2.0,2.0,2.0,2.0,5,1,6,1.0,2.0
14680,4,1,4,0,,1,,,,,2,Mujer,26,676,4,Basica secundaria,Media,2,,1.0,,,3,,,,,,,,,,,,,,,,,,,,,,,,,,,,,,,,,9,6,2,1.0,2.0
14702,2,1,2,0,,1,,,,,2,Mujer,44,1936,5,Media,Media,2,,1.0,,,3,,,,,,,,,,,,,,,,,,,,,,,,,,,,,,,,,1,3,4,1.0,2.0
14705,3,1,3,1,1.0,0,30000.0,10.308952660644293,20.0,2000.0,1,Hombre,45,2025,5,Media,Media,1,,1.0,,,1,5.0,1.0,30.0,1.0,DOS MIL,,,1.0,,,,,,,2.0,,,2.0,2.0,2.0,1.0,2.0,1.0,2.0,1.0,1.0,1.0,1.0,1.0,1.0,1.0,1.0,5,6,0,1.0,1.0
14740,4,1,4,1,1.0,0,,,1.0,1500.0,1,Hombre,19,361,6,Tecnica/tecnologica,Superior,1,1.0,,,,3,1.0,2.0,,1.0,MIL QUINIENTOS,,,,1.0,,,,,,1.0,,,2.0,1.0,2.0,2.0,2.0,1.0,2.0,2.0,2.0,2.0,2.0,2.0,2.0,1.0,2.0,9,6,0,1.0,1.0
14756,2,1,2,1,1.0,0,,,,,1,Hombre,30,900,4,Basica secundaria,Media,2,,,,,3,,,,,,,,,,,,,,,,,,,,,,,,,,,,,,,,,9,5,1,1.0,1.0
14764,1,1,1,0,,1,,,,,1,Hombre,22,484,5,Media,Media,2,,1.0,,,3,,,,,,,,,,,,,,,,,,,,,,,,,,,,,,,,,9,2,0,1.0,1.0
14766,3,1,3,0,,1,,,,,1,Hombre,64,4096,7,Universitaria,Superior,2,,1.0,,,3,,,,,,,,,,,,,,,,,,,,,,,,,,,,,,,,,9,5,3,1.0,1.0
14769,1,1,1,1,1.0,0,,,,,1,Hombre,60,3600,5,Media,Media,2,,,,,3,,,,,,,,,,,,,,,,,,,,,,,,,,,,,,,,,9,5,3,1.0,1.0
14789,3,1,3,1,1.0,0,,,,,1,Hombre,15,225,4,Basica secundaria,Media,2,,,,,3,,,,,,,,,,,,,,,,,,,,,,,,,,,,,,,,,9,6,0,,
14812,1,1,1,0,,1,,,,,1,Hombre,53,2809,3,Basica primaria,Baja,2,,,,1.0,3,,,,,,,,,,,,,,,,,,,,,,,,,,,,,,,,,9,2,4,1.0,1.0
14829,2,1,2,0,,1,,,,,2,Mujer,27,729,5,Media,Media,2,,1.0,,,3,,,,,,,,,,,,,,,,,,,,,,,,,,,,,,,,,9,2,1,1.0,2.0
14859,1,1,1,0,,1,,,,,2,Mujer,65,4225,8,Postgrado,Superior,2,,1.0,,,3,,,,,,,,,,,,,,,,,,,,,,,,,,,,,,,,,9,4,1,1.0,2.0
14871,2,1,2,0,,1,,,,,2,Mujer,23,529,6,Tecnica/tecnologica,Superior,2,,1.0,,,3,,,,,,,,,,,,,,,,,,,,,,,,,,,,,,,,,9,6,1,1.0,2.0
14880,2,1,2,0,,1,,,,,1,Hombre,57,3249,5,Media,Media,2,,1.0,,,3,,,,,,,,,,,,,,,,,,,,,,,,,,,,,,,,,5,3,5,1.0,1.0
14920,3,1,3,1,1.0,0,,,,,1,Hombre,28,784,8,Postgrado,Superior,1,,,,,2,1.0,2.0,,2.0,,,,,,,,1.0,,,2.0,,,2.0,2.0,2.0,2.0,2.0,2.0,2.0,2.0,2.0,2.0,2.0,2.0,2.0,2.0,2.0,9,6,0,1.0,1.0
14927,2,1,2,0,,1,,,1.0,3000.0,1,Hombre,17,289,6,Tecnica/tecnologica,Superior,1,,1.0,,,3,3.0,2.0,,1.0,TRES MIL PESOS,,,,1.0,,,,,,2.0,,,2.0,2.0,2.0,2.0,2.0,1.0,2.0,2.0,2.0,2.0,2.0,2.0,2.0,2.0,2.0,9,6,0,,
14953,1,1,1,1,1.0,0,40000.0,10.596634733096073,45.0,1000.0,1,Hombre,26,676,5,Media,Media,1,,1.0,1.0,,3,5.0,1.0,30.0,1.0,MIL PESOS,,,1.0,,,,,,,2.0,,,1.0,2.0,2.0,2.0,2.0,2.0,2.0,2.0,2.0,2.0,2.0,2.0,2.0,2.0,2.0,1,2,1,1.0,1.0
14983,3,1,3,0,,1,,,,,1,Hombre,20,400,5,Media,Media,2,,1.0,,,3,,,,,,,,,,,,,,,,,,,,,,,,,,,,,,,,,9,6,0,1.0,1.0
14987,2,1,2,0,,1,,,,,2,Mujer,30,900,7,Universitaria,Superior,2,,1.0,,,3,,,,,,,,,,,,,,,,,,,,,,,,,,,,,,,,,9,3,1,1.0,2.0
14989,3,1,3,0,,1,,,,,1,Hombre,22,484,7,Universitaria,Superior,2,,1.0,,,3,,,,,,,,,,,,,,,,,,,,,,,,,,,,,,,,,9,6,0,1.0,1.0
14997,2,1,2,0,,1,30000.0,10.308952660644293,15.0,2000.0,2,Mujer,19,361,5,Media,Media,1,1.0,1.0,,,3,4.0,1.0,15.0,1.0,DOS MIL PESOS,,,1.0,1.0,1.0,,,,,1.0,,,1.0,1.0,1.0,1.0,2.0,1.0,1.0,2.0,1.0,2.0,1.0,2.0,2.0,1.0,1.0,1,6,0,3.0,2.0
15005,3,1,3,0,,1,,,,,2,Mujer,49,2401,5,Media,Media,2,,1.0,,,3,,,,,,,,,,,,,,,,,,,,,,,,,,,,,,,,,9,6,1,1.0,2.0
15021,1,1,1,0,,1,,,,,2,Mujer,55,3025,5,Media,Media,2,,1.0,,,3,,,,,,,,,,,,,,,,,,,,,,,,,,,,,,,,,9,5,3,1.0,2.0
15037,1,1,1,0,,1,,,,,1,Hombre,37,1369,5,Media,Media,2,,1.0,,,3,,,,,,,,,,,,,,,,,,,,,,,,,,,,,,,,,9,2,1,1.0,1.0
15038,1,1,1,0,,1,,,,,1,Hombre,30,900,7,Universitaria,Superior,2,,1.0,,,3,,,,,,,,,,,,,,,,,,,,,,,,,,,,,,,,,9,6,0,1.0,1.0
15059,5,1,5,1,1.0,0,10000.0,9.210340371976184,5.0,4000.0,1,Hombre,20,400,5,Media,Media,1,,,,,3,5.0,1.0,5.0,1.0,CUATRO MIL PESOS,,,1.0,,,,,,,2.0,,,2.0,2.0,2.0,2.0,2.0,2.0,2.0,2.0,2.0,2.0,1.0,2.0,2.0,2.0,2.0,5,6,0,1.0,1.0
15069,2,1,2,1,1.0,0,,,,,1,Hombre,24,576,3,Basica primaria,Baja,2,,1.0,,,3,,,,,,,,,,,,,,,,,,,,,,,,,,,,,,,,,9,6,0,1.0,1.0
15073,3,1,3,0,,1,,,,,2,Mujer,39,1521,8,Postgrado,Superior,2,,1.0,,,3,,,,,,,,,,,,,,,,,,,,,,,,,,,,,,,,,1,3,2,1.0,2.0
15087,1,1,1,0,,1,,,,,2,Mujer,40,1600,7,Universitaria,Superior,2,,1.0,,,3,,,,,,,,,,,,,,,,,,,,,,,,,,,,,,,,,9,6,0,1.0,2.0
15110,3,1,3,1,1.0,0,,,2.0,2000.0,2,Mujer,28,784,4,Basica secundaria,Media,1,,,,,3,5.0,2.0,,1.0,DOS MIL PESOS MONEDA CORRIETE,,,,1.0,,,,,,1.0,1.0,,1.0,1.0,1.0,1.0,2.0,1.0,1.0,1.0,1.0,1.0,1.0,2.0,1.0,1.0,1.0,9,2,2,1.0,2.0
15121,1,1,1,0,,1,,,,,1,Hombre,59,3481,3,Basica primaria,Baja,2,,1.0,,,3,,,,,,,,,,,,,,,,,,,,,,,,,,,,,,,,,9,2,4,1.0,1.0
15129,2,1,2,1,1.0,0,,,,,2,Mujer,42,1764,5,Media,Media,2,,1.0,,,3,,,,,,,,,,,,,,,,,,,,,,,,,,,,,,,,,9,2,2,1.0,2.0
15155,3,1,3,1,1.0,0,40000.0,10.596634733096073,3.0,3000.0,1,Hombre,24,576,5,Media,Media,1,1.0,1.0,1.0,,3,5.0,1.0,30.0,1.0,TRES MIL PESOS,,,,1.0,,,,,,1.0,,,2.0,1.0,2.0,2.0,2.0,1.0,1.0,2.0,1.0,1.0,2.0,2.0,2.0,2.0,2.0,9,6,0,1.0,1.0
15160,1,1,1,1,1.0,0,,,,,1,Hombre,21,441,6,Tecnica/tecnologica,Superior,2,,1.0,1.0,,3,,,,,,,,,,,,,,,,,,,,,,,,,,,,,,,,,9,6,0,1.0,1.0
15173,5,1,5,1,1.0,0,,,1.0,,1,Hombre,23,529,7,Universitaria,Superior,1,,,,,1,1.0,1.0,1.0,2.0,,,,,1.0,,,,,,2.0,,,1.0,2.0,2.0,1.0,2.0,2.0,2.0,2.0,2.0,2.0,2.0,2.0,2.0,2.0,2.0,9,6,0,1.0,1.0
15180,2,1,2,1,1.0,0,,,,,2,Mujer,28,784,4,Basica secundaria,Media,2,,,,,3,,,,,,,,,,,,,,,,,,,,,,,,,,,,,,,,,9,3,2,1.0,2.0
15189,2,1,2,1,1.0,0,,,,,2,Mujer,28,784,7,Universitaria,Superior,2,,,,,3,,,,,,,,,,,,,,,,,,,,,,,,,,,,,,,,,9,6,0,1.0,2.0
15203,2,1,2,1,1.0,0,,,,,2,Mujer,45,2025,3,Basica primaria,Baja,2,,,,,3,,,,,,,,,,,,,,,,,,,,,,,,,,,,,,,,,9,6,0,1.0,2.0
15215,3,1,3,1,1.0,0,30000.0,10.308952660644293,60.0,500.0,1,Hombre,22,484,7,Universitaria,Superior,1,1.0,,,,3,5.0,1.0,30.0,1.0,QUINIENTOS PESOS,,,,1.0,,,,,,1.0,,,1.0,2.0,2.0,1.0,2.0,1.0,1.0,2.0,2.0,1.0,1.0,1.0,1.0,2.0,1.0,9,6,0,1.0,1.0
15228,5,1,5,0,,1,,,,,2,Mujer,29,841,6,Tecnica/tecnologica,Superior,2,,1.0,,,3,,,,,,,,,,,,,,,,,,,,,,,,,,,,,,,,,9,2,2,1.0,2.0
15249,1,1,1,1,1.0,0,,,,,2,Mujer,45,2025,6,Tecnica/tecnologica,Superior,2,,,,,3,,,,,,,,,,,,,,,,,,,,,,,,,,,,,,,,,9,6,2,1.0,2.0
15256,1,1,1,0,,1,,,,,1,Hombre,52,2704,4,Basica secundaria,Media,2,,1.0,,,3,,,,,,,,,,,,,,,,,,,,,,,,,,,,,,,,,9,6,2,1.0,1.0
15260,3,1,3,0,,1,,,,,1,Hombre,22,484,6,Tecnica/tecnologica,Superior,2,,1.0,,,3,,,,,,,,,,,,,,,,,,,,,,,,,,,,,,,,,9,6,0,1.0,1.0
15289,3,1,3,0,,1,,,1.0,1000.0,2,Mujer,20,400,5,Media,Media,1,1.0,1.0,,,2,3.0,2.0,,1.0,MIL PESOS,,,,,1.0,,,,,1.0,,,1.0,1.0,2.0,1.0,2.0,2.0,2.0,2.0,1.0,1.0,1.0,1.0,2.0,2.0,2.0,9,6,0,1.0,2.0
15299,1,1,1,1,1.0,0,,,1.0,,2,Mujer,31,961,7,Universitaria,Superior,1,,,,,1,3.0,1.0,1.0,2.0,,,,,1.0,,,,,,2.0,,,2.0,2.0,2.0,2.0,2.0,1.0,2.0,2.0,2.0,2.0,2.0,2.0,2.0,2.0,2.0,9,3,1,1.0,2.0
15318,1,1,1,1,1.0,0,,,,,1,Hombre,25,625,7,Universitaria,Superior,2,,1.0,1.0,1.0,3,,,,,,,,,,,,,,,,,,,,,,,,,,,,,,,,,9,1,0,1.0,1.0
15325,1,1,1,0,,1,,,,,1,Hombre,23,529,7,Universitaria,Superior,2,,1.0,,,3,,,,,,,,,,,,,,,,,,,,,,,,,,,,,,,,,9,6,0,1.0,1.0
15341,1,1,1,1,1.0,0,100000.0,11.512925464970229,90.0,5000.0,1,Hombre,43,1849,5,Media,Media,1,1.0,1.0,1.0,,3,5.0,1.0,30.0,1.0,CINCO MIL PESOS,,,1.0,1.0,,,,,,1.0,,,1.0,1.0,1.0,1.0,1.0,1.0,1.0,1.0,1.0,1.0,1.0,1.0,1.0,1.0,1.0,9,6,0,1.0,1.0
15345,2,1,2,0,,1,,,,,2,Mujer,29,841,8,Postgrado,Superior,2,,1.0,,,3,,,,,,,,,,,,,,,,,,,,,,,,,,,,,,,,,9,3,1,1.0,2.0
15348,2,1,2,0,,1,,,,,2,Mujer,39,1521,8,Postgrado,Superior,2,,1.0,,,3,,,,,,,,,,,,,,,,,,,,,,,,,,,,,,,,,9,3,2,1.0,2.0
15362,1,1,1,1,1.0,0,,,1.0,6000.0,1,Hombre,26,676,6,Tecnica/tecnologica,Superior,1,1.0,1.0,1.0,,3,3.0,1.0,1.0,1.0,SEIS MIL PESOS,,,,1.0,,,,,,1.0,,,2.0,1.0,2.0,2.0,2.0,1.0,2.0,1.0,2.0,2.0,2.0,2.0,2.0,2.0,2.0,9,1,1,1.0,1.0
15388,2,1,2,1,1.0,0,,,10.0,2000.0,1,Hombre,25,625,6,Tecnica/tecnologica,Superior,1,1.0,1.0,1.0,,3,4.0,1.0,10.0,1.0,dos mil pesos,,,,1.0,,,,,,1.0,,,2.0,2.0,2.0,2.0,2.0,2.0,2.0,2.0,2.0,2.0,1.0,2.0,2.0,2.0,2.0,9,6,0,1.0,1.0
15392,2,1,2,1,1.0,0,,,,,2,Mujer,23,529,7,Universitaria,Superior,2,,,,,3,,,,,,,,,,,,,,,,,,,,,,,,,,,,,,,,,9,6,0,1.0,2.0
15399,2,1,2,0,,1,,,,,2,Mujer,26,676,7,Universitaria,Superior,2,,,,1.0,3,,,,,,,,,,,,,,,,,,,,,,,,,,,,,,,,,9,2,3,1.0,2.0
15415,1,1,1,1,1.0,0,40000.0,10.596634733096073,14.0,3000.0,1,Hombre,33,1089,3,Basica primaria,Baja,1,,,,,1,3.0,1.0,14.0,1.0,TRES MIL,,,,1.0,,,,,,2.0,,,1.0,2.0,2.0,1.0,2.0,1.0,1.0,1.0,2.0,2.0,1.0,2.0,2.0,2.0,1.0,9,6,1,1.0,1.0
15439,2,1,2,0,,1,,,,,1,Hombre,23,529,6,Tecnica/tecnologica,Superior,2,,1.0,,,3,,,,,,,,,,,,,,,,,,,,,,,,,,,,,,,,,9,6,0,1.0,1.0
15490,2,1,2,0,,1,,,1.0,,2,Mujer,27,729,5,Media,Media,1,,1.0,,,3,1.0,2.0,,2.0,,,,,1.0,,,,,,2.0,,,2.0,2.0,2.0,2.0,2.0,1.0,2.0,2.0,2.0,2.0,2.0,2.0,2.0,2.0,2.0,9,2,1,1.0,2.0
15507,1,1,1,0,,1,,,,,1,Hombre,48,2304,4,Basica secundaria,Media,2,,1.0,,,3,,,,,,,,,,,,,,,,,,,,,,,,,,,,,,,,,9,2,3,1.0,1.0
15516,1,1,1,1,1.0,0,1000.0,6.907755278982137,3.0,,2,Mujer,29,841,5,Media,Media,1,1.0,,,,2,2.0,1.0,10.0,2.0,,,,,1.0,,,,,,1.0,,,2.0,2.0,2.0,2.0,2.0,2.0,2.0,2.0,2.0,2.0,2.0,2.0,2.0,2.0,2.0,9,5,2,1.0,2.0
15560,4,1,4,0,,1,,,,,1,Hombre,59,3481,7,Universitaria,Superior,2,,1.0,,,3,,,,,,,,,,,,,,,,,,,,,,,,,,,,,,,,,9,3,2,1.0,1.0
15561,1,1,1,1,1.0,0,,,,,1,Hombre,60,3600,8,Postgrado,Superior,2,,1.0,,,3,,,,,,,,,,,,,,,,,,,,,,,,,,,,,,,,,9,3,3,1.0,1.0
15598,1,1,1,0,,1,,,,,1,Hombre,61,3721,1,Ninguno,Baja,2,,1.0,,,3,,,,,,,,,,,,,,,,,,,,,,,,,,,,,,,,,9,2,2,1.0,1.0
15610,2,1,2,1,1.0,0,,,,,1,Hombre,23,529,8,Postgrado,Superior,2,,,,,3,,,,,,,,,,,,,,,,,,,,,,,,,,,,,,,,,9,6,0,1.0,1.0
15616,2,1,2,1,1.0,0,,,1.0,10000.0,1,Hombre,30,900,6,Tecnica/tecnologica,Superior,1,,1.0,,,3,3.0,2.0,,1.0,DIEZ MIL LA BOLSA,,,,1.0,,,,,,2.0,,,2.0,2.0,2.0,2.0,2.0,1.0,1.0,2.0,1.0,2.0,1.0,2.0,2.0,2.0,2.0,9,6,0,1.0,1.0
15622,1,1,1,0,,1,,,,,1,Hombre,34,1156,7,Universitaria,Superior,2,,1.0,,,3,,,,,,,,,,,,,,,,,,,,,,,,,,,,,,,,,9,6,0,1.0,1.0
15643,3,1,3,0,,1,,,,,2,Mujer,19,361,7,Universitaria,Superior,2,,1.0,,,3,,,,,,,,,,,,,,,,,,,,,,,,,,,,,,,,,9,6,0,1.0,2.0
15646,4,1,4,0,,1,,,1.0,3000.0,1,Hombre,23,529,7,Universitaria,Superior,1,1.0,1.0,,,3,2.0,2.0,,1.0,TRES MIL,,,,1.0,,,,,,1.0,,,2.0,2.0,2.0,2.0,2.0,2.0,1.0,2.0,2.0,2.0,1.0,2.0,2.0,2.0,1.0,9,6,0,1.0,1.0
15653,1,1,1,1,1.0,0,,,,,1,Hombre,53,2809,5,Media,Media,2,,,,,3,,,,,,,,,,,,,,,,,,,,,,,,,,,,,,,,,9,5,2,1.0,1.0
15698,1,1,1,1,1.0,0,,,,,1,Hombre,26,676,5,Media,Media,2,,,,,3,,,,,,,,,,,,,,,,,,,,,,,,,,,,,,,,,9,1,0,1.0,1.0
15704,4,1,4,1,1.0,0,,,1.0,,1,Hombre,24,576,6,Tecnica/tecnologica,Superior,1,1.0,,,,3,2.0,2.0,,2.0,,,,,1.0,,,,,,1.0,,,2.0,2.0,2.0,2.0,2.0,2.0,2.0,2.0,2.0,2.0,1.0,2.0,2.0,2.0,2.0,9,6,1,1.0,1.0
15722,2,1,2,0,,1,,,,,2,Mujer,65,4225,5,Media,Media,2,,1.0,,,3,,,,,,,,,,,,,,,,,,,,,,,,,,,,,,,,,9,3,2,1.0,2.0
15770,1,1,1,1,1.0,0,,,,,1,Hombre,23,529,5,Media,Media,2,,,,,3,,,,,,,,,,,,,,,,,,,,,,,,,,,,,,,,,1,2,2,1.0,1.0
15846,2,1,2,0,,1,,,,,2,Mujer,22,484,5,Media,Media,2,,1.0,,,9,,,,,,,,,,,,,,,,,,,,,,,,,,,,,,,,,9,2,1,1.0,2.0
15858,3,1,3,0,,1,135000.0,11.813030057420567,30.0,,1,Hombre,40,1600,7,Universitaria,Superior,1,,,,1.0,3,5.0,1.0,30.0,2.0,,,,,,,,,1.0,,1.0,,1.0,2.0,2.0,2.0,2.0,2.0,2.0,2.0,2.0,2.0,2.0,2.0,2.0,2.0,2.0,2.0,9,6,1,1.0,1.0
15890,2,1,2,1,1.0,0,5000.0,8.517193191416238,2.0,2000.0,1,Hombre,16,256,4,Basica secundaria,Media,1,,1.0,,,1,2.0,1.0,10.0,1.0,DOS MIL PESOS,,,1.0,1.0,,1.0,,,,2.0,,,1.0,2.0,2.0,1.0,2.0,1.0,2.0,2.0,2.0,2.0,2.0,2.0,2.0,2.0,2.0,9,6,0,,
15898,1,1,1,0,,1,,,,,2,Mujer,27,729,6,Tecnica/tecnologica,Superior,2,,1.0,,,3,,,,,,,,,,,,,,,,,,,,,,,,,,,,,,,,,9,1,1,1.0,2.0
15962,2,1,2,1,1.0,0,5000.0,8.517193191416238,1.0,2000.0,1,Hombre,25,625,7,Universitaria,Superior,1,1.0,1.0,1.0,,3,2.0,1.0,2.0,1.0,DOS MIL PESOS,,,,,,,1.0,,,1.0,,,2.0,2.0,2.0,2.0,2.0,2.0,2.0,2.0,2.0,2.0,2.0,2.0,2.0,2.0,2.0,9,6,0,1.0,1.0
15970,2,1,2,0,,1,,,,,2,Mujer,27,729,7,Universitaria,Superior,2,,1.0,,,3,,,,,,,,,,,,,,,,,,,,,,,,,,,,,,,,,9,6,0,1.0,2.0
16010,1,1,1,1,1.0,0,,,,,1,Hombre,27,729,6,Tecnica/tecnologica,Superior,2,,,,,3,,,,,,,,,,,,,,,,,,,,,,,,,,,,,,,,,9,1,0,1.0,1.0
16014,1,1,1,1,1.0,0,20000.0,9.903487552536127,3.0,20000.0,1,Hombre,26,676,4,Basica secundaria,Media,1,,,,,3,3.0,1.0,7.0,1.0,VEINTE MIL PESOS,,,,1.0,,,,,,2.0,,,1.0,2.0,2.0,1.0,2.0,1.0,1.0,2.0,1.0,1.0,1.0,1.0,2.0,1.0,1.0,9,6,0,1.0,1.0
16031,1,1,1,1,1.0,0,,,,,2,Mujer,29,841,6,Tecnica/tecnologica,Superior,2,,,,,3,,,,,,,,,,,,,,,,,,,,,,,,,,,,,,,,,9,5,2,1.0,2.0
16052,3,1,3,0,,1,,,,,1,Hombre,24,576,7,Universitaria,Superior,2,,1.0,,,3,,,,,,,,,,,,,,,,,,,,,,,,,,,,,,,,,9,6,0,1.0,1.0
16057,3,1,3,0,,1,5000.0,8.517193191416238,1.0,,2,Mujer,24,576,7,Universitaria,Superior,1,,1.0,,,3,4.0,1.0,1.0,2.0,,,,,1.0,,,,,,2.0,,,2.0,2.0,2.0,2.0,2.0,2.0,2.0,2.0,2.0,2.0,1.0,2.0,2.0,2.0,1.0,9,6,0,3.0,2.0
16078,1,1,1,0,,1,,,,,1,Hombre,45,2025,4,Basica secundaria,Media,2,,1.0,,,3,,,,,,,,,,,,,,,,,,,,,,,,,,,,,,,,,9,2,0,1.0,1.0
16084,1,1,1,1,1.0,0,,,1.0,2000.0,1,Hombre,33,1089,4,Basica secundaria,Media,1,,1.0,1.0,,3,1.0,2.0,,1.0,DOS MIL,,,,1.0,,,,,,2.0,,,2.0,2.0,2.0,2.0,2.0,2.0,2.0,2.0,2.0,2.0,2.0,2.0,2.0,2.0,2.0,9,2,2,1.0,1.0
16112,2,1,2,1,1.0,0,,,,,2,Mujer,35,1225,6,Tecnica/tecnologica,Superior,2,,1.0,,,3,,,,,,,,,,,,,,,,,,,,,,,,,,,,,,,,,9,6,0,1.0,2.0
16122,2,1,2,1,1.0,0,10000.0,9.210340371976184,1.0,10000.0,1,Hombre,42,1764,5,Media,Media,1,,,,,3,3.0,1.0,1.0,1.0,DIEZ MIL PESOS,,,,,,1.0,,,,2.0,,,2.0,2.0,2.0,2.0,2.0,2.0,2.0,2.0,2.0,2.0,2.0,2.0,2.0,2.0,2.0,9,6,0,1.0,1.0
16127,1,1,1,0,,1,,,,,2,Mujer,33,1089,3,Basica primaria,Baja,2,,1.0,,,3,,,,,,,,,,,,,,,,,,,,,,,,,,,,,,,,,9,1,3,1.0,2.0
16138,3,1,3,0,,1,,,,,2,Mujer,15,225,4,Basica secundaria,Media,2,,1.0,,,3,,,,,,,,,,,,,,,,,,,,,,,,,,,,,,,,,9,6,0,,
16156,1,1,1,1,1.0,0,,,,,2,Mujer,44,1936,8,Postgrado,Superior,2,,,,,3,,,,,,,,,,,,,,,,,,,,,,,,,,,,,,,,,9,3,1,1.0,2.0
16194,4,1,4,0,,1,,,,,2,Mujer,23,529,6,Tecnica/tecnologica,Superior,2,,1.0,,,3,,,,,,,,,,,,,,,,,,,,,,,,,,,,,,,,,9,6,1,1.0,2.0
16206,4,1,4,1,1.0,0,,,,4000.0,1,Hombre,35,1225,4,Basica secundaria,Media,1,,,,,3,2.0,2.0,,1.0,CUATRO MIL,,,,1.0,,,,,,2.0,,,2.0,2.0,2.0,1.0,2.0,2.0,2.0,2.0,2.0,2.0,2.0,2.0,2.0,2.0,2.0,9,6,1,2.0,3.0
16250,1,1,1,1,1.0,0,60000.0,11.002099841204238,40.0,2500.0,1,Hombre,29,841,7,Universitaria,Superior,1,1.0,,,,3,4.0,1.0,20.0,1.0,DOS MIL QUINIENTOS,,,,,1.0,,,,,1.0,,,2.0,2.0,2.0,2.0,2.0,1.0,1.0,2.0,1.0,1.0,1.0,1.0,2.0,2.0,1.0,3,6,0,1.0,1.0
16270,1,1,1,0,,1,,,,,1,Hombre,52,2704,6,Tecnica/tecnologica,Superior,2,,,,1.0,3,,,,,,,,,,,,,,,,,,,,,,,,,,,,,,,,,9,6,0,1.0,1.0
16273,2,1,2,0,,1,,,,,2,Mujer,46,2116,8,Postgrado,Superior,2,,1.0,,,3,,,,,,,,,,,,,,,,,,,,,,,,,,,,,,,,,9,1,0,1.0,2.0
16288,2,1,2,0,,1,,,,,1,Hombre,47,2209,7,Universitaria,Superior,2,,1.0,,,3,,,,,,,,,,,,,,,,,,,,,,,,,,,,,,,,,9,6,0,1.0,1.0
16307,5,1,5,1,1.0,0,,,,,1,Hombre,47,2209,3,Basica primaria,Baja,2,,,,,2,,,,,,,,,,,,,,,,,,,,,,,,,,,,,,,,,9,5,2,1.0,1.0
16319,3,1,3,0,,1,,,,,1,Hombre,25,625,6,Tecnica/tecnologica,Superior,2,,1.0,,,3,,,,,,,,,,,,,,,,,,,,,,,,,,,,,,,,,9,6,1,1.0,1.0
16336,1,1,1,0,,1,,,,,1,Hombre,63,3969,3,Basica primaria,Baja,2,,1.0,,,3,,,,,,,,,,,,,,,,,,,,,,,,,,,,,,,,,9,3,2,1.0,1.0
16352,2,1,2,0,,1,,,,,1,Hombre,33,1089,4,Basica secundaria,Media,2,,1.0,,,3,,,,,,,,,,,,,,,,,,,,,,,,,,,,,,,,,9,2,2,1.0,1.0
16371,4,1,4,0,,1,5000.0,8.517193191416238,1.0,3000.0,1,Hombre,27,729,5,Media,Media,1,,,,1.0,3,2.0,1.0,3.0,1.0,TRES MIL,,,,,,1.0,,,,2.0,,,2.0,2.0,2.0,1.0,2.0,2.0,2.0,2.0,2.0,2.0,1.0,1.0,1.0,1.0,1.0,9,6,1,1.0,1.0
16382,1,1,1,1,1.0,0,,,1.0,,1,Hombre,28,784,8,Postgrado,Superior,1,,,,,3,3.0,2.0,,2.0,,,,,1.0,,,,,,2.0,,,2.0,2.0,2.0,2.0,2.0,2.0,2.0,2.0,2.0,2.0,2.0,2.0,2.0,2.0,2.0,9,6,0,2.0,1.0
16389,1,1,1,1,1.0,0,,,1.0,3000.0,1,Hombre,63,3969,4,Basica secundaria,Media,1,,,,,3,1.0,2.0,,1.0,TRES MIL,,,,1.0,,,,,,2.0,,,2.0,2.0,2.0,2.0,2.0,2.0,2.0,2.0,2.0,2.0,2.0,2.0,2.0,2.0,2.0,9,3,4,1.0,1.0
16391,3,1,3,1,1.0,0,,,,,1,Hombre,22,484,4,Basica secundaria,Media,2,,,,,3,,,,,,,,,,,,,,,,,,,,,,,,,,,,,,,,,9,3,0,1.0,1.0
16397,1,1,1,0,,1,,,,,1,Hombre,65,4225,3,Basica primaria,Baja,2,,1.0,,,3,,,,,,,,,,,,,,,,,,,,,,,,,,,,,,,,,9,3,0,1.0,1.0
16406,3,1,3,0,,1,,,,,2,Mujer,27,729,7,Universitaria,Superior,2,,1.0,,,3,,,,,,,,,,,,,,,,,,,,,,,,,,,,,,,,,9,6,0,1.0,2.0
16455,4,1,4,0,,1,,,1.0,3000.0,2,Mujer,21,441,6,Tecnica/tecnologica,Superior,1,,,1.0,,2,1.0,2.0,,1.0,TRES MIL PESOS,,,,1.0,,,,,,2.0,,,2.0,2.0,2.0,2.0,2.0,2.0,2.0,2.0,2.0,2.0,2.0,2.0,2.0,2.0,2.0,1,6,0,1.0,2.0
16471,2,1,2,0,,1,,,,,2,Mujer,34,1156,7,Universitaria,Superior,2,,,,1.0,3,,,,,,,,,,,,,,,,,,,,,,,,,,,,,,,,,9,6,1,1.0,2.0
16485,1,1,1,0,,1,,,,,1,Hombre,59,3481,3,Basica primaria,Baja,2,,1.0,,,3,,,,,,,,,,,,,,,,,,,,,,,,,,,,,,,,,9,3,3,1.0,1.0
16516,1,1,1,0,,1,10000.0,9.210340371976184,20.0,2000.0,2,Mujer,22,484,5,Media,Media,1,,1.0,,,3,4.0,1.0,20.0,1.0,DOS MIL PESOS,,,,1.0,,,,,,2.0,,,2.0,2.0,2.0,2.0,2.0,2.0,1.0,2.0,1.0,2.0,2.0,2.0,1.0,2.0,2.0,9,6,2,1.0,2.0
16528,1,1,1,0,,1,,,,,1,Hombre,31,961,6,Tecnica/tecnologica,Superior,2,,1.0,,,3,,,,,,,,,,,,,,,,,,,,,,,,,,,,,,,,,5,2,0,1.0,1.0
16531,1,1,1,0,,1,,,,,1,Hombre,49,2401,4,Basica secundaria,Media,2,,1.0,,,3,,,,,,,,,,,,,,,,,,,,,,,,,,,,,,,,,1,6,5,1.0,1.0
16532,1,1,1,1,1.0,0,100000.0,11.512925464970229,150.0,2000.0,1,Hombre,31,961,5,Media,Media,1,1.0,1.0,1.0,,3,5.0,1.0,30.0,1.0,DOS MIL PESOS,,,1.0,,,,,,,1.0,1.0,,2.0,2.0,2.0,2.0,2.0,2.0,2.0,2.0,2.0,2.0,2.0,2.0,2.0,2.0,2.0,9,2,0,1.0,1.0
16534,6,1,6,1,1.0,0,15000.0,9.615805480084347,30.0,1000.0,1,Hombre,19,361,4,Basica secundaria,Media,1,1.0,,,,3,5.0,1.0,30.0,1.0,MIL PESO,,,,1.0,,,,,,1.0,,,2.0,2.0,2.0,1.0,1.0,2.0,2.0,1.0,1.0,1.0,1.0,1.0,2.0,1.0,1.0,9,6,0,1.0,1.0
16536,3,1,3,1,1.0,0,30000.0,10.308952660644293,30.0,1000.0,1,Hombre,21,441,4,Basica secundaria,Media,1,,,,,3,5.0,1.0,30.0,1.0,MIL PESOS,,,1.0,1.0,,,,,,2.0,,,2.0,2.0,1.0,2.0,1.0,2.0,2.0,2.0,2.0,2.0,1.0,2.0,2.0,2.0,1.0,9,6,0,1.0,1.0
16537,8,1,8,0,,1,,,,,1,Hombre,40,1600,5,Media,Media,2,,1.0,,,3,,,,,,,,,,,,,,,,,,,,,,,,,,,,,,,,,9,5,3,1.0,1.0
16551,2,1,2,1,1.0,0,,,2.0,3000.0,1,Hombre,25,625,5,Media,Media,1,,,,,3,2.0,2.0,,1.0,TRES MIL PESOS,,,1.0,,,,,,,2.0,,,2.0,2.0,2.0,2.0,2.0,2.0,2.0,2.0,2.0,2.0,2.0,2.0,2.0,2.0,2.0,5,1,1,1.0,1.0
16564,1,1,1,0,,1,,,,,1,Hombre,58,3364,5,Media,Media,2,,,,1.0,3,,,,,,,,,,,,,,,,,,,,,,,,,,,,,,,,,9,3,3,1.0,1.0
16580,1,1,1,0,,1,,,,,1,Hombre,48,2304,6,Tecnica/tecnologica,Superior,2,,1.0,,,3,,,,,,,,,,,,,,,,,,,,,,,,,,,,,,,,,9,5,0,1.0,1.0
16602,1,1,1,0,,1,,,,,2,Mujer,54,2916,5,Media,Media,2,,,,1.0,3,,,,,,,,,,,,,,,,,,,,,,,,,,,,,,,,,9,2,2,1.0,2.0
16618,1,1,1,0,,1,,,,,1,Hombre,59,3481,3,Basica primaria,Baja,2,,1.0,,,3,,,,,,,,,,,,,,,,,,,,,,,,,,,,,,,,,9,2,2,1.0,1.0
16619,2,1,2,1,1.0,0,80000.0,11.289781913656018,40.0,2000.0,1,Hombre,40,1600,4,Basica secundaria,Media,1,,1.0,,,3,5.0,1.0,30.0,1.0,DOS MIL,,,1.0,,,,,,,2.0,,,2.0,2.0,1.0,2.0,1.0,2.0,2.0,2.0,2.0,1.0,2.0,2.0,2.0,2.0,2.0,9,6,1,1.0,1.0
16623,4,1,4,0,,1,,,1.0,3000.0,1,Hombre,18,324,5,Media,Media,1,,1.0,,,3,2.0,2.0,,1.0,TRES MIL,,,,,,1.0,,,,2.0,,,1.0,2.0,2.0,1.0,2.0,2.0,2.0,2.0,2.0,2.0,2.0,2.0,2.0,2.0,2.0,9,6,0,1.0,1.0
16629,3,1,3,0,,1,,,,,1,Hombre,36,1296,7,Universitaria,Superior,2,,,,1.0,3,,,,,,,,,,,,,,,,,,,,,,,,,,,,,,,,,9,3,2,1.0,1.0
16633,3,1,3,1,1.0,0,,,,,2,Mujer,27,729,7,Universitaria,Superior,9,,,1.0,,2,,,,,,,,,,,,,,,,,,,,,,,,,,,,,,,,,9,6,1,1.0,2.0
16636,3,1,3,1,1.0,0,,,,,2,Mujer,26,676,7,Universitaria,Superior,2,,,,,3,,,,,,,,,,,,,,,,,,,,,,,,,,,,,,,,,9,6,0,1.0,2.0
16640,1,1,1,0,,1,,,,,1,Hombre,50,2500,4,Basica secundaria,Media,2,,1.0,,,9,,,,,,,,,,,,,,,,,,,,,,,,,,,,,,,,,9,2,3,1.0,1.0
16682,2,1,2,0,,1,,,,,2,Mujer,26,676,7,Universitaria,Superior,2,,,1.0,,3,,,,,,,,,,,,,,,,,,,,,,,,,,,,,,,,,9,2,1,1.0,2.0
16707,3,1,3,0,,1,,,,,1,Hombre,24,576,7,Universitaria,Superior,2,,1.0,,,3,,,,,,,,,,,,,,,,,,,,,,,,,,,,,,,,,9,6,1,1.0,1.0
16709,2,1,2,0,,1,,,,,1,Hombre,40,1600,5,Media,Media,2,,1.0,,,3,,,,,,,,,,,,,,,,,,,,,,,,,,,,,,,,,5,2,4,1.0,1.0
16720,3,1,3,1,1.0,0,10000.0,9.210340371976184,5.0,2000.0,1,Hombre,21,441,7,Universitaria,Superior,1,1.0,1.0,1.0,,3,3.0,1.0,2.0,1.0,DOS MIL PESOS,,,1.0,1.0,,,1.0,,,1.0,,,2.0,2.0,2.0,1.0,2.0,2.0,2.0,2.0,2.0,2.0,2.0,2.0,2.0,2.0,2.0,9,1,0,1.0,1.0
16728,2,1,2,1,1.0,0,10000.0,9.210340371976184,20.0,2000.0,1,Hombre,26,676,6,Tecnica/tecnologica,Superior,1,1.0,,,,3,5.0,1.0,30.0,1.0,DOS MIL PESOS COLOMBIANOS,,,,1.0,,,,,,1.0,,,2.0,2.0,2.0,2.0,2.0,2.0,2.0,2.0,1.0,1.0,2.0,1.0,2.0,2.0,2.0,1,5,1,1.0,1.0
16749,3,1,3,0,,1,,,,,1,Hombre,23,529,5,Media,Media,2,,1.0,,,3,,,,,,,,,,,,,,,,,,,,,,,,,,,,,,,,,5,6,1,1.0,2.0
16795,2,1,2,0,,1,,,,,2,Mujer,41,1681,4,Basica secundaria,Media,2,,1.0,,,3,,,,,,,,,,,,,,,,,,,,,,,,,,,,,,,,,9,2,2,1.0,2.0
16811,3,1,3,1,1.0,0,20000.0,9.903487552536127,30.0,2000.0,1,Hombre,18,324,5,Media,Media,1,1.0,,1.0,,1,5.0,1.0,15.0,1.0,DOS MIL PESOS,,,,,,1.0,,,,1.0,,1.0,2.0,1.0,2.0,2.0,2.0,2.0,2.0,2.0,2.0,2.0,2.0,2.0,2.0,2.0,1.0,9,6,0,1.0,1.0
16814,2,1,2,0,,1,,,,,2,Mujer,32,1024,4,Basica secundaria,Media,2,,1.0,,,3,,,,,,,,,,,,,,,,,,,,,,,,,,,,,,,,,9,2,2,1.0,2.0
16821,1,1,1,1,1.0,0,,,,,1,Hombre,31,961,7,Universitaria,Superior,2,,,,,3,,,,,,,,,,,,,,,,,,,,,,,,,,,,,,,,,9,6,0,1.0,1.0
16822,2,1,2,0,,1,30000.0,10.308952660644293,50.0,2000.0,1,Hombre,25,625,6,Tecnica/tecnologica,Superior,1,1.0,,1.0,1.0,3,4.0,1.0,25.0,1.0,DOS MIL PESOS,,,1.0,,,,,,,1.0,1.0,,2.0,2.0,2.0,2.0,2.0,1.0,2.0,2.0,2.0,2.0,1.0,2.0,2.0,2.0,2.0,9,6,1,1.0,1.0
16840,2,1,2,0,,1,,,,,1,Hombre,32,1024,6,Tecnica/tecnologica,Superior,2,,1.0,,,3,,,,,,,,,,,,,,,,,,,,,,,,,,,,,,,,,9,2,1,1.0,1.0
16892,1,1,1,1,1.0,0,,,,,1,Hombre,54,2916,3,Basica primaria,Baja,2,,,,,3,,,,,,,,,,,,,,,,,,,,,,,,,,,,,,,,,9,3,1,1.0,1.0
16899,2,1,2,0,,1,,,,,2,Mujer,27,729,6,Tecnica/tecnologica,Superior,2,,1.0,,,3,,,,,,,,,,,,,,,,,,,,,,,,,,,,,,,,,9,2,2,1.0,2.0
16952,3,1,3,0,,1,,,,,2,Mujer,37,1369,5,Media,Media,2,,1.0,,,3,,,,,,,,,,,,,,,,,,,,,,,,,,,,,,,,,9,6,3,1.0,2.0
16967,3,1,3,1,1.0,0,10000.0,9.210340371976184,12.0,3000.0,1,Hombre,23,529,5,Media,Media,1,,,,,3,4.0,1.0,15.0,1.0,TRES MIL PESOS,,,1.0,,,,,,,2.0,,,2.0,2.0,2.0,2.0,2.0,2.0,2.0,2.0,2.0,2.0,2.0,2.0,2.0,2.0,1.0,9,6,0,1.0,1.0
16970,2,1,2,1,1.0,0,,,,,1,Hombre,18,324,4,Basica secundaria,Media,2,,,,,2,,,,,,,,,,,,,,,,,,,,,,,,,,,,,,,,,9,6,0,1.0,1.0
17054,4,1,4,1,1.0,0,,,1.0,4000.0,1,Hombre,60,3600,4,Basica secundaria,Media,1,,,,,3,3.0,2.0,,1.0,CUATRO MIL PESOS,,,,1.0,,,,,,2.0,,,2.0,2.0,2.0,1.0,2.0,2.0,2.0,2.0,2.0,2.0,1.0,1.0,1.0,2.0,2.0,1,6,0,1.0,1.0
17060,1,1,1,1,1.0,0,,,,,1,Hombre,34,1156,7,Universitaria,Superior,2,,,,,3,,,,,,,,,,,,,,,,,,,,,,,,,,,,,,,,,9,3,2,1.0,1.0
17088,3,1,3,1,1.0,0,,,,,2,Mujer,18,324,4,Basica secundaria,Media,2,,,,,3,,,,,,,,,,,,,,,,,,,,,,,,,,,,,,,,,9,6,0,1.0,2.0
17096,2,1,2,0,,1,,,1.0,,2,Mujer,15,225,5,Media,Media,1,,1.0,,,2,1.0,2.0,,2.0,,,,,1.0,,,,,,2.0,,,1.0,2.0,2.0,1.0,2.0,2.0,2.0,2.0,2.0,2.0,2.0,2.0,2.0,2.0,2.0,9,6,0,,
17097,2,1,2,0,,1,,,,,2,Mujer,45,2025,6,Tecnica/tecnologica,Superior,2,,1.0,,,3,,,,,,,,,,,,,,,,,,,,,,,,,,,,,,,,,9,2,2,1.0,2.0
17135,1,1,1,0,,1,,,,,1,Hombre,61,3721,3,Basica primaria,Baja,2,,1.0,,,3,,,,,,,,,,,,,,,,,,,,,,,,,,,,,,,,,9,3,2,1.0,1.0
17149,3,1,3,0,,1,,,,,2,Mujer,36,1296,6,Tecnica/tecnologica,Superior,2,,1.0,,,3,,,,,,,,,,,,,,,,,,,,,,,,,,,,,,,,,9,6,0,1.0,2.0
17153,1,1,1,0,,1,20000.0,9.903487552536127,30.0,3000.0,1,Hombre,25,625,3,Basica primaria,Baja,1,,1.0,,,3,5.0,1.0,30.0,1.0,TRES MIL PESOS,,,1.0,,,,,,,2.0,,,2.0,1.0,1.0,1.0,2.0,1.0,1.0,2.0,2.0,2.0,1.0,1.0,2.0,2.0,1.0,5,6,0,1.0,1.0
17159,3,1,3,1,1.0,0,20000.0,9.903487552536127,30.0,3000.0,1,Hombre,39,1521,4,Basica secundaria,Media,1,1.0,1.0,1.0,,3,5.0,1.0,30.0,1.0,TRES MIL PESOS,,,1.0,1.0,,,,,,1.0,,,1.0,1.0,1.0,1.0,1.0,1.0,1.0,1.0,2.0,2.0,1.0,2.0,1.0,1.0,1.0,9,6,4,1.0,1.0
17169,2,1,2,1,1.0,0,,,,,2,Mujer,21,441,6,Tecnica/tecnologica,Superior,2,,,,,3,,,,,,,,,,,,,,,,,,,,,,,,,,,,,,,,,9,6,0,1.0,2.0
17176,3,1,3,1,1.0,0,,,,,1,Hombre,22,484,4,Basica secundaria,Media,2,,,,,3,,,,,,,,,,,,,,,,,,,,,,,,,,,,,,,,,9,6,0,1.0,1.0
17178,1,1,1,0,,1,,,,,2,Mujer,25,625,6,Tecnica/tecnologica,Superior,2,,1.0,,,3,,,,,,,,,,,,,,,,,,,,,,,,,,,,,,,,,9,1,0,1.0,2.0
17189,1,1,1,1,1.0,0,,,,,1,Hombre,28,784,6,Tecnica/tecnologica,Superior,2,,,,,3,,,,,,,,,,,,,,,,,,,,,,,,,,,,,,,,,9,1,1,1.0,1.0
17197,2,1,2,0,,1,5000.0,8.517193191416238,30.0,2000.0,1,Hombre,23,529,7,Universitaria,Superior,1,,,,1.0,3,5.0,1.0,30.0,1.0,DOS MIL PESOS,,,,,,,,1.0,,2.0,,,2.0,2.0,2.0,1.0,2.0,1.0,1.0,2.0,2.0,1.0,1.0,1.0,1.0,1.0,1.0,9,6,0,1.0,1.0
17200,2,1,2,1,1.0,0,,,,,2,Mujer,41,1681,8,Postgrado,Superior,2,,,,,3,,,,,,,,,,,,,,,,,,,,,,,,,,,,,,,,,9,6,0,1.0,2.0
17206,1,1,1,1,1.0,0,,,,,1,Hombre,64,4096,4,Basica secundaria,Media,2,,1.0,,,3,,,,,,,,,,,,,,,,,,,,,,,,,,,,,,,,,9,5,3,1.0,1.0
17235,4,1,4,1,1.0,0,,,,,1,Hombre,26,676,6,Tecnica/tecnologica,Superior,2,,1.0,,,3,,,,,,,,,,,,,,,,,,,,,,,,,,,,,,,,,9,6,0,1.0,1.0
17240,5,1,5,1,1.0,0,,,,,1,Hombre,28,784,5,Media,Media,2,,,,,3,,,,,,,,,,,,,,,,,,,,,,,,,,,,,,,,,9,2,2,1.0,1.0
17244,1,1,1,0,,1,,,,,2,Mujer,57,3249,4,Basica secundaria,Media,2,,1.0,,,3,,,,,,,,,,,,,,,,,,,,,,,,,,,,,,,,,9,4,4,1.0,2.0
17251,1,1,1,0,,1,,,,,1,Hombre,23,529,7,Universitaria,Superior,2,,1.0,,,3,,,,,,,,,,,,,,,,,,,,,,,,,,,,,,,,,9,6,0,1.0,1.0
17252,4,1,4,1,1.0,0,40000.0,10.596634733096073,10.0,4000.0,1,Hombre,20,400,6,Tecnica/tecnologica,Superior,1,,,,,3,4.0,1.0,10.0,1.0,CUATRO MIL,,,1.0,,,,,,,2.0,,,1.0,2.0,2.0,2.0,2.0,1.0,1.0,2.0,1.0,1.0,1.0,1.0,2.0,2.0,2.0,9,6,0,1.0,1.0
17254,1,1,1,0,,1,,,,,1,Hombre,33,1089,4,Basica secundaria,Media,2,,1.0,,,3,,,,,,,,,,,,,,,,,,,,,,,,,,,,,,,,,9,6,1,1.0,1.0
17255,2,1,2,1,1.0,0,,,,,1,Hombre,44,1936,5,Media,Media,2,,,1.0,1.0,3,,,,,,,,,,,,,,,,,,,,,,,,,,,,,,,,,9,2,0,1.0,1.0
17264,3,1,3,0,,1,,,,,2,Mujer,27,729,6,Tecnica/tecnologica,Superior,2,,1.0,,,3,,,,,,,,,,,,,,,,,,,,,,,,,,,,,,,,,9,6,0,1.0,2.0
17265,2,1,2,0,,1,,,,,2,Mujer,50,2500,3,Basica primaria,Baja,2,,1.0,,,3,,,,,,,,,,,,,,,,,,,,,,,,,,,,,,,,,9,5,2,1.0,2.0
17269,2,1,2,0,,1,,,,,1,Hombre,39,1521,5,Media,Media,2,,1.0,,,3,,,,,,,,,,,,,,,,,,,,,,,,,,,,,,,,,9,6,2,1.0,1.0
17293,1,1,1,0,,1,,,,,2,Mujer,50,2500,5,Media,Media,2,,1.0,,,3,,,,,,,,,,,,,,,,,,,,,,,,,,,,,,,,,9,6,2,1.0,2.0
17295,2,1,2,0,,1,,,,,1,Hombre,44,1936,4,Basica secundaria,Media,2,,1.0,,,3,,,,,,,,,,,,,,,,,,,,,,,,,,,,,,,,,5,5,2,1.0,1.0
17300,3,1,3,1,1.0,0,12000.0,9.392661928770137,,2000.0,2,Mujer,16,256,5,Media,Media,1,1.0,,,,3,4.0,1.0,8.0,1.0,DOS MIL PESOS,,,1.0,,,,,,,1.0,,,1.0,1.0,2.0,1.0,2.0,1.0,2.0,2.0,1.0,1.0,1.0,1.0,1.0,1.0,1.0,9,6,0,,
17340,4,1,4,1,1.0,0,,,3.0,,2,Mujer,22,484,7,Universitaria,Superior,1,1.0,,,,2,2.0,2.0,,2.0,,,,,1.0,,,,,,1.0,,,2.0,2.0,2.0,2.0,2.0,2.0,2.0,2.0,2.0,2.0,1.0,1.0,2.0,2.0,2.0,9,6,0,1.0,2.0
17342,1,1,1,1,1.0,0,5000.0,8.517193191416238,2.0,3000.0,1,Hombre,30,900,5,Media,Media,1,,1.0,,,3,3.0,1.0,1.0,1.0,TRES MIL PESOS,,,,1.0,,,,,,2.0,,,2.0,2.0,2.0,2.0,2.0,2.0,2.0,2.0,2.0,2.0,2.0,2.0,2.0,2.0,2.0,9,2,2,1.0,1.0
17349,1,1,1,1,1.0,0,,,,,1,Hombre,35,1225,5,Media,Media,2,,,,,3,,,,,,,,,,,,,,,,,,,,,,,,,,,,,,,,,9,2,2,1.0,1.0
17373,1,1,1,1,1.0,0,50000.0,10.819778284410283,30.0,1000.0,2,Mujer,29,841,6,Tecnica/tecnologica,Superior,1,1.0,,,,3,5.0,1.0,30.0,1.0,MIL PESOS,,,,1.0,,,,,,1.0,,,1.0,1.0,1.0,1.0,1.0,1.0,2.0,2.0,1.0,1.0,1.0,1.0,1.0,2.0,1.0,5,6,1,1.0,2.0
17378,3,1,3,1,1.0,0,,,1.0,3000.0,1,Hombre,23,529,7,Universitaria,Superior,1,1.0,1.0,1.0,,3,2.0,2.0,,1.0,TRES MIL PESOS,,,,1.0,,,,,,1.0,,,2.0,2.0,2.0,1.0,2.0,2.0,2.0,2.0,1.0,2.0,1.0,2.0,2.0,2.0,2.0,9,6,0,1.0,1.0
17382,1,1,1,1,1.0,0,,,,,1,Hombre,30,900,4,Basica secundaria,Media,2,,,,,3,,,,,,,,,,,,,,,,,,,,,,,,,,,,,,,,,9,2,1,1.0,1.0
17407,1,1,1,0,,1,,,1.0,5000.0,2,Mujer,33,1089,6,Tecnica/tecnologica,Superior,1,,1.0,,,3,1.0,2.0,,1.0,CINCO MIL,,,,1.0,,,,,,2.0,,,2.0,2.0,2.0,2.0,2.0,2.0,2.0,2.0,2.0,2.0,2.0,2.0,2.0,2.0,2.0,9,5,1,1.0,2.0
17413,4,1,4,0,,1,,,,,1,Hombre,18,324,5,Media,Media,2,,1.0,,,3,,,,,,,,,,,,,,,,,,,,,,,,,,,,,,,,,1,6,0,1.0,1.0
17469,1,1,1,0,,1,,,,,2,Mujer,56,3136,3,Basica primaria,Baja,2,,1.0,,,3,,,,,,,,,,,,,,,,,,,,,,,,,,,,,,,,,9,6,1,1.0,2.0
17483,1,1,1,1,1.0,0,,,,,1,Hombre,35,1225,5,Media,Media,2,,,1.0,,3,,,,,,,,,,,,,,,,,,,,,,,,,,,,,,,,,5,1,0,1.0,1.0
17490,1,1,1,0,,1,,,,,2,Mujer,33,1089,7,Universitaria,Superior,2,,1.0,,,3,,,,,,,,,,,,,,,,,,,,,,,,,,,,,,,,,9,2,0,1.0,2.0
17548,2,1,2,0,,1,,,,,1,Hombre,34,1156,5,Media,Media,2,,1.0,,,3,,,,,,,,,,,,,,,,,,,,,,,,,,,,,,,,,9,6,0,1.0,1.0
17554,3,1,3,0,,1,,,,,2,Mujer,27,729,7,Universitaria,Superior,2,,1.0,,,3,,,,,,,,,,,,,,,,,,,,,,,,,,,,,,,,,9,3,1,1.0,2.0
17581,2,1,2,1,1.0,0,20000.0,9.903487552536127,20.0,6000.0,1,Hombre,14,196,4,Basica secundaria,Media,1,,,,,1,4.0,1.0,15.0,1.0,SEISMIL,,,1.0,,,,,,,2.0,,,2.0,2.0,2.0,1.0,2.0,1.0,1.0,2.0,2.0,2.0,2.0,2.0,2.0,2.0,2.0,9,6,0,,
17602,2,1,2,0,,1,,,1.0,2000.0,1,Hombre,27,729,7,Universitaria,Superior,1,,,1.0,,3,2.0,2.0,,1.0,DOS MIL PESOS,,,1.0,,,,,,,2.0,,,2.0,2.0,2.0,2.0,2.0,2.0,2.0,2.0,2.0,2.0,2.0,2.0,2.0,2.0,2.0,1,2,0,1.0,1.0
17617,4,1,4,1,1.0,0,,,,,2,Mujer,21,441,7,Universitaria,Superior,2,,,,,3,,,,,,,,,,,,,,,,,,,,,,,,,,,,,,,,,9,6,0,1.0,2.0
17653,4,1,4,1,1.0,0,,,,,2,Mujer,23,529,4,Basica secundaria,Media,2,,,1.0,,3,,,,,,,,,,,,,,,,,,,,,,,,,,,,,,,,,9,2,1,1.0,2.0
17655,6,1,6,1,1.0,0,,,2.0,2000.0,1,Hombre,29,841,6,Tecnica/tecnologica,Superior,1,,,,,2,4.0,2.0,,1.0,DOS MIL,,,,1.0,,,,,,2.0,,,2.0,2.0,2.0,2.0,2.0,2.0,2.0,2.0,2.0,2.0,2.0,2.0,2.0,2.0,2.0,9,2,1,1.0,1.0
17711,1,1,1,0,,1,,,,,1,Hombre,61,3721,7,Universitaria,Superior,2,,1.0,,,3,,,,,,,,,,,,,,,,,,,,,,,,,,,,,,,,,1,3,2,1.0,1.0
17733,1,1,1,0,,1,,,,,1,Hombre,33,1089,6,Tecnica/tecnologica,Superior,2,,1.0,,,3,,,,,,,,,,,,,,,,,,,,,,,,,,,,,,,,,9,3,1,1.0,1.0
17756,1,1,1,1,1.0,0,,,,,1,Hombre,34,1156,4,Basica secundaria,Media,2,,1.0,1.0,,3,,,,,,,,,,,,,,,,,,,,,,,,,,,,,,,,,9,2,0,1.0,1.0
17763,2,1,2,1,1.0,0,,,,,1,Hombre,24,576,5,Media,Media,2,,1.0,,,3,,,,,,,,,,,,,,,,,,,,,,,,,,,,,,,,,5,6,0,1.0,1.0
17781,2,1,2,1,1.0,0,,,10.0,3000.0,1,Hombre,20,400,5,Media,Media,1,1.0,,,,3,4.0,1.0,15.0,1.0,TRES MIL PESOS,,,,,,,,,1.0,1.0,,,2.0,2.0,2.0,2.0,2.0,1.0,2.0,2.0,2.0,2.0,2.0,2.0,2.0,2.0,2.0,9,6,0,1.0,1.0
17798,3,1,3,1,1.0,0,10000.0,9.210340371976184,30.0,2000.0,1,Hombre,22,484,6,Tecnica/tecnologica,Superior,1,,,,,3,5.0,1.0,30.0,1.0,DOS MIL PESOS,,,,1.0,,,,,,2.0,,,1.0,2.0,2.0,1.0,2.0,1.0,1.0,1.0,1.0,1.0,1.0,1.0,1.0,1.0,1.0,9,6,0,1.0,1.0
17800,2,1,2,0,,1,,,,,1,Hombre,54,2916,6,Tecnica/tecnologica,Superior,2,,1.0,,,3,,,,,,,,,,,,,,,,,,,,,,,,,,,,,,,,,9,3,4,1.0,1.0
17816,1,1,1,0,,1,,,,,1,Hombre,27,729,7,Universitaria,Superior,2,,1.0,,,3,,,,,,,,,,,,,,,,,,,,,,,,,,,,,,,,,9,6,0,1.0,1.0
17830,1,1,1,0,,1,,,,,1,Hombre,57,3249,3,Basica primaria,Baja,2,,,,1.0,3,,,,,,,,,,,,,,,,,,,,,,,,,,,,,,,,,9,3,1,1.0,1.0
17849,2,1,2,1,1.0,0,,,,,1,Hombre,30,900,5,Media,Media,2,,,,,3,,,,,,,,,,,,,,,,,,,,,,,,,,,,,,,,,9,6,1,1.0,1.0
17851,3,1,3,0,,1,,,,,1,Hombre,26,676,7,Universitaria,Superior,2,,1.0,,,3,,,,,,,,,,,,,,,,,,,,,,,,,,,,,,,,,9,6,0,1.0,1.0
17888,1,1,1,0,,1,,,,,1,Hombre,29,841,7,Universitaria,Superior,2,,1.0,,,3,,,,,,,,,,,,,,,,,,,,,,,,,,,,,,,,,9,3,1,1.0,1.0
17889,2,1,2,1,1.0,0,,,1.0,6000.0,2,Mujer,19,361,5,Media,Media,1,,,,,3,2.0,1.0,3.0,1.0,SEIS MIL PESOS,,,,,,,,1.0,,2.0,,,2.0,2.0,2.0,2.0,2.0,1.0,2.0,2.0,2.0,2.0,2.0,2.0,2.0,2.0,2.0,9,6,0,1.0,2.0
17894,2,1,2,0,,1,,,,,1,Hombre,40,1600,5,Media,Media,2,,1.0,,,3,,,,,,,,,,,,,,,,,,,,,,,,,,,,,,,,,9,2,0,1.0,1.0
17906,4,1,4,0,,1,,,,,1,Hombre,47,2209,5,Media,Media,2,,1.0,,,3,,,,,,,,,,,,,,,,,,,,,,,,,,,,,,,,,9,6,3,1.0,1.0
17924,1,1,1,1,1.0,0,,,,,1,Hombre,21,441,5,Media,Media,2,,1.0,1.0,,3,,,,,,,,,,,,,,,,,,,,,,,,,,,,,,,,,9,6,1,1.0,1.0
17933,3,1,3,1,1.0,0,40000.0,10.596634733096073,90.0,2000.0,1,Hombre,25,625,4,Basica secundaria,Media,1,1.0,,,,3,5.0,1.0,30.0,1.0,DOS MIL PESOS,,,,,,1.0,,,,1.0,,,1.0,1.0,1.0,1.0,1.0,1.0,1.0,2.0,1.0,1.0,1.0,2.0,1.0,1.0,1.0,9,2,0,1.0,1.0
17995,1,1,1,1,1.0,0,,,,,1,Hombre,32,1024,4,Basica secundaria,Media,2,,,,,3,,,,,,,,,,,,,,,,,,,,,,,,,,,,,,,,,9,5,2,1.0,1.0
18012,2,1,2,0,,1,90000.0,11.407564949312402,30.0,3000.0,1,Hombre,34,1156,6,Tecnica/tecnologica,Superior,1,,1.0,,,3,5.0,1.0,30.0,1.0,TRES MIL PESOS COLOMBIANOS,,,,,,1.0,,,,2.0,,,2.0,2.0,2.0,1.0,2.0,1.0,1.0,1.0,1.0,1.0,1.0,1.0,2.0,2.0,1.0,9,6,0,1.0,1.0
18023,1,1,1,1,1.0,0,,,,,1,Hombre,50,2500,3,Basica primaria,Baja,2,,,,,3,,,,,,,,,,,,,,,,,,,,,,,,,,,,,,,,,9,2,2,1.0,1.0
18082,3,1,3,0,,1,,,,,1,Hombre,17,289,4,Basica secundaria,Media,2,,1.0,,,3,,,,,,,,,,,,,,,,,,,,,,,,,,,,,,,,,1,6,0,,
18100,1,1,1,1,1.0,0,,,5.0,1000.0,1,Hombre,29,841,5,Media,Media,1,,,,,3,2.0,2.0,,1.0,MIL PESOS,,,1.0,,,,,,,2.0,,,2.0,2.0,2.0,2.0,2.0,2.0,2.0,2.0,2.0,1.0,2.0,2.0,2.0,2.0,1.0,9,2,2,1.0,1.0
18124,1,1,1,0,,1,,,,,1,Hombre,56,3136,4,Basica secundaria,Media,2,,,,1.0,3,,,,,,,,,,,,,,,,,,,,,,,,,,,,,,,,,9,6,0,1.0,1.0
18128,2,1,2,1,1.0,0,35000.0,10.46310334047155,150.0,2000.0,1,Hombre,34,1156,6,Tecnica/tecnologica,Superior,1,1.0,1.0,1.0,,3,5.0,1.0,30.0,1.0,DOS MIL,,,,1.0,1.0,,,,,1.0,,,2.0,1.0,2.0,1.0,2.0,1.0,1.0,1.0,1.0,1.0,1.0,1.0,1.0,2.0,1.0,9,6,1,1.0,1.0
18131,1,1,1,0,,1,,,,,1,Hombre,65,4225,4,Basica secundaria,Media,2,,1.0,,,3,,,,,,,,,,,,,,,,,,,,,,,,,,,,,,,,,9,3,5,1.0,1.0
18151,4,1,4,1,1.0,0,1000.0,6.907755278982137,1.0,1000.0,1,Hombre,19,361,5,Media,Media,1,,,,,3,2.0,1.0,1.0,1.0,MIL PESOS,,,,1.0,,,,,,2.0,,,2.0,2.0,2.0,2.0,2.0,1.0,1.0,1.0,2.0,2.0,2.0,1.0,2.0,2.0,2.0,9,6,0,1.0,1.0
18152,4,1,4,0,,1,,,,,1,Hombre,26,676,7,Universitaria,Superior,2,,1.0,,,3,,,,,,,,,,,,,,,,,,,,,,,,,,,,,,,,,9,6,0,1.0,1.0
18153,2,1,2,0,,1,,,,,1,Hombre,61,3721,5,Media,Media,2,,,1.0,,3,,,,,,,,,,,,,,,,,,,,,,,,,,,,,,,,,5,3,4,1.0,1.0
18156,1,1,1,0,,1,,,,,1,Hombre,38,1444,5,Media,Media,2,,1.0,,,3,,,,,,,,,,,,,,,,,,,,,,,,,,,,,,,,,5,2,0,1.0,1.0
18159,2,1,2,1,1.0,0,40000.0,10.596634733096073,60.0,2000.0,1,Hombre,32,1024,7,Universitaria,Superior,1,1.0,1.0,1.0,,3,5.0,1.0,20.0,1.0,DOS MIL PESOS,,,1.0,,1.0,1.0,,,,1.0,,,1.0,1.0,2.0,1.0,1.0,1.0,2.0,2.0,1.0,2.0,2.0,1.0,2.0,1.0,2.0,9,6,1,1.0,1.0
18169,3,1,3,0,,1,,,,,1,Hombre,28,784,7,Universitaria,Superior,2,,,1.0,,3,,,,,,,,,,,,,,,,,,,,,,,,,,,,,,,,,9,6,1,1.0,1.0
18217,1,1,1,1,1.0,0,,,1.0,3000.0,2,Mujer,23,529,7,Universitaria,Superior,1,,,,,3,2.0,2.0,,1.0,TRES MIL PESOS,,,,1.0,,,,,,2.0,,,2.0,1.0,2.0,2.0,2.0,1.0,2.0,2.0,2.0,2.0,2.0,2.0,2.0,2.0,2.0,9,5,1,1.0,2.0
18242,1,1,1,0,,1,,,,,1,Hombre,37,1369,6,Tecnica/tecnologica,Superior,2,,1.0,,,3,,,,,,,,,,,,,,,,,,,,,,,,,,,,,,,,,9,2,1,1.0,1.0
18243,1,1,1,0,,1,,,,,1,Hombre,60,3600,5,Media,Media,2,,1.0,,,3,,,,,,,,,,,,,,,,,,,,,,,,,,,,,,,,,9,2,2,1.0,1.0
18275,2,1,2,0,,1,,,,,1,Hombre,35,1225,6,Tecnica/tecnologica,Superior,2,,1.0,,,3,,,,,,,,,,,,,,,,,,,,,,,,,,,,,,,,,9,6,0,1.0,1.0
18277,2,1,2,0,,1,,,,,1,Hombre,40,1600,5,Media,Media,2,,1.0,,,3,,,,,,,,,,,,,,,,,,,,,,,,,,,,,,,,,9,2,3,1.0,1.0
18309,2,1,2,0,,1,,,1.0,2000.0,2,Mujer,21,441,7,Universitaria,Superior,1,1.0,1.0,,,3,2.0,2.0,,1.0,DOS MIL,,,,1.0,,,,,,1.0,,,2.0,2.0,2.0,2.0,2.0,2.0,2.0,2.0,2.0,2.0,1.0,1.0,2.0,2.0,2.0,9,6,0,1.0,2.0
18315,2,1,2,0,,1,,,2.0,,2,Mujer,33,1089,7,Universitaria,Superior,1,1.0,1.0,,,3,2.0,2.0,,2.0,,,,1.0,,,,,,,1.0,,,2.0,2.0,2.0,2.0,2.0,1.0,2.0,2.0,1.0,1.0,1.0,1.0,2.0,2.0,2.0,9,2,2,1.0,2.0
18328,3,1,3,0,,1,,,,,1,Hombre,24,576,6,Tecnica/tecnologica,Superior,2,,1.0,,,3,,,,,,,,,,,,,,,,,,,,,,,,,,,,,,,,,9,6,0,1.0,1.0
18331,2,1,2,0,,1,,,,,2,Mujer,29,841,3,Basica primaria,Baja,2,,1.0,,,3,,,,,,,,,,,,,,,,,,,,,,,,,,,,,,,,,1,2,4,1.0,2.0
18341,1,1,1,0,,1,,,1.0,6000.0,2,Mujer,18,324,5,Media,Media,1,,1.0,,,2,2.0,2.0,,1.0,SEIS MIL PESOS,,,,1.0,,,,,,2.0,,,2.0,2.0,2.0,2.0,2.0,2.0,2.0,2.0,2.0,2.0,2.0,2.0,2.0,2.0,2.0,9,1,0,3.0,2.0
18342,1,1,1,0,,1,,,,,1,Hombre,48,2304,6,Tecnica/tecnologica,Superior,2,,1.0,,,3,,,,,,,,,,,,,,,,,,,,,,,,,,,,,,,,,9,3,0,1.0,1.0
18381,2,1,2,0,,1,,,1.0,,2,Mujer,28,784,6,Tecnica/tecnologica,Superior,1,,1.0,,,2,1.0,2.0,,2.0,,,,,1.0,,,,,,2.0,,,2.0,2.0,2.0,2.0,2.0,2.0,2.0,2.0,2.0,2.0,1.0,2.0,2.0,2.0,2.0,9,1,0,1.0,2.0
18423,1,1,1,0,,1,,,,,1,Hombre,64,4096,3,Basica primaria,Baja,2,,1.0,,,3,,,,,,,,,,,,,,,,,,,,,,,,,,,,,,,,,9,3,1,1.0,1.0
18426,1,1,1,0,,1,,,,,2,Mujer,33,1089,7,Universitaria,Superior,2,,,1.0,,3,,,,,,,,,,,,,,,,,,,,,,,,,,,,,,,,,9,3,0,1.0,2.0
18484,1,1,1,1,1.0,0,,,,,1,Hombre,41,1681,5,Media,Media,2,,,,,3,,,,,,,,,,,,,,,,,,,,,,,,,,,,,,,,,9,6,1,1.0,1.0
18498,2,1,2,0,,1,,,,,2,Mujer,29,841,4,Basica secundaria,Media,2,,,1.0,,3,,,,,,,,,,,,,,,,,,,,,,,,,,,,,,,,,9,3,1,1.0,2.0
18540,2,1,2,0,,1,,,,,1,Hombre,37,1369,5,Media,Media,2,,1.0,,,3,,,,,,,,,,,,,,,,,,,,,,,,,,,,,,,,,9,6,0,1.0,1.0
18560,1,1,1,0,,1,,,,,1,Hombre,30,900,4,Basica secundaria,Media,2,,1.0,,,3,,,,,,,,,,,,,,,,,,,,,,,,,,,,,,,,,9,2,2,1.0,1.0
18561,2,1,2,1,1.0,0,,,,,1,Hombre,33,1089,4,Basica secundaria,Media,2,,,,,3,,,,,,,,,,,,,,,,,,,,,,,,,,,,,,,,,1,3,2,1.0,1.0
18607,3,1,3,0,,1,,,,,1,Hombre,47,2209,6,Tecnica/tecnologica,Superior,2,,1.0,,,3,,,,,,,,,,,,,,,,,,,,,,,,,,,,,,,,,9,6,0,2.0,3.0
18610,1,1,1,1,1.0,0,,,,,1,Hombre,53,2809,6,Tecnica/tecnologica,Superior,2,,,,,3,,,,,,,,,,,,,,,,,,,,,,,,,,,,,,,,,9,5,2,1.0,1.0
18613,1,1,1,1,1.0,0,,,,,1,Hombre,45,2025,3,Basica primaria,Baja,2,,,,,3,,,,,,,,,,,,,,,,,,,,,,,,,,,,,,,,,1,3,2,1.0,1.0
18615,1,1,1,1,1.0,0,,,,,1,Hombre,51,2601,5,Media,Media,2,,,,,3,,,,,,,,,,,,,,,,,,,,,,,,,,,,,,,,,9,5,0,1.0,1.0
18627,1,1,1,0,,1,,,,,1,Hombre,43,1849,7,Universitaria,Superior,2,,,1.0,,3,,,,,,,,,,,,,,,,,,,,,,,,,,,,,,,,,9,5,3,1.0,1.0
18628,1,1,1,0,,1,,,,,1,Hombre,52,2704,7,Universitaria,Superior,2,,1.0,,,3,,,,,,,,,,,,,,,,,,,,,,,,,,,,,,,,,9,6,1,1.0,1.0
18655,2,1,2,0,,1,,,,,2,Mujer,42,1764,7,Universitaria,Superior,2,,1.0,,,3,,,,,,,,,,,,,,,,,,,,,,,,,,,,,,,,,1,2,2,1.0,2.0
18667,4,1,4,1,1.0,0,,,,,1,Hombre,20,400,4,Basica secundaria,Media,2,,1.0,1.0,,3,,,,,,,,,,,,,,,,,,,,,,,,,,,,,,,,,9,2,1,1.0,1.0
18668,1,1,1,1,1.0,0,,,,,1,Hombre,24,576,4,Basica secundaria,Media,2,,1.0,1.0,,3,,,,,,,,,,,,,,,,,,,,,,,,,,,,,,,,,9,2,0,1.0,1.0
18708,2,1,2,0,,1,,,,,1,Hombre,29,841,7,Universitaria,Superior,2,,1.0,,,3,,,,,,,,,,,,,,,,,,,,,,,,,,,,,,,,,9,1,1,1.0,1.0
18732,1,1,1,1,1.0,0,,,,,1,Hombre,20,400,5,Media,Media,2,,,,,3,,,,,,,,,,,,,,,,,,,,,,,,,,,,,,,,,9,1,0,1.0,1.0
18735,3,1,3,1,1.0,0,,,,,1,Hombre,22,484,5,Media,Media,2,,1.0,1.0,,3,,,,,,,,,,,,,,,,,,,,,,,,,,,,,,,,,5,6,0,1.0,1.0
18739,5,1,5,0,,1,,,,,1,Hombre,43,1849,4,Basica secundaria,Media,2,,1.0,,,3,,,,,,,,,,,,,,,,,,,,,,,,,,,,,,,,,9,6,0,1.0,1.0
18746,1,1,1,0,,1,,,,,2,Mujer,23,529,5,Media,Media,2,,1.0,,,3,,,,,,,,,,,,,,,,,,,,,,,,,,,,,,,,,5,2,1,1.0,2.0
18791,1,1,1,1,1.0,0,4000.0,8.294049640102028,2.0,2000.0,1,Hombre,42,1764,5,Media,Media,1,1.0,1.0,,,3,3.0,1.0,2.0,1.0,DOS MIL PESOS,,,1.0,,,,,,,1.0,,,2.0,2.0,2.0,1.0,2.0,2.0,2.0,2.0,2.0,2.0,2.0,2.0,2.0,2.0,2.0,9,5,2,1.0,1.0
18810,2,1,2,1,1.0,0,10000.0,9.210340371976184,15.0,1000.0,1,Hombre,38,1444,7,Universitaria,Superior,1,1.0,,,,3,3.0,1.0,15.0,1.0,MIIL PESOS,,,,,1.0,,,,,1.0,,,2.0,2.0,2.0,2.0,2.0,2.0,2.0,1.0,1.0,2.0,1.0,1.0,2.0,1.0,1.0,9,6,0,1.0,1.0
18828,1,1,1,1,1.0,0,,,,,1,Hombre,21,441,4,Basica secundaria,Media,2,,1.0,,,3,,,,,,,,,,,,,,,,,,,,,,,,,,,,,,,,,9,6,0,1.0,1.0
18830,1,1,1,1,1.0,0,,,6.0,2000.0,2,Mujer,19,361,5,Media,Media,1,,,,,2,3.0,2.0,,1.0,DOS MIL PESOS,,,,1.0,,,,,,2.0,,,2.0,2.0,2.0,2.0,1.0,2.0,2.0,2.0,2.0,2.0,1.0,1.0,2.0,1.0,2.0,9,6,0,1.0,2.0
18880,1,1,1,1,1.0,0,,,60.0,,1,Hombre,40,1600,8,Postgrado,Superior,1,1.0,1.0,1.0,1.0,1,5.0,1.0,30.0,2.0,,,,,,,,,,1.0,1.0,,,2.0,2.0,2.0,2.0,2.0,2.0,2.0,2.0,2.0,2.0,1.0,2.0,2.0,2.0,1.0,9,1,0,1.0,1.0
18887,3,1,3,0,,1,,,,,1,Hombre,53,2809,3,Basica primaria,Baja,2,,1.0,,,3,,,,,,,,,,,,,,,,,,,,,,,,,,,,,,,,,9,5,3,1.0,1.0
18905,2,1,2,1,1.0,0,,,,,1,Hombre,24,576,5,Media,Media,2,,,,,3,,,,,,,,,,,,,,,,,,,,,,,,,,,,,,,,,9,6,0,1.0,1.0
18914,1,1,1,0,,1,,,,,2,Mujer,32,1024,8,Postgrado,Superior,2,,1.0,,,3,,,,,,,,,,,,,,,,,,,,,,,,,,,,,,,,,9,6,1,1.0,2.0
18928,3,1,3,1,1.0,0,30000.0,10.308952660644293,2.0,2500.0,2,Mujer,25,625,6,Tecnica/tecnologica,Superior,1,,,,,3,3.0,1.0,4.0,1.0,DOS MIL QUINIENTOS PESOS,,,1.0,,,,,,,2.0,,,2.0,2.0,1.0,1.0,1.0,2.0,2.0,2.0,2.0,2.0,2.0,2.0,2.0,2.0,2.0,9,6,0,1.0,2.0
18955,3,1,3,0,,1,,,,,2,Mujer,56,3136,8,Postgrado,Superior,2,,1.0,,,3,,,,,,,,,,,,,,,,,,,,,,,,,,,,,,,,,9,6,0,1.0,2.0
18966,1,1,1,0,,1,,,1.0,,1,Hombre,46,2116,6,Tecnica/tecnologica,Superior,1,1.0,1.0,1.0,,3,2.0,1.0,10.0,2.0,,,,,,,,,1.0,,1.0,,,2.0,2.0,2.0,2.0,2.0,1.0,2.0,2.0,1.0,1.0,2.0,2.0,2.0,2.0,2.0,2,6,2,1.0,1.0
18983,1,1,1,1,1.0,0,10000.0,9.210340371976184,5.0,2000.0,1,Hombre,52,2704,5,Media,Media,1,,,,,3,4.0,1.0,4.0,1.0,DOS MIL PESOS,,,,1.0,,,,,,2.0,,,1.0,1.0,1.0,1.0,2.0,2.0,2.0,1.0,1.0,1.0,2.0,2.0,2.0,2.0,1.0,9,3,3,1.0,1.0
18998,1,1,1,0,,1,,,,,1,Hombre,21,441,4,Basica secundaria,Media,2,,1.0,,,3,,,,,,,,,,,,,,,,,,,,,,,,,,,,,,,,,9,2,0,1.0,1.0
19000,2,1,2,0,,1,,,,,1,Hombre,42,1764,6,Tecnica/tecnologica,Superior,2,,1.0,,,3,,,,,,,,,,,,,,,,,,,,,,,,,,,,,,,,,9,6,2,1.0,1.0
19001,1,1,1,1,1.0,0,,,3.0,2000.0,1,Hombre,35,1225,1,Ninguno,Baja,1,,1.0,,,3,3.0,2.0,,1.0,DOS MIL PESOS,,,1.0,1.0,,,,,,2.0,,,2.0,2.0,2.0,2.0,2.0,2.0,2.0,2.0,2.0,2.0,2.0,2.0,2.0,2.0,2.0,9,5,1,1.0,1.0
19021,3,1,3,0,,1,,,,,1,Hombre,40,1600,7,Universitaria,Superior,2,,1.0,,,3,,,,,,,,,,,,,,,,,,,,,,,,,,,,,,,,,9,6,0,2.0,1.0
19022,1,1,1,1,1.0,0,,,,,2,Mujer,63,3969,1,Ninguno,Baja,2,,,,,3,,,,,,,,,,,,,,,,,,,,,,,,,,,,,,,,,5,5,2,1.0,2.0
19063,2,1,2,0,,1,,,,,2,Mujer,17,289,4,Basica secundaria,Media,2,,1.0,,,3,,,,,,,,,,,,,,,,,,,,,,,,,,,,,,,,,9,1,0,,
19064,1,1,1,0,,1,,,,,2,Mujer,63,3969,5,Media,Media,2,,1.0,,,3,,,,,,,,,,,,,,,,,,,,,,,,,,,,,,,,,9,5,1,1.0,2.0
19066,3,1,3,1,1.0,0,5000.0,8.517193191416238,4.0,4000.0,1,Hombre,17,289,4,Basica secundaria,Media,1,,,,,3,3.0,1.0,1.0,1.0,CUATRO MIL PESOS,,,,1.0,,,,,,2.0,,,2.0,2.0,2.0,2.0,1.0,2.0,2.0,2.0,1.0,1.0,1.0,1.0,2.0,1.0,1.0,9,6,0,,
19075,3,1,3,1,1.0,0,10000.0,9.210340371976184,3.0,1500.0,2,Mujer,22,484,6,Tecnica/tecnologica,Superior,1,1.0,1.0,,,3,5.0,1.0,30.0,1.0,MIL QUINIENTOS PESOS,,,,,,,,1.0,,1.0,1.0,,2.0,2.0,2.0,2.0,2.0,1.0,2.0,2.0,2.0,2.0,2.0,2.0,1.0,2.0,2.0,9,5,1,1.0,2.0
19086,4,1,4,1,1.0,0,,,,,1,Hombre,27,729,5,Media,Media,2,,,,,3,,,,,,,,,,,,,,,,,,,,,,,,,,,,,,,,,9,6,0,1.0,1.0
19117,1,1,1,0,,1,,,,,2,Mujer,24,576,6,Tecnica/tecnologica,Superior,2,,,,1.0,3,,,,,,,,,,,,,,,,,,,,,,,,,,,,,,,,,5,6,0,2.0,2.0
19129,1,1,1,0,,1,,,,,1,Hombre,59,3481,3,Basica primaria,Baja,2,,,,1.0,3,,,,,,,,,,,,,,,,,,,,,,,,,,,,,,,,,9,5,0,1.0,1.0
19132,4,1,4,0,,1,2000.0,7.600902459542082,1.0,2000.0,1,Hombre,22,484,5,Media,Media,1,1.0,1.0,,,3,1.0,1.0,1.0,1.0,DOS MIL PESOS,,,,1.0,,,,,,1.0,,,2.0,2.0,2.0,2.0,2.0,2.0,2.0,2.0,1.0,2.0,2.0,2.0,2.0,2.0,1.0,9,6,0,1.0,1.0
19135,2,1,2,1,1.0,0,,,,,1,Hombre,57,3249,3,Basica primaria,Baja,2,,,,,3,,,,,,,,,,,,,,,,,,,,,,,,,,,,,,,,,9,2,6,1.0,1.0
19152,1,1,1,1,1.0,0,,,,,2,Mujer,32,1024,5,Media,Media,2,,,,,3,,,,,,,,,,,,,,,,,,,,,,,,,,,,,,,,,9,5,3,3.0,2.0
19176,1,1,1,1,1.0,0,,,,,2,Mujer,23,529,5,Media,Media,2,,,,,3,,,,,,,,,,,,,,,,,,,,,,,,,,,,,,,,,9,6,1,1.0,2.0
19179,1,1,1,0,,1,,,,,2,Mujer,47,2209,1,Ninguno,Baja,2,,1.0,,,3,,,,,,,,,,,,,,,,,,,,,,,,,,,,,,,,,9,4,2,1.0,2.0
19181,3,1,3,1,1.0,0,,,,,1,Hombre,20,400,6,Tecnica/tecnologica,Superior,2,,,,,3,,,,,,,,,,,,,,,,,,,,,,,,,,,,,,,,,9,6,1,1.0,1.0
19186,1,1,1,0,,1,,,,,1,Hombre,44,1936,6,Tecnica/tecnologica,Superior,2,,1.0,,,3,,,,,,,,,,,,,,,,,,,,,,,,,,,,,,,,,9,3,3,1.0,1.0
19188,3,1,3,0,,1,5000.0,8.517193191416238,1.0,2000.0,1,Hombre,25,625,7,Universitaria,Superior,1,,1.0,,,3,4.0,1.0,3.0,1.0,DOS MIL PESOS,,,,1.0,,,,,,2.0,,,2.0,2.0,2.0,2.0,2.0,1.0,2.0,2.0,2.0,2.0,1.0,2.0,2.0,2.0,2.0,9,6,0,1.0,1.0
19189,1,1,1,0,,1,,,,,1,Hombre,26,676,6,Tecnica/tecnologica,Superior,2,,1.0,,,3,,,,,,,,,,,,,,,,,,,,,,,,,,,,,,,,,9,2,1,1.0,1.0
19207,1,1,1,0,,1,,,,,1,Hombre,31,961,7,Universitaria,Superior,2,,1.0,,,3,,,,,,,,,,,,,,,,,,,,,,,,,,,,,,,,,9,5,1,1.0,1.0
19223,4,1,4,0,,1,,,,,2,Mujer,19,361,5,Media,Media,2,,1.0,,,3,,,,,,,,,,,,,,,,,,,,,,,,,,,,,,,,,9,2,1,1.0,2.0
19226,6,1,6,1,1.0,0,10000.0,9.210340371976184,2.0,,2,Mujer,14,196,3,Basica primaria,Baja,1,,,,,2,1.0,1.0,2.0,2.0,,,,,1.0,,,,,,2.0,,,2.0,2.0,2.0,2.0,2.0,2.0,2.0,2.0,2.0,2.0,2.0,2.0,2.0,2.0,2.0,1,6,0,,
19265,1,1,1,0,,1,,,,,1,Hombre,49,2401,3,Basica primaria,Baja,2,,1.0,,,3,,,,,,,,,,,,,,,,,,,,,,,,,,,,,,,,,5,2,2,1.0,1.0
19273,2,1,2,0,,1,,,,,2,Mujer,25,625,6,Tecnica/tecnologica,Superior,2,,1.0,,,3,,,,,,,,,,,,,,,,,,,,,,,,,,,,,,,,,9,3,1,1.0,2.0
19332,2,1,2,0,,1,,,,,1,Hombre,38,1444,6,Tecnica/tecnologica,Superior,2,,1.0,,,3,,,,,,,,,,,,,,,,,,,,,,,,,,,,,,,,,5,3,1,1.0,1.0
19353,3,1,3,1,1.0,0,,,,,2,Mujer,21,441,5,Media,Media,2,,1.0,,,3,,,,,,,,,,,,,,,,,,,,,,,,,,,,,,,,,9,6,1,1.0,2.0
19358,2,1,2,1,1.0,0,,,,,1,Hombre,31,961,8,Postgrado,Superior,2,,,,,3,,,,,,,,,,,,,,,,,,,,,,,,,,,,,,,,,9,5,1,1.0,1.0
19370,1,1,1,1,1.0,0,,,,,1,Hombre,20,400,5,Media,Media,2,,,,,3,,,,,,,,,,,,,,,,,,,,,,,,,,,,,,,,,9,1,0,1.0,1.0
19376,1,1,1,0,,1,,,,,1,Hombre,64,4096,6,Tecnica/tecnologica,Superior,2,,1.0,,,3,,,,,,,,,,,,,,,,,,,,,,,,,,,,,,,,,9,5,3,1.0,1.0
19402,2,1,2,0,,1,,,,,1,Hombre,24,576,6,Tecnica/tecnologica,Superior,2,,1.0,,,3,,,,,,,,,,,,,,,,,,,,,,,,,,,,,,,,,9,6,0,1.0,1.0
19407,1,1,1,1,1.0,0,15000.0,9.615805480084347,30.0,2000.0,1,Hombre,25,625,7,Universitaria,Superior,1,1.0,1.0,1.0,,3,5.0,1.0,25.0,1.0,DOS MIL PESOS,,,,1.0,1.0,,,,,1.0,1.0,,2.0,2.0,2.0,2.0,2.0,2.0,2.0,2.0,1.0,2.0,2.0,2.0,2.0,2.0,2.0,9,6,0,1.0,1.0
19415,3,1,3,1,1.0,0,,,,,1,Hombre,26,676,7,Universitaria,Superior,2,,,,,3,,,,,,,,,,,,,,,,,,,,,,,,,,,,,,,,,9,6,0,1.0,1.0
19416,1,1,1,1,1.0,0,,,,,1,Hombre,23,529,7,Universitaria,Superior,2,,1.0,1.0,,3,,,,,,,,,,,,,,,,,,,,,,,,,,,,,,,,,9,6,0,1.0,1.0
19456,1,1,1,0,,1,,,,,1,Hombre,28,784,6,Tecnica/tecnologica,Superior,2,,1.0,,,3,,,,,,,,,,,,,,,,,,,,,,,,,,,,,,,,,5,2,2,1.0,1.0
19467,1,1,1,0,,1,,,,,1,Hombre,40,1600,3,Basica primaria,Baja,2,,,1.0,,3,,,,,,,,,,,,,,,,,,,,,,,,,,,,,,,,,9,5,4,1.0,1.0
19471,1,1,1,0,,1,,,,,2,Mujer,50,2500,7,Universitaria,Superior,2,,1.0,,,3,,,,,,,,,,,,,,,,,,,,,,,,,,,,,,,,,9,5,1,1.0,2.0
19473,3,1,3,0,,1,,,,,1,Hombre,26,676,7,Universitaria,Superior,2,,1.0,,,3,,,,,,,,,,,,,,,,,,,,,,,,,,,,,,,,,9,1,0,1.0,1.0
19481,2,1,2,1,1.0,0,180000.0,12.100712129872347,30.0,6000.0,1,Hombre,16,256,3,Basica primaria,Baja,1,,,,,3,5.0,1.0,30.0,1.0,SEIS MIL PESOS,,,1.0,,,,,,,2.0,,,1.0,2.0,2.0,2.0,2.0,1.0,2.0,2.0,1.0,2.0,1.0,2.0,1.0,1.0,1.0,9,6,0,,
19544,2,1,2,0,,1,,,,,2,Mujer,22,484,6,Tecnica/tecnologica,Superior,2,,1.0,,,3,,,,,,,,,,,,,,,,,,,,,,,,,,,,,,,,,9,6,0,1.0,2.0
19586,1,1,1,0,,1,,,,,2,Mujer,41,1681,3,Basica primaria,Baja,2,,1.0,,,3,,,,,,,,,,,,,,,,,,,,,,,,,,,,,,,,,1,6,3,1.0,2.0
19597,2,1,2,1,1.0,0,,,1.0,1000.0,2,Mujer,21,441,5,Media,Media,1,,1.0,,1.0,2,3.0,2.0,,1.0,MIL PESOS,,1.0,,,,,,,,2.0,,,2.0,2.0,2.0,2.0,2.0,2.0,2.0,2.0,2.0,2.0,1.0,2.0,2.0,2.0,2.0,9,5,1,1.0,2.0
19600,2,1,2,0,,1,,,1.0,3000.0,2,Mujer,27,729,6,Tecnica/tecnologica,Superior,1,1.0,1.0,,,3,1.0,2.0,,1.0,TRES MIL,,,,1.0,,,,,,1.0,,,2.0,2.0,2.0,2.0,2.0,2.0,2.0,2.0,2.0,2.0,2.0,2.0,2.0,2.0,2.0,9,1,0,1.0,2.0
19624,6,1,6,0,,1,,,,,2,Mujer,40,1600,4,Basica secundaria,Media,2,,1.0,,,3,,,,,,,,,,,,,,,,,,,,,,,,,,,,,,,,,9,6,1,1.0,2.0
19651,2,1,2,0,,1,,,,,1,Hombre,20,400,7,Universitaria,Superior,2,,1.0,,,3,,,,,,,,,,,,,,,,,,,,,,,,,,,,,,,,,9,6,0,1.0,1.0
19684,1,1,1,0,,1,,,,,1,Hombre,28,784,5,Media,Media,2,,1.0,,,3,,,,,,,,,,,,,,,,,,,,,,,,,,,,,,,,,9,5,1,1.0,1.0
19703,2,1,2,0,,1,20000.0,9.903487552536127,30.0,2000.0,1,Hombre,55,3025,6,Tecnica/tecnologica,Superior,1,,1.0,,,3,5.0,1.0,30.0,1.0,DOS MIL PESOS,,,1.0,,,,,,,2.0,,,2.0,2.0,2.0,2.0,2.0,2.0,2.0,2.0,1.0,1.0,2.0,1.0,1.0,2.0,2.0,5,6,0,1.0,1.0
19754,1,1,1,0,,1,,,,,1,Hombre,26,676,5,Media,Media,2,,1.0,,,3,,,,,,,,,,,,,,,,,,,,,,,,,,,,,,,,,9,1,0,1.0,1.0
19768,1,1,1,0,,1,,,,,1,Hombre,63,3969,3,Basica primaria,Baja,2,,1.0,,,3,,,,,,,,,,,,,,,,,,,,,,,,,,,,,,,,,9,3,2,1.0,1.0
19770,1,1,1,0,,1,,,,,2,Mujer,36,1296,6,Tecnica/tecnologica,Superior,2,,1.0,,,3,,,,,,,,,,,,,,,,,,,,,,,,,,,,,,,,,9,6,1,1.0,2.0
19790,4,1,4,1,1.0,0,,,,,2,Mujer,22,484,5,Media,Media,2,,,,,3,,,,,,,,,,,,,,,,,,,,,,,,,,,,,,,,,9,5,1,1.0,2.0
19846,3,1,3,1,1.0,0,10000.0,9.210340371976184,15.0,1000.0,1,Hombre,17,289,4,Basica secundaria,Media,1,,,,,3,4.0,1.0,8.0,1.0,MIL PESOS,,,,1.0,,,,,,2.0,,,2.0,2.0,2.0,2.0,2.0,1.0,2.0,2.0,2.0,2.0,2.0,2.0,2.0,2.0,2.0,9,6,0,,
19867,3,1,3,0,,1,,,,,2,Mujer,22,484,7,Universitaria,Superior,2,,1.0,,,3,,,,,,,,,,,,,,,,,,,,,,,,,,,,,,,,,9,6,0,1.0,2.0
19876,3,1,3,1,1.0,0,2000.0,7.600902459542082,1.0,2000.0,1,Hombre,17,289,5,Media,Media,1,,,,,1,1.0,1.0,1.0,1.0,DOS MIL PESOS,,,,1.0,,,,,,2.0,,,2.0,1.0,1.0,1.0,2.0,2.0,2.0,2.0,2.0,2.0,2.0,2.0,2.0,1.0,2.0,5,6,0,,
19881,3,1,3,0,,1,,,,,1,Hombre,21,441,4,Basica secundaria,Media,2,,1.0,,,3,,,,,,,,,,,,,,,,,,,,,,,,,,,,,,,,,9,6,1,1.0,1.0
19905,1,1,1,1,1.0,0,,,,,1,Hombre,65,4225,5,Media,Media,2,,,,,3,,,,,,,,,,,,,,,,,,,,,,,,,,,,,,,,,9,2,1,1.0,1.0
19923,3,1,3,1,1.0,0,30000.0,10.308952660644293,10.0,3000.0,2,Mujer,25,625,6,Tecnica/tecnologica,Superior,1,,,,,3,4.0,1.0,15.0,1.0,TRES MIL PESOS,,,,1.0,,,,,,2.0,,,2.0,2.0,1.0,2.0,1.0,2.0,2.0,2.0,2.0,2.0,1.0,1.0,2.0,2.0,1.0,9,6,1,1.0,2.0
19933,2,1,2,0,,1,,,,,1,Hombre,24,576,7,Universitaria,Superior,2,,1.0,,,3,,,,,,,,,,,,,,,,,,,,,,,,,,,,,,,,,5,6,0,1.0,1.0
19938,1,1,1,1,1.0,0,,,,,1,Hombre,32,1024,8,Postgrado,Superior,2,,,,,9,,,,,,,,,,,,,,,,,,,,,,,,,,,,,,,,,9,5,2,1.0,1.0
19957,3,1,3,0,,1,,,,,1,Hombre,36,1296,8,Postgrado,Superior,2,,,1.0,,3,,,,,,,,,,,,,,,,,,,,,,,,,,,,,,,,,9,6,0,1.0,1.0
19959,1,1,1,0,,1,,,,,1,Hombre,34,1156,4,Basica secundaria,Media,2,,1.0,,,3,,,,,,,,,,,,,,,,,,,,,,,,,,,,,,,,,9,2,2,1.0,1.0
19992,3,1,3,1,1.0,0,,,,,1,Hombre,25,625,7,Universitaria,Superior,2,,,,,3,,,,,,,,,,,,,,,,,,,,,,,,,,,,,,,,,9,6,0,1.0,1.0
19995,4,1,4,0,,1,,,,,1,Hombre,22,484,7,Universitaria,Superior,2,,1.0,,,3,,,,,,,,,,,,,,,,,,,,,,,,,,,,,,,,,9,6,0,2.0,1.0
20026,2,1,2,1,1.0,0,100000.0,11.512925464970229,20.0,2000.0,1,Hombre,22,484,4,Basica secundaria,Media,1,1.0,1.0,1.0,1.0,3,4.0,1.0,15.0,1.0,DOS MIL,,,,1.0,,,,,,1.0,,,2.0,2.0,1.0,1.0,2.0,1.0,2.0,2.0,2.0,1.0,2.0,1.0,1.0,2.0,1.0,9,6,0,1.0,1.0
20032,1,1,1,1,1.0,0,,,,,2,Mujer,24,576,5,Media,Media,2,,1.0,1.0,,3,,,,,,,,,,,,,,,,,,,,,,,,,,,,,,,,,9,6,0,1.0,2.0
20046,3,1,3,0,,1,,,,,2,Mujer,19,361,5,Media,Media,2,,1.0,,,3,,,,,,,,,,,,,,,,,,,,,,,,,,,,,,,,,9,6,0,1.0,2.0
20050,2,1,2,1,1.0,0,,,6.0,6000.0,2,Mujer,21,441,6,Tecnica/tecnologica,Superior,1,,,,,3,2.0,2.0,,1.0,SEIS MIL PESOS,,,,,1.0,,,,,2.0,,,2.0,2.0,2.0,2.0,2.0,2.0,2.0,2.0,2.0,2.0,2.0,2.0,2.0,2.0,2.0,9,6,0,1.0,2.0
20072,3,1,3,1,1.0,0,,,,,1,Hombre,26,676,5,Media,Media,2,,,,,3,,,,,,,,,,,,,,,,,,,,,,,,,,,,,,,,,9,2,4,1.0,1.0
20090,1,1,1,0,,1,,,,,1,Hombre,30,900,5,Media,Media,2,,1.0,,,3,,,,,,,,,,,,,,,,,,,,,,,,,,,,,,,,,9,6,3,1.0,1.0
20094,1,1,1,0,,1,,,,,1,Hombre,37,1369,3,Basica primaria,Baja,2,,1.0,,,3,,,,,,,,,,,,,,,,,,,,,,,,,,,,,,,,,9,3,1,1.0,1.0
20112,1,1,1,0,,1,,,,,1,Hombre,29,841,4,Basica secundaria,Media,2,,1.0,,,3,,,,,,,,,,,,,,,,,,,,,,,,,,,,,,,,,9,2,2,1.0,1.0
20114,1,1,1,0,,1,,,,,1,Hombre,49,2401,3,Basica primaria,Baja,2,,1.0,,,3,,,,,,,,,,,,,,,,,,,,,,,,,,,,,,,,,9,6,0,1.0,1.0
20149,2,1,2,1,1.0,0,,,,,1,Hombre,20,400,1,Ninguno,Baja,2,,,,,3,,,,,,,,,,,,,,,,,,,,,,,,,,,,,,,,,9,6,0,1.0,1.0
20165,1,1,1,0,,1,,,,,1,Hombre,31,961,5,Media,Media,9,,1.0,,,3,,,,,,,,,,,,,,,,,,,,,,,,,,,,,,,,,9,2,1,1.0,1.0
20171,1,1,1,1,1.0,0,,,,,2,Mujer,38,1444,5,Media,Media,2,,1.0,,,3,,,,,,,,,,,,,,,,,,,,,,,,,,,,,,,,,9,6,0,1.0,2.0
20187,1,1,1,0,,1,,,,,2,Mujer,61,3721,3,Basica primaria,Baja,2,,1.0,,,3,,,,,,,,,,,,,,,,,,,,,,,,,,,,,,,,,9,6,1,1.0,2.0
20195,1,1,1,0,,1,,,,,2,Mujer,40,1600,6,Tecnica/tecnologica,Superior,2,,1.0,,,3,,,,,,,,,,,,,,,,,,,,,,,,,,,,,,,,,9,5,2,1.0,2.0
20214,3,1,3,0,,1,10000.0,9.210340371976184,10.0,,1,Hombre,23,529,4,Basica secundaria,Media,1,,1.0,,,3,4.0,1.0,15.0,2.0,,,,1.0,,,,,,,2.0,,,2.0,2.0,2.0,2.0,2.0,1.0,1.0,2.0,1.0,1.0,1.0,1.0,2.0,2.0,2.0,9,6,0,1.0,1.0
20223,1,1,1,0,,1,,,,,2,Mujer,42,1764,7,Universitaria,Superior,2,,1.0,,,3,,,,,,,,,,,,,,,,,,,,,,,,,,,,,,,,,9,5,2,1.0,2.0
20300,1,1,1,0,,1,4000.0,8.294049640102028,2.0,,2,Mujer,23,529,8,Postgrado,Superior,1,,1.0,,,3,3.0,1.0,2.0,2.0,,,,,1.0,,,,,,2.0,,,2.0,2.0,2.0,2.0,2.0,2.0,2.0,2.0,2.0,2.0,2.0,2.0,2.0,2.0,2.0,9,6,0,1.0,2.0
20328,1,1,1,0,,1,,,,,1,Hombre,32,1024,5,Media,Media,2,,1.0,,,3,,,,,,,,,,,,,,,,,,,,,,,,,,,,,,,,,9,5,0,1.0,1.0
20334,2,1,2,0,,1,,,,,2,Mujer,41,1681,3,Basica primaria,Baja,2,,1.0,,,3,,,,,,,,,,,,,,,,,,,,,,,,,,,,,,,,,9,2,3,1.0,2.0
20368,2,1,2,1,1.0,0,,,,,2,Mujer,26,676,6,Tecnica/tecnologica,Superior,2,,,,,3,,,,,,,,,,,,,,,,,,,,,,,,,,,,,,,,,9,2,1,1.0,2.0
20383,1,1,1,1,1.0,0,,,,,2,Mujer,26,676,8,Postgrado,Superior,2,,,,,3,,,,,,,,,,,,,,,,,,,,,,,,,,,,,,,,,9,6,0,1.0,2.0
20394,5,1,5,1,1.0,0,,,,,1,Hombre,22,484,5,Media,Media,2,,,,,2,,,,,,,,,,,,,,,,,,,,,,,,,,,,,,,,,9,6,1,1.0,1.0
20439,1,1,1,0,,1,,,,,1,Hombre,23,529,7,Universitaria,Superior,2,,1.0,,,3,,,,,,,,,,,,,,,,,,,,,,,,,,,,,,,,,9,2,0,1.0,1.0
20452,1,1,1,0,,1,,,,,1,Hombre,58,3364,8,Postgrado,Superior,2,,1.0,,,3,,,,,,,,,,,,,,,,,,,,,,,,,,,,,,,,,9,5,0,1.0,1.0
20454,5,1,5,0,,1,,,,,2,Mujer,30,900,7,Universitaria,Superior,2,,1.0,,,3,,,,,,,,,,,,,,,,,,,,,,,,,,,,,,,,,9,2,2,1.0,2.0
20458,4,1,4,1,1.0,0,,,,,2,Mujer,32,1024,6,Tecnica/tecnologica,Superior,2,,,,,3,,,,,,,,,,,,,,,,,,,,,,,,,,,,,,,,,9,6,0,3.0,2.0
20459,2,1,2,1,1.0,0,,,1.0,5000.0,1,Hombre,19,361,6,Tecnica/tecnologica,Superior,1,,1.0,,1.0,3,2.0,2.0,,1.0,CINCO MIL PESOS,,,,,,1.0,,,,2.0,,,2.0,2.0,2.0,2.0,2.0,2.0,2.0,2.0,2.0,2.0,2.0,2.0,2.0,2.0,2.0,5,6,0,1.0,1.0
20465,3,1,3,0,,1,30000.0,10.308952660644293,30.0,1000.0,1,Hombre,43,1849,7,Universitaria,Superior,1,1.0,,1.0,1.0,3,5.0,1.0,30.0,1.0,MIL PESOS,,,1.0,,,,,,,1.0,,,2.0,2.0,2.0,2.0,2.0,2.0,2.0,2.0,1.0,2.0,2.0,2.0,1.0,2.0,1.0,5,2,2,1.0,1.0
20469,3,1,3,1,1.0,0,,,5.0,3000.0,1,Hombre,17,289,5,Media,Media,1,,,,,3,4.0,2.0,,1.0,TRES MIL PESOS,,,,1.0,,,,,,2.0,,,1.0,2.0,2.0,2.0,2.0,2.0,2.0,2.0,2.0,2.0,1.0,2.0,1.0,2.0,2.0,9,6,0,,
20484,2,1,2,0,,1,,,,,2,Mujer,38,1444,7,Universitaria,Superior,2,,1.0,,,3,,,,,,,,,,,,,,,,,,,,,,,,,,,,,,,,,9,1,0,1.0,2.0
20486,1,1,1,0,,1,,,,,2,Mujer,45,2025,7,Universitaria,Superior,2,,1.0,,,3,,,,,,,,,,,,,,,,,,,,,,,,,,,,,,,,,9,3,2,1.0,2.0
20499,1,1,1,0,,1,14000.0,9.546812608597396,2.0,2000.0,1,Hombre,22,484,7,Universitaria,Superior,1,,1.0,,,1,4.0,1.0,2.0,1.0,DOS MIL PESOS,,,,1.0,,,,,,2.0,,,2.0,2.0,2.0,1.0,2.0,1.0,1.0,1.0,1.0,2.0,1.0,2.0,2.0,2.0,2.0,5,6,0,1.0,1.0
20505,1,1,1,0,,1,,,,,1,Hombre,65,4225,5,Media,Media,2,,1.0,,,3,,,,,,,,,,,,,,,,,,,,,,,,,,,,,,,,,9,3,4,1.0,1.0
20547,3,1,3,1,1.0,0,,,,,1,Hombre,37,1369,7,Universitaria,Superior,2,,,,,3,,,,,,,,,,,,,,,,,,,,,,,,,,,,,,,,,9,6,1,1.0,1.0
20552,1,1,1,1,1.0,0,,,,,1,Hombre,20,400,5,Media,Media,2,,,,,3,,,,,,,,,,,,,,,,,,,,,,,,,,,,,,,,,9,6,0,1.0,1.0
20560,3,1,3,0,,1,,,,,1,Hombre,23,529,5,Media,Media,2,,1.0,,,3,,,,,,,,,,,,,,,,,,,,,,,,,,,,,,,,,5,6,0,1.0,1.0
20571,1,1,1,0,,1,,,,,1,Hombre,28,784,8,Postgrado,Superior,2,,1.0,,,3,,,,,,,,,,,,,,,,,,,,,,,,,,,,,,,,,9,2,0,1.0,1.0
20577,1,1,1,1,1.0,0,,,1.0,5000.0,1,Hombre,49,2401,7,Universitaria,Superior,1,1.0,,,,3,1.0,2.0,,1.0,CINCO MIL PESOS,,,,1.0,,,,,,1.0,,,2.0,2.0,1.0,2.0,2.0,2.0,1.0,2.0,2.0,2.0,2.0,2.0,2.0,2.0,2.0,9,3,2,1.0,1.0
20604,2,1,2,1,1.0,0,,,,,2,Mujer,21,441,7,Universitaria,Superior,2,,1.0,1.0,,3,,,,,,,,,,,,,,,,,,,,,,,,,,,,,,,,,9,2,0,1.0,2.0
20638,1,1,1,0,,1,,,,,1,Hombre,63,3969,4,Basica secundaria,Media,2,,1.0,,,3,,,,,,,,,,,,,,,,,,,,,,,,,,,,,,,,,9,5,1,1.0,1.0
20644,3,1,3,0,,1,,,1.0,10000.0,2,Mujer,20,400,5,Media,Media,1,1.0,,,1.0,2,2.0,1.0,1.0,1.0,DIEZ MIL PESOS,,,,1.0,,,,,,1.0,,,2.0,2.0,2.0,1.0,2.0,2.0,2.0,2.0,2.0,2.0,2.0,1.0,2.0,2.0,2.0,9,6,0,1.0,2.0
20656,1,1,1,0,,1,,,,,1,Hombre,63,3969,6,Tecnica/tecnologica,Superior,2,,,1.0,,3,,,,,,,,,,,,,,,,,,,,,,,,,,,,,,,,,9,6,0,1.0,1.0
20689,2,1,2,1,1.0,0,50000.0,10.819778284410283,15.0,5000.0,1,Hombre,20,400,3,Basica primaria,Baja,1,,,,,3,5.0,1.0,30.0,1.0,CINCO MIL PESOS,,,,1.0,,,,,,2.0,,,1.0,2.0,2.0,2.0,1.0,1.0,2.0,2.0,1.0,1.0,1.0,1.0,2.0,2.0,1.0,1,6,0,1.0,1.0
20697,2,1,2,0,,1,,,,,1,Hombre,46,2116,4,Basica secundaria,Media,2,,1.0,,,3,,,,,,,,,,,,,,,,,,,,,,,,,,,,,,,,,9,5,4,1.0,1.0
20712,1,1,1,1,1.0,0,,,1.0,,2,Mujer,55,3025,5,Media,Media,1,1.0,,,,3,1.0,2.0,,2.0,,,,,1.0,,,,,,1.0,,,2.0,1.0,2.0,2.0,2.0,2.0,2.0,2.0,2.0,2.0,2.0,2.0,1.0,2.0,2.0,9,5,3,1.0,2.0
20714,3,1,3,0,,1,,,,,1,Hombre,17,289,4,Basica secundaria,Media,2,,1.0,,,3,,,,,,,,,,,,,,,,,,,,,,,,,,,,,,,,,1,6,0,,
20744,1,1,1,0,,1,,,,,1,Hombre,61,3721,3,Basica primaria,Baja,2,,,,1.0,3,,,,,,,,,,,,,,,,,,,,,,,,,,,,,,,,,9,5,5,1.0,1.0
20789,4,1,4,0,,1,,,3.0,2500.0,1,Hombre,20,400,7,Universitaria,Superior,1,,1.0,,,3,2.0,1.0,2.0,1.0,DOS MIL QUINIENTOS,,,,1.0,,,,,,2.0,,,2.0,2.0,2.0,2.0,2.0,2.0,2.0,2.0,2.0,2.0,2.0,2.0,2.0,2.0,2.0,9,6,0,1.0,1.0
20812,2,1,2,1,1.0,0,12000.0,9.392661928770137,60.0,3000.0,1,Hombre,18,324,4,Basica secundaria,Media,1,1.0,,,,3,4.0,1.0,30.0,1.0,TRES MIL PESOS,,,1.0,1.0,,1.0,,,,1.0,,,2.0,1.0,2.0,1.0,1.0,1.0,1.0,2.0,2.0,2.0,1.0,1.0,2.0,2.0,1.0,9,6,0,1.0,1.0
20822,1,1,1,0,,1,,,,,1,Hombre,53,2809,1,Ninguno,Baja,2,,1.0,,,3,,,,,,,,,,,,,,,,,,,,,,,,,,,,,,,,,5,2,4,1.0,1.0
20844,1,1,1,0,,1,,,1.0,5000.0,1,Hombre,30,900,7,Universitaria,Superior,1,,,1.0,,3,1.0,2.0,,1.0,CINCO MIL PESOS,,,,1.0,,,,,,2.0,,,2.0,2.0,2.0,2.0,2.0,2.0,2.0,2.0,2.0,2.0,2.0,2.0,2.0,2.0,2.0,9,6,0,4.0,1.0
20851,2,1,2,1,1.0,0,,,1.0,,1,Hombre,24,576,6,Tecnica/tecnologica,Superior,1,,,,,3,2.0,2.0,,2.0,,,,,1.0,,,,,,2.0,,,1.0,2.0,2.0,2.0,2.0,2.0,2.0,2.0,2.0,2.0,2.0,2.0,2.0,2.0,2.0,9,6,0,1.0,1.0
20858,1,1,1,0,,1,,,,,1,Hombre,34,1156,6,Tecnica/tecnologica,Superior,2,,1.0,,,3,,,,,,,,,,,,,,,,,,,,,,,,,,,,,,,,,9,3,1,1.0,1.0
20901,3,1,3,0,,1,,,,,1,Hombre,15,225,4,Basica secundaria,Media,2,,1.0,,,3,,,,,,,,,,,,,,,,,,,,,,,,,,,,,,,,,9,6,0,,
20925,1,1,1,0,,1,,,,,2,Mujer,52,2704,3,Basica primaria,Baja,2,,1.0,,,3,,,,,,,,,,,,,,,,,,,,,,,,,,,,,,,,,9,5,2,1.0,2.0
20943,1,1,1,0,,1,,,,,2,Mujer,25,625,4,Basica secundaria,Media,2,,1.0,,,3,,,,,,,,,,,,,,,,,,,,,,,,,,,,,,,,,1,1,4,1.0,2.0
20948,2,1,2,1,1.0,0,50000.0,10.819778284410283,10.0,2000.0,1,Hombre,32,1024,5,Media,Media,1,,,,,3,5.0,1.0,30.0,1.0,DOS MIL PESOS,,,1.0,1.0,,,,,,1.0,1.0,,1.0,1.0,1.0,1.0,2.0,1.0,1.0,2.0,1.0,1.0,2.0,1.0,1.0,1.0,1.0,9,5,2,1.0,1.0
20963,2,1,2,0,,1,,,,,2,Mujer,28,784,4,Basica secundaria,Media,2,,1.0,,,3,,,,,,,,,,,,,,,,,,,,,,,,,,,,,,,,,9,1,1,1.0,2.0
20970,2,1,2,0,,1,,,,,1,Hombre,36,1296,6,Tecnica/tecnologica,Superior,2,,1.0,,,3,,,,,,,,,,,,,,,,,,,,,,,,,,,,,,,,,9,6,0,1.0,1.0
20979,3,1,3,0,,1,,,,,2,Mujer,33,1089,5,Media,Media,2,,1.0,,,3,,,,,,,,,,,,,,,,,,,,,,,,,,,,,,,,,9,5,2,1.0,2.0
20981,1,1,1,1,1.0,0,20000.0,9.903487552536127,12.0,2000.0,1,Hombre,27,729,4,Basica secundaria,Media,1,1.0,1.0,,,3,4.0,1.0,15.0,1.0,DOS MIL PESOS,,,,,,1.0,,,,1.0,,,2.0,2.0,2.0,2.0,1.0,1.0,2.0,1.0,1.0,2.0,2.0,2.0,2.0,2.0,2.0,9,6,0,1.0,1.0
20992,1,1,1,0,,1,,,,,1,Hombre,63,3969,3,Basica primaria,Baja,2,,1.0,,,3,,,,,,,,,,,,,,,,,,,,,,,,,,,,,,,,,9,6,1,1.0,1.0
21001,1,1,1,0,,1,,,,,1,Hombre,41,1681,7,Universitaria,Superior,2,,1.0,,,3,,,,,,,,,,,,,,,,,,,,,,,,,,,,,,,,,9,3,2,1.0,1.0
21055,3,1,3,1,1.0,0,,,,,2,Mujer,29,841,7,Universitaria,Superior,2,,,,,3,,,,,,,,,,,,,,,,,,,,,,,,,,,,,,,,,9,6,0,1.0,2.0
21066,1,1,1,0,,1,,,,,1,Hombre,35,1225,6,Tecnica/tecnologica,Superior,2,,1.0,,,3,,,,,,,,,,,,,,,,,,,,,,,,,,,,,,,,,9,2,3,1.0,1.0
21091,1,1,1,0,,1,,,,,1,Hombre,26,676,7,Universitaria,Superior,2,,1.0,,,3,,,,,,,,,,,,,,,,,,,,,,,,,,,,,,,,,9,1,0,1.0,1.0
21108,3,1,3,0,,1,,,1.0,2000.0,1,Hombre,20,400,6,Tecnica/tecnologica,Superior,1,1.0,1.0,,,3,2.0,2.0,,1.0,DOS MIL PESOS,,,,1.0,,,,,,1.0,,,2.0,2.0,2.0,1.0,2.0,2.0,2.0,2.0,2.0,2.0,2.0,2.0,2.0,2.0,2.0,9,6,0,1.0,1.0
21126,3,1,3,0,,1,,,,,1,Hombre,17,289,5,Media,Media,2,,1.0,,,3,,,,,,,,,,,,,,,,,,,,,,,,,,,,,,,,,9,6,0,,
21159,2,1,2,0,,1,,,1.0,2000.0,2,Mujer,28,784,6,Tecnica/tecnologica,Superior,1,1.0,1.0,,,3,1.0,2.0,,1.0,DOS MIL PESOS,,,,1.0,,,,,,1.0,,,2.0,2.0,2.0,1.0,2.0,1.0,1.0,2.0,1.0,1.0,1.0,2.0,2.0,2.0,2.0,9,1,1,1.0,2.0
21178,3,1,3,0,,1,10000.0,9.210340371976184,10.0,2000.0,1,Hombre,42,1764,8,Postgrado,Superior,1,1.0,1.0,,,3,3.0,1.0,20.0,1.0,DOS MIL,,,,1.0,,,,,,1.0,,,2.0,2.0,2.0,2.0,2.0,1.0,2.0,2.0,2.0,2.0,1.0,2.0,2.0,2.0,1.0,9,6,2,1.0,1.0
21180,1,1,1,0,,1,,,,,1,Hombre,49,2401,4,Basica secundaria,Media,2,,1.0,,,3,,,,,,,,,,,,,,,,,,,,,,,,,,,,,,,,,9,2,3,1.0,1.0
21183,3,1,3,1,1.0,0,,,,,1,Hombre,15,225,4,Basica secundaria,Media,2,,,,,3,,,,,,,,,,,,,,,,,,,,,,,,,,,,,,,,,5,6,0,,
21221,3,1,3,1,1.0,0,,,,,2,Mujer,20,400,7,Universitaria,Superior,2,,1.0,,,3,,,,,,,,,,,,,,,,,,,,,,,,,,,,,,,,,9,6,0,1.0,2.0
21242,3,1,3,1,1.0,0,,,,,2,Mujer,28,784,6,Tecnica/tecnologica,Superior,2,,1.0,1.0,,3,,,,,,,,,,,,,,,,,,,,,,,,,,,,,,,,,9,2,2,1.0,2.0
21287,3,1,3,1,1.0,0,,,,,1,Hombre,19,361,5,Media,Media,2,,,,,3,,,,,,,,,,,,,,,,,,,,,,,,,,,,,,,,,5,6,0,1.0,1.0
21293,2,1,2,0,,1,,,,,2,Mujer,50,2500,3,Basica primaria,Baja,2,,1.0,,,3,,,,,,,,,,,,,,,,,,,,,,,,,,,,,,,,,9,2,1,1.0,2.0
21299,1,1,1,0,,1,,,,,1,Hombre,45,2025,6,Tecnica/tecnologica,Superior,2,,1.0,,,3,,,,,,,,,,,,,,,,,,,,,,,,,,,,,,,,,9,2,4,1.0,1.0
21356,1,1,1,0,,1,,,,,1,Hombre,27,729,7,Universitaria,Superior,2,,1.0,,,3,,,,,,,,,,,,,,,,,,,,,,,,,,,,,,,,,9,2,0,1.0,1.0
21376,1,1,1,0,,1,,,,,1,Hombre,43,1849,5,Media,Media,2,,1.0,,,3,,,,,,,,,,,,,,,,,,,,,,,,,,,,,,,,,9,1,3,1.0,1.0
21424,1,1,1,1,1.0,0,,,,,1,Hombre,29,841,2,Preescolar,Baja,2,,,,,3,,,,,,,,,,,,,,,,,,,,,,,,,,,,,,,,,9,2,3,1.0,1.0
21433,1,1,1,0,,1,,,,,1,Hombre,38,1444,6,Tecnica/tecnologica,Superior,2,,,,1.0,3,,,,,,,,,,,,,,,,,,,,,,,,,,,,,,,,,5,5,0,1.0,1.0
21434,2,1,2,0,,1,,,,,2,Mujer,36,1296,6,Tecnica/tecnologica,Superior,2,,,,1.0,3,,,,,,,,,,,,,,,,,,,,,,,,,,,,,,,,,5,2,2,1.0,2.0
21515,2,1,2,1,1.0,0,,,,,2,Mujer,33,1089,6,Tecnica/tecnologica,Superior,2,,,,,3,,,,,,,,,,,,,,,,,,,,,,,,,,,,,,,,,9,3,2,1.0,2.0
21539,1,1,1,0,,1,,,,,1,Hombre,54,2916,5,Media,Media,2,,1.0,,,3,,,,,,,,,,,,,,,,,,,,,,,,,,,,,,,,,9,4,2,1.0,1.0
21551,1,1,1,0,,1,,,,,1,Hombre,24,576,6,Tecnica/tecnologica,Superior,2,,1.0,,,3,,,,,,,,,,,,,,,,,,,,,,,,,,,,,,,,,5,2,0,1.0,1.0
21555,4,1,4,0,,1,,,,,1,Hombre,27,729,7,Universitaria,Superior,2,,1.0,,,3,,,,,,,,,,,,,,,,,,,,,,,,,,,,,,,,,5,6,0,1.0,1.0
21587,1,1,1,1,1.0,0,,,,,1,Hombre,41,1681,7,Universitaria,Superior,2,,,,,3,,,,,,,,,,,,,,,,,,,,,,,,,,,,,,,,,5,3,1,1.0,1.0
21606,2,1,2,0,,1,,,,,2,Mujer,24,576,5,Media,Media,2,,1.0,,,3,,,,,,,,,,,,,,,,,,,,,,,,,,,,,,,,,9,1,1,1.0,2.0
21629,4,1,4,1,1.0,0,,,,,1,Hombre,24,576,7,Universitaria,Superior,2,,,,,3,,,,,,,,,,,,,,,,,,,,,,,,,,,,,,,,,9,6,0,1.0,1.0
21668,1,1,1,0,,1,,,,,1,Hombre,64,4096,5,Media,Media,2,,1.0,,,3,,,,,,,,,,,,,,,,,,,,,,,,,,,,,,,,,9,3,9,1.0,1.0
21673,1,1,1,1,1.0,0,,,,,2,Mujer,22,484,5,Media,Media,2,,,,,3,,,,,,,,,,,,,,,,,,,,,,,,,,,,,,,,,9,6,3,1.0,2.0
21681,1,1,1,0,,1,,,,,2,Mujer,25,625,7,Universitaria,Superior,2,,1.0,,,3,,,,,,,,,,,,,,,,,,,,,,,,,,,,,,,,,5,6,0,1.0,2.0
21693,1,1,1,0,,1,,,,,1,Hombre,54,2916,6,Tecnica/tecnologica,Superior,2,,1.0,,,3,,,,,,,,,,,,,,,,,,,,,,,,,,,,,,,,,9,5,0,1.0,1.0
21715,1,1,1,0,,1,,,,,1,Hombre,59,3481,7,Universitaria,Superior,2,,1.0,,,3,,,,,,,,,,,,,,,,,,,,,,,,,,,,,,,,,9,5,1,1.0,1.0
21722,2,1,2,0,,1,,,,,2,Mujer,51,2601,3,Basica primaria,Baja,2,,1.0,,,3,,,,,,,,,,,,,,,,,,,,,,,,,,,,,,,,,9,3,1,1.0,2.0
21760,1,1,1,0,,1,,,,,2,Mujer,33,1089,3,Basica primaria,Baja,2,,1.0,,,3,,,,,,,,,,,,,,,,,,,,,,,,,,,,,,,,,9,5,3,1.0,2.0
21767,2,1,2,1,1.0,0,60000.0,11.002099841204238,,2000.0,2,Mujer,21,441,5,Media,Media,1,,,,,3,5.0,1.0,30.0,1.0,DOS MIL PESOS,,,1.0,,,,,,,2.0,,,1.0,2.0,1.0,1.0,1.0,1.0,1.0,2.0,2.0,2.0,1.0,2.0,2.0,2.0,1.0,9,5,1,1.0,2.0
21788,2,1,2,0,,1,,,,,1,Hombre,16,256,5,Media,Media,2,,1.0,,,3,,,,,,,,,,,,,,,,,,,,,,,,,,,,,,,,,5,6,0,,
21805,2,1,2,1,1.0,0,,,1.0,,2,Mujer,32,1024,7,Universitaria,Superior,1,1.0,,,,3,2.0,2.0,,2.0,,,,,1.0,,,,,,1.0,,,2.0,2.0,2.0,2.0,2.0,1.0,2.0,2.0,2.0,2.0,1.0,2.0,2.0,2.0,1.0,9,2,1,1.0,2.0
21830,1,1,1,1,1.0,0,,,,,1,Hombre,31,961,7,Universitaria,Superior,2,,,,,3,,,,,,,,,,,,,,,,,,,,,,,,,,,,,,,,,9,2,0,1.0,1.0
21858,3,1,3,1,1.0,0,10000.0,9.210340371976184,5.0,10000.0,1,Hombre,36,1296,5,Media,Media,1,,,,,2,5.0,1.0,30.0,1.0,DIEZ MIL PESOS,,,,,,1.0,,,,2.0,,,2.0,2.0,1.0,2.0,2.0,2.0,2.0,1.0,1.0,1.0,1.0,1.0,1.0,1.0,2.0,5,6,0,1.0,1.0
21872,1,1,1,1,1.0,0,,,1.0,,2,Mujer,40,1600,8,Postgrado,Superior,1,1.0,,,,3,2.0,2.0,,2.0,,,,,1.0,,,,,,1.0,,,2.0,2.0,2.0,2.0,2.0,2.0,2.0,2.0,2.0,2.0,2.0,2.0,2.0,2.0,2.0,9,6,0,1.0,2.0
21881,2,1,2,1,1.0,0,,,,,1,Hombre,55,3025,3,Basica primaria,Baja,2,,1.0,1.0,,3,,,,,,,,,,,,,,,,,,,,,,,,,,,,,,,,,9,5,3,1.0,1.0
21894,3,1,3,1,1.0,0,,,,,1,Hombre,19,361,5,Media,Media,2,,,,,3,,,,,,,,,,,,,,,,,,,,,,,,,,,,,,,,,9,6,0,1.0,1.0
21915,1,1,1,0,,1,,,1.0,,2,Mujer,46,2116,8,Postgrado,Superior,1,,,,1.0,1,1.0,1.0,1.0,2.0,,,,,1.0,,,,,,2.0,,,2.0,2.0,2.0,2.0,2.0,2.0,2.0,2.0,2.0,2.0,2.0,2.0,2.0,2.0,2.0,9,5,1,1.0,2.0
21941,1,1,1,1,1.0,0,,,,,2,Mujer,22,484,6,Tecnica/tecnologica,Superior,2,,1.0,,,3,,,,,,,,,,,,,,,,,,,,,,,,,,,,,,,,,9,1,0,1.0,2.0
21944,3,1,3,1,1.0,0,,,,,1,Hombre,23,529,5,Media,Media,2,,,,,3,,,,,,,,,,,,,,,,,,,,,,,,,,,,,,,,,9,2,1,1.0,1.0
21992,1,1,1,1,1.0,0,,,6.0,3000.0,1,Hombre,25,625,7,Universitaria,Superior,1,1.0,1.0,1.0,,3,4.0,1.0,6.0,1.0,TRES MIL PESOS,1.0,1.0,1.0,1.0,1.0,1.0,1.0,,,1.0,,,2.0,2.0,2.0,2.0,2.0,2.0,2.0,1.0,1.0,1.0,1.0,1.0,1.0,2.0,1.0,9,6,0,2.0,1.0
22016,1,1,1,1,1.0,0,,,,,2,Mujer,44,1936,3,Basica primaria,Baja,2,,,,,3,,,,,,,,,,,,,,,,,,,,,,,,,,,,,,,,,9,2,0,1.0,2.0
22021,1,1,1,1,1.0,0,16500.0,9.711115659888671,32.0,1700.0,1,Hombre,48,2304,5,Media,Media,1,,,,,1,5.0,1.0,7.0,1.0,MIL SETECIENTOS PESOS,,,1.0,,,,,,,2.0,,,2.0,2.0,2.0,2.0,2.0,2.0,2.0,2.0,2.0,2.0,2.0,2.0,2.0,2.0,2.0,9,6,0,1.0,1.0
22028,2,1,2,1,1.0,0,,,,,2,Mujer,22,484,6,Tecnica/tecnologica,Superior,2,,,,,2,,,,,,,,,,,,,,,,,,,,,,,,,,,,,,,,,9,1,1,1.0,2.0
22062,2,1,2,0,,1,,,,,2,Mujer,39,1521,4,Basica secundaria,Media,2,,1.0,,,3,,,,,,,,,,,,,,,,,,,,,,,,,,,,,,,,,9,2,2,1.0,2.0
22065,1,1,1,1,1.0,0,,,,,1,Hombre,48,2304,7,Universitaria,Superior,2,,,,,3,,,,,,,,,,,,,,,,,,,,,,,,,,,,,,,,,9,5,3,1.0,1.0
22086,2,1,2,1,1.0,0,,,3.0,2000.0,2,Mujer,23,529,5,Media,Media,1,,,,,3,1.0,2.0,,1.0,DOS MIL PESOS,,,,1.0,,,,,,2.0,,,2.0,2.0,2.0,2.0,2.0,2.0,2.0,1.0,1.0,1.0,2.0,2.0,2.0,2.0,2.0,9,6,2,1.0,2.0
22090,5,1,5,1,1.0,0,10000.0,9.210340371976184,15.0,3000.0,2,Mujer,17,289,5,Media,Media,1,1.0,,,,3,2.0,1.0,15.0,1.0,TRES MIL PESOS,,,,,1.0,,,,,1.0,,,1.0,2.0,2.0,1.0,1.0,2.0,2.0,2.0,1.0,1.0,1.0,1.0,2.0,1.0,1.0,9,6,0,,
22093,2,1,2,0,,1,,,,,1,Hombre,41,1681,7,Universitaria,Superior,2,,1.0,,,3,,,,,,,,,,,,,,,,,,,,,,,,,,,,,,,,,9,5,0,1.0,1.0
22096,2,1,2,0,,1,,,1.0,,2,Mujer,22,484,3,Basica primaria,Baja,1,,1.0,,,2,1.0,2.0,,2.0,,,,,1.0,,,,,,2.0,,,2.0,2.0,2.0,2.0,2.0,2.0,2.0,2.0,2.0,2.0,2.0,2.0,2.0,2.0,2.0,1,6,2,1.0,2.0
22107,1,1,1,0,,1,,,,,1,Hombre,42,1764,6,Tecnica/tecnologica,Superior,2,,1.0,,,3,,,,,,,,,,,,,,,,,,,,,,,,,,,,,,,,,9,3,2,1.0,1.0
22108,2,1,2,1,1.0,0,,,1.0,,1,Hombre,24,576,7,Universitaria,Superior,1,1.0,1.0,1.0,,3,4.0,1.0,26.0,2.0,,,,,,,,,1.0,,1.0,,,2.0,2.0,2.0,2.0,2.0,2.0,2.0,2.0,1.0,2.0,2.0,2.0,2.0,2.0,2.0,9,6,0,1.0,1.0
22113,4,1,4,0,,1,,,,,1,Hombre,26,676,5,Media,Media,2,,1.0,,,3,,,,,,,,,,,,,,,,,,,,,,,,,,,,,,,,,5,2,1,1.0,1.0
22121,1,1,1,0,,1,,,3.0,4000.0,1,Hombre,30,900,3,Basica primaria,Baja,1,,1.0,,,3,2.0,2.0,,1.0,CUATRO MIL PESOS,,,,1.0,,,,,,2.0,,,2.0,1.0,2.0,2.0,2.0,2.0,2.0,2.0,2.0,2.0,1.0,2.0,2.0,2.0,2.0,1,3,1,1.0,1.0
22130,6,1,6,0,,1,15000.0,9.615805480084347,1.0,15000.0,1,Hombre,14,196,3,Basica primaria,Baja,1,,1.0,,,3,2.0,1.0,1.0,1.0,QUINCE MIL PESOS,,,,1.0,,,,,,2.0,,,1.0,1.0,1.0,1.0,1.0,2.0,2.0,1.0,1.0,1.0,1.0,1.0,1.0,2.0,2.0,9,6,0,,
22131,6,1,6,1,1.0,0,40000.0,10.596634733096073,20.0,2000.0,1,Hombre,40,1600,3,Basica primaria,Baja,1,,,,,3,3.0,1.0,10.0,1.0,DOS MIL PESOS,,,,1.0,,,,,,2.0,,,1.0,2.0,1.0,1.0,2.0,2.0,2.0,1.0,2.0,2.0,2.0,2.0,2.0,2.0,1.0,5,6,0,1.0,1.0
22132,1,1,1,0,,1,,,,,1,Hombre,32,1024,5,Media,Media,2,,1.0,,,3,,,,,,,,,,,,,,,,,,,,,,,,,,,,,,,,,9,2,2,1.0,1.0
22149,2,1,2,1,1.0,0,11000.0,9.305650551780507,30.0,2000.0,1,Hombre,18,324,4,Basica secundaria,Media,1,,,,,3,3.0,1.0,4.0,1.0,DOS MIL PESOS,,,,,,,1.0,,,2.0,,,1.0,1.0,2.0,2.0,2.0,2.0,2.0,2.0,1.0,2.0,1.0,2.0,2.0,2.0,2.0,5,5,1,1.0,1.0
22164,2,1,2,1,1.0,0,60000.0,11.002099841204238,30.0,2000.0,1,Hombre,22,484,5,Media,Media,1,,,,,3,5.0,1.0,30.0,1.0,DOS MIL PESOS,,,1.0,,,,,,,2.0,,,2.0,1.0,1.0,1.0,2.0,2.0,2.0,1.0,1.0,2.0,2.0,2.0,2.0,2.0,1.0,9,2,1,1.0,1.0
22208,4,1,4,1,1.0,0,,,,,1,Hombre,21,441,6,Tecnica/tecnologica,Superior,2,,,,,3,,,,,,,,,,,,,,,,,,,,,,,,,,,,,,,,,5,6,0,1.0,1.0
22221,3,1,3,1,1.0,0,,,,,1,Hombre,26,676,5,Media,Media,2,,,,,3,,,,,,,,,,,,,,,,,,,,,,,,,,,,,,,,,9,6,0,1.0,1.0
22232,1,1,1,1,1.0,0,20000.0,9.903487552536127,30.0,,1,Hombre,23,529,4,Basica secundaria,Media,1,1.0,1.0,1.0,,3,3.0,1.0,30.0,2.0,,,,1.0,,,,,,,1.0,,,2.0,2.0,2.0,2.0,2.0,2.0,2.0,2.0,2.0,2.0,2.0,2.0,2.0,2.0,2.0,9,6,0,1.0,1.0
22238,3,1,3,1,1.0,0,10000.0,9.210340371976184,4.0,4000.0,1,Hombre,23,529,5,Media,Media,1,,,,,3,3.0,1.0,2.0,1.0,CUATRO MIL PESOS,,,,1.0,,,,,,2.0,,,2.0,2.0,2.0,2.0,2.0,2.0,2.0,2.0,2.0,2.0,2.0,1.0,2.0,2.0,2.0,1,6,1,1.0,1.0
22282,3,1,3,0,,1,,,,,2,Mujer,22,484,7,Universitaria,Superior,2,,1.0,,,3,,,,,,,,,,,,,,,,,,,,,,,,,,,,,,,,,9,6,0,1.0,2.0
22289,1,1,1,1,1.0,0,,,,,1,Hombre,31,961,8,Postgrado,Superior,2,,,,,3,,,,,,,,,,,,,,,,,,,,,,,,,,,,,,,,,9,6,0,1.0,1.0
22308,3,1,3,0,,1,10000.0,9.210340371976184,4.0,3000.0,2,Mujer,21,441,5,Media,Media,1,,1.0,,,2,3.0,1.0,3.0,1.0,TRES MIL PESOS,,,,1.0,,,,,,2.0,,,2.0,2.0,2.0,2.0,2.0,1.0,1.0,2.0,1.0,1.0,2.0,1.0,2.0,2.0,1.0,9,1,1,1.0,2.0
22320,1,1,1,1,1.0,0,,,,,1,Hombre,63,3969,3,Basica primaria,Baja,2,,,,,3,,,,,,,,,,,,,,,,,,,,,,,,,,,,,,,,,9,3,3,1.0,1.0
22334,1,1,1,0,,1,,,,,2,Mujer,58,3364,3,Basica primaria,Baja,2,,1.0,,,3,,,,,,,,,,,,,,,,,,,,,,,,,,,,,,,,,9,6,1,1.0,2.0
22357,4,1,4,0,,1,,,,,2,Mujer,22,484,7,Universitaria,Superior,2,,1.0,,,3,,,,,,,,,,,,,,,,,,,,,,,,,,,,,,,,,9,6,0,1.0,2.0
22362,1,1,1,0,,1,,,,,1,Hombre,41,1681,5,Media,Media,2,,,,1.0,3,,,,,,,,,,,,,,,,,,,,,,,,,,,,,,,,,9,3,2,1.0,1.0
22388,4,1,4,1,1.0,0,10000.0,9.210340371976184,1.0,3500.0,1,Hombre,26,676,6,Tecnica/tecnologica,Superior,1,,,1.0,,1,4.0,1.0,2.0,1.0,TRES MIL QUINIENTOS PESOS,,,,1.0,,,,,,2.0,,,2.0,2.0,2.0,2.0,2.0,1.0,2.0,2.0,2.0,2.0,2.0,2.0,2.0,2.0,1.0,9,6,2,1.0,1.0
22393,2,1,2,0,,1,,,,,2,Mujer,29,841,7,Universitaria,Superior,2,,1.0,,,3,,,,,,,,,,,,,,,,,,,,,,,,,,,,,,,,,1,2,2,1.0,2.0
22403,3,1,3,1,1.0,0,,,,,1,Hombre,26,676,6,Tecnica/tecnologica,Superior,2,,,,,3,,,,,,,,,,,,,,,,,,,,,,,,,,,,,,,,,9,6,0,1.0,1.0
22418,3,1,3,1,1.0,0,,,1.0,,2,Mujer,18,324,5,Media,Media,1,,1.0,,,3,1.0,2.0,,2.0,,,,,1.0,,,,,,2.0,,,2.0,2.0,2.0,2.0,2.0,2.0,2.0,2.0,2.0,2.0,2.0,2.0,2.0,2.0,2.0,5,6,1,1.0,2.0
22430,2,1,2,0,,1,,,,,2,Mujer,44,1936,3,Basica primaria,Baja,2,,1.0,,,3,,,,,,,,,,,,,,,,,,,,,,,,,,,,,,,,,9,1,2,1.0,2.0
22432,2,1,2,1,1.0,0,,,1.0,3000.0,1,Hombre,37,1369,6,Tecnica/tecnologica,Superior,1,,,1.0,,2,1.0,2.0,,1.0,TRES MIL PESOS,,,,1.0,,,,,,2.0,,,2.0,2.0,2.0,2.0,2.0,2.0,2.0,2.0,2.0,2.0,2.0,2.0,2.0,2.0,2.0,9,2,1,1.0,1.0
22443,1,1,1,1,1.0,0,,,,,1,Hombre,31,961,5,Media,Media,2,,1.0,,,3,,,,,,,,,,,,,,,,,,,,,,,,,,,,,,,,,9,3,0,1.0,1.0
22447,2,1,2,0,,1,,,,,2,Mujer,44,1936,6,Tecnica/tecnologica,Superior,2,,1.0,,,3,,,,,,,,,,,,,,,,,,,,,,,,,,,,,,,,,1,3,3,1.0,2.0
22476,1,1,1,1,1.0,0,30000.0,10.308952660644293,31.0,2000.0,1,Hombre,45,2025,5,Media,Media,1,,1.0,,,3,5.0,1.0,30.0,1.0,DOS MIL,,,1.0,1.0,,,,,,2.0,,,2.0,2.0,2.0,1.0,2.0,1.0,1.0,1.0,2.0,2.0,1.0,1.0,1.0,2.0,1.0,9,6,0,1.0,1.0
22484,6,1,6,0,,1,,,,,1,Hombre,33,1089,3,Basica primaria,Baja,2,,1.0,,,3,,,,,,,,,,,,,,,,,,,,,,,,,,,,,,,,,9,2,1,1.0,1.0
22486,3,1,3,0,,1,,,2.0,15000.0,2,Mujer,16,256,5,Media,Media,1,1.0,,1.0,,2,2.0,2.0,,1.0,QUINCE MIL PESOS,,,,1.0,,,,,,1.0,,,2.0,2.0,2.0,2.0,2.0,1.0,2.0,2.0,2.0,2.0,2.0,2.0,2.0,2.0,2.0,9,6,0,,
22500,1,1,1,1,1.0,0,100000.0,11.512925464970229,20.0,5000.0,1,Hombre,40,1600,5,Media,Media,1,,,,,3,5.0,1.0,30.0,1.0,CINCO MIL PESOS,,,1.0,,,,,,,2.0,,,2.0,2.0,2.0,2.0,2.0,1.0,1.0,2.0,2.0,2.0,1.0,2.0,2.0,1.0,1.0,9,3,3,1.0,1.0
22506,1,1,1,0,,1,,,,,1,Hombre,65,4225,5,Media,Media,2,,1.0,,,3,,,,,,,,,,,,,,,,,,,,,,,,,,,,,,,,,9,3,2,1.0,1.0
22531,2,1,2,0,,1,,,,,1,Hombre,36,1296,8,Postgrado,Superior,2,,1.0,,,3,,,,,,,,,,,,,,,,,,,,,,,,,,,,,,,,,9,6,0,1.0,1.0
22572,1,1,1,0,,1,,,,,2,Mujer,63,3969,8,Postgrado,Superior,2,,,,1.0,3,,,,,,,,,,,,,,,,,,,,,,,,,,,,,,,,,9,5,0,1.0,2.0
22610,1,1,1,0,,1,,,,,1,Hombre,51,2601,4,Basica secundaria,Media,2,,1.0,,,3,,,,,,,,,,,,,,,,,,,,,,,,,,,,,,,,,9,6,2,1.0,1.0
22621,1,1,1,0,,1,,,,,2,Mujer,59,3481,4,Basica secundaria,Media,2,,1.0,,,3,,,,,,,,,,,,,,,,,,,,,,,,,,,,,,,,,9,4,4,1.0,2.0
22632,4,1,4,1,1.0,0,,,,,2,Mujer,21,441,7,Universitaria,Superior,2,,,,,3,,,,,,,,,,,,,,,,,,,,,,,,,,,,,,,,,9,6,0,1.0,2.0
22637,1,1,1,1,1.0,0,,,,,2,Mujer,25,625,6,Tecnica/tecnologica,Superior,2,,,,,3,,,,,,,,,,,,,,,,,,,,,,,,,,,,,,,,,9,6,0,1.0,2.0
22671,3,1,3,1,1.0,0,6000.0,8.699514748210191,90.0,3000.0,1,Hombre,35,1225,3,Basica primaria,Baja,1,,1.0,,,3,5.0,1.0,30.0,1.0,TRE MIL PESOS,,,1.0,1.0,,,,,,2.0,,,2.0,2.0,2.0,2.0,2.0,2.0,2.0,2.0,2.0,2.0,2.0,2.0,2.0,2.0,2.0,9,5,3,1.0,1.0
22673,2,1,2,1,1.0,0,90000.0,11.407564949312402,30.0,3000.0,1,Hombre,54,2916,5,Media,Media,1,1.0,,,,3,5.0,1.0,30.0,1.0,TRES MIL PESOS,,,1.0,,,,,,,1.0,,,1.0,2.0,1.0,1.0,2.0,1.0,1.0,1.0,1.0,1.0,2.0,2.0,2.0,2.0,1.0,9,5,3,1.0,1.0
22680,2,1,2,1,1.0,0,30000.0,10.308952660644293,60.0,2000.0,2,Mujer,35,1225,5,Media,Media,1,,,,,3,5.0,1.0,30.0,1.0,DOS MIL PESOS,,,,,,1.0,,,,2.0,,,2.0,2.0,2.0,1.0,2.0,2.0,2.0,2.0,2.0,2.0,1.0,1.0,2.0,2.0,1.0,5,6,1,1.0,2.0
22689,3,1,3,1,1.0,0,,,,,1,Hombre,25,625,4,Basica secundaria,Media,2,,,,,3,,,,,,,,,,,,,,,,,,,,,,,,,,,,,,,,,9,6,1,1.0,1.0
22693,1,1,1,0,,1,,,,,1,Hombre,37,1369,4,Basica secundaria,Media,2,,1.0,,,3,,,,,,,,,,,,,,,,,,,,,,,,,,,,,,,,,9,2,2,1.0,1.0
22694,1,1,1,0,,1,,,,,1,Hombre,26,676,5,Media,Media,2,,1.0,1.0,,3,,,,,,,,,,,,,,,,,,,,,,,,,,,,,,,,,9,2,1,1.0,1.0
22753,1,1,1,1,1.0,0,,,,,1,Hombre,31,961,5,Media,Media,2,,,,,3,,,,,,,,,,,,,,,,,,,,,,,,,,,,,,,,,9,2,1,1.0,1.0
22756,1,1,1,1,1.0,0,90000.0,11.407564949312402,100.0,3000.0,1,Hombre,37,1369,4,Basica secundaria,Media,1,,1.0,,,3,5.0,1.0,30.0,1.0,TRES MIL PESOS,,,1.0,1.0,,1.0,,,,2.0,,,2.0,2.0,2.0,2.0,2.0,2.0,2.0,1.0,1.0,1.0,1.0,1.0,1.0,2.0,1.0,9,4,1,1.0,1.0
22758,1,1,1,0,,1,,,,,1,Hombre,63,3969,3,Basica primaria,Baja,2,,1.0,,,3,,,,,,,,,,,,,,,,,,,,,,,,,,,,,,,,,9,6,3,1.0,1.0
22773,1,1,1,1,1.0,0,200000.0,12.206072645530174,90.0,3000.0,1,Hombre,34,1156,6,Tecnica/tecnologica,Superior,1,1.0,1.0,1.0,,3,5.0,1.0,30.0,1.0,TRES MIL PESOS,,,1.0,,,,,,,1.0,1.0,,2.0,2.0,2.0,2.0,2.0,2.0,2.0,2.0,2.0,2.0,2.0,2.0,2.0,2.0,2.0,9,5,0,1.0,1.0
22780,2,1,2,1,1.0,0,,,,,1,Hombre,31,961,7,Universitaria,Superior,2,,,,,3,,,,,,,,,,,,,,,,,,,,,,,,,,,,,,,,,9,2,0,2.0,1.0
22790,2,1,2,1,1.0,0,100000.0,11.512925464970229,3.0,2000.0,2,Mujer,25,625,6,Tecnica/tecnologica,Superior,1,1.0,1.0,,,3,5.0,1.0,30.0,1.0,DO  SMIL PESOS,,,,,1.0,,,,,1.0,,,2.0,2.0,1.0,1.0,1.0,1.0,1.0,1.0,1.0,1.0,1.0,1.0,1.0,2.0,1.0,9,6,1,1.0,2.0
22792,3,1,3,0,,1,,,,,1,Hombre,39,1521,7,Universitaria,Superior,2,,,,1.0,3,,,,,,,,,,,,,,,,,,,,,,,,,,,,,,,,,9,6,0,1.0,1.0
22801,2,1,2,1,1.0,0,,,1.0,7000.0,2,Mujer,22,484,6,Tecnica/tecnologica,Superior,1,,,,,3,1.0,2.0,,1.0,SIETE MIL PESOS,,,,1.0,,,,,,2.0,,,2.0,2.0,2.0,2.0,2.0,2.0,2.0,2.0,2.0,2.0,2.0,2.0,2.0,2.0,2.0,1,3,1,1.0,2.0
22812,1,1,1,0,,1,,,,,1,Hombre,48,2304,8,Postgrado,Superior,2,,1.0,,,3,,,,,,,,,,,,,,,,,,,,,,,,,,,,,,,,,9,2,3,1.0,1.0
22815,1,1,1,1,1.0,0,,,,,2,Mujer,28,784,8,Postgrado,Superior,2,,,,,3,,,,,,,,,,,,,,,,,,,,,,,,,,,,,,,,,5,6,0,1.0,2.0
22822,1,1,1,0,,1,,,,,1,Hombre,33,1089,5,Media,Media,2,,1.0,,,3,,,,,,,,,,,,,,,,,,,,,,,,,,,,,,,,,9,3,3,1.0,1.0
22833,1,1,1,1,1.0,0,,,1.0,4000.0,1,Hombre,36,1296,5,Media,Media,1,,,,,3,3.0,2.0,,1.0,CUATRO MIL PESOS,,,,1.0,,,,,,1.0,1.0,,2.0,2.0,2.0,2.0,2.0,2.0,2.0,2.0,2.0,2.0,2.0,2.0,2.0,2.0,2.0,9,2,1,1.0,1.0
22836,2,1,2,1,1.0,0,,,,,1,Hombre,21,441,5,Media,Media,2,,,,,3,,,,,,,,,,,,,,,,,,,,,,,,,,,,,,,,,9,6,0,1.0,1.0
22861,3,1,3,0,,1,,,,,1,Hombre,38,1444,6,Tecnica/tecnologica,Superior,2,,1.0,,,3,,,,,,,,,,,,,,,,,,,,,,,,,,,,,,,,,9,6,0,1.0,1.0
22882,2,1,2,1,1.0,0,,,,,2,Mujer,31,961,5,Media,Media,2,,,,,3,,,,,,,,,,,,,,,,,,,,,,,,,,,,,,,,,9,3,2,1.0,2.0
22887,1,1,1,0,,1,,,,,1,Hombre,59,3481,6,Tecnica/tecnologica,Superior,2,,1.0,,,3,,,,,,,,,,,,,,,,,,,,,,,,,,,,,,,,,5,3,2,1.0,1.0
22890,1,1,1,1,1.0,0,,,,,2,Mujer,54,2916,3,Basica primaria,Baja,2,,,,,3,,,,,,,,,,,,,,,,,,,,,,,,,,,,,,,,,9,5,3,1.0,2.0
22896,1,1,1,0,,1,,,,,1,Hombre,32,1024,5,Media,Media,2,,1.0,,,3,,,,,,,,,,,,,,,,,,,,,,,,,,,,,,,,,9,2,9,1.0,1.0
22902,3,1,3,1,1.0,0,,,,,1,Hombre,18,324,7,Universitaria,Superior,2,,1.0,,,3,,,,,,,,,,,,,,,,,,,,,,,,,,,,,,,,,9,6,0,1.0,1.0
22910,2,1,2,1,1.0,0,,,,,2,Mujer,25,625,7,Universitaria,Superior,2,,,,,3,,,,,,,,,,,,,,,,,,,,,,,,,,,,,,,,,9,2,0,1.0,2.0
22926,1,1,1,1,1.0,0,30000.0,10.308952660644293,30.0,500.0,2,Mujer,24,576,5,Media,Media,1,,,,,3,5.0,1.0,99.0,1.0,QUINIENTOS PESOS,,,,,,,,1.0,,2.0,,,2.0,2.0,2.0,2.0,2.0,2.0,2.0,2.0,2.0,2.0,2.0,2.0,2.0,2.0,2.0,5,2,2,1.0,2.0
22932,4,1,4,1,1.0,0,15000.0,9.615805480084347,30.0,2000.0,1,Hombre,24,576,5,Media,Media,1,,1.0,1.0,,3,5.0,1.0,30.0,1.0,DOS MIL,,,1.0,,,,,,,2.0,,,2.0,2.0,2.0,2.0,2.0,2.0,2.0,2.0,2.0,2.0,2.0,1.0,2.0,2.0,1.0,9,6,0,1.0,1.0
22945,1,1,1,0,,1,,,,,2,Mujer,56,3136,4,Basica secundaria,Media,2,,1.0,,,3,,,,,,,,,,,,,,,,,,,,,,,,,,,,,,,,,9,5,3,1.0,2.0
22946,2,1,2,0,,1,,,,,2,Mujer,47,2209,6,Tecnica/tecnologica,Superior,2,,1.0,,,3,,,,,,,,,,,,,,,,,,,,,,,,,,,,,,,,,9,3,2,1.0,2.0
22961,3,1,3,1,1.0,0,60000.0,11.002099841204238,90.0,3000.0,1,Hombre,24,576,5,Media,Media,1,,,,,3,5.0,1.0,30.0,1.0,TRES MIL PESOS,,,1.0,,,,,,,2.0,,,2.0,2.0,2.0,2.0,2.0,2.0,2.0,1.0,1.0,1.0,1.0,2.0,2.0,1.0,1.0,5,6,0,1.0,1.0
22963,1,1,1,1,1.0,0,,,,,2,Mujer,28,784,5,Media,Media,2,,1.0,,,3,,,,,,,,,,,,,,,,,,,,,,,,,,,,,,,,,9,6,0,1.0,3.0
22976,3,1,3,1,1.0,0,300000.0,12.611537753638338,1.0,8000.0,1,Hombre,24,576,4,Basica secundaria,Media,1,,1.0,1.0,,1,5.0,1.0,30.0,1.0,ocho mil,,,,1.0,,,,,,2.0,,,2.0,2.0,2.0,2.0,2.0,2.0,2.0,2.0,1.0,1.0,2.0,1.0,2.0,2.0,2.0,9,6,0,1.0,1.0
22979,1,1,1,0,,1,,,,,1,Hombre,64,4096,3,Basica primaria,Baja,2,,1.0,,,3,,,,,,,,,,,,,,,,,,,,,,,,,,,,,,,,,9,5,2,1.0,1.0
22980,1,1,1,0,,1,,,,,1,Hombre,28,784,5,Media,Media,2,,1.0,,,3,,,,,,,,,,,,,,,,,,,,,,,,,,,,,,,,,9,2,1,1.0,1.0
22993,3,1,3,1,1.0,0,,,1.0,,1,Hombre,36,1296,6,Tecnica/tecnologica,Superior,1,1.0,1.0,,,3,2.0,2.0,,2.0,,,,,1.0,,,,,,1.0,,,2.0,2.0,2.0,2.0,2.0,2.0,2.0,2.0,2.0,2.0,2.0,2.0,2.0,2.0,2.0,9,6,2,1.0,1.0
23003,2,1,2,0,,1,,,,,2,Mujer,20,400,5,Media,Media,2,,1.0,,,3,,,,,,,,,,,,,,,,,,,,,,,,,,,,,,,,,9,2,0,1.0,2.0
23004,2,1,2,0,,1,,,,,2,Mujer,25,625,4,Basica secundaria,Media,2,,1.0,,,3,,,,,,,,,,,,,,,,,,,,,,,,,,,,,,,,,9,6,1,1.0,2.0
23019,1,1,1,0,,1,,,,,1,Hombre,65,4225,5,Media,Media,2,,1.0,,,3,,,,,,,,,,,,,,,,,,,,,,,,,,,,,,,,,9,3,2,1.0,1.0
23027,3,1,3,0,,1,,,,,1,Hombre,22,484,7,Universitaria,Superior,2,,1.0,,,3,,,,,,,,,,,,,,,,,,,,,,,,,,,,,,,,,9,6,0,1.0,1.0
23037,4,1,4,0,,1,,,,,1,Hombre,28,784,4,Basica secundaria,Media,2,,,1.0,,3,,,,,,,,,,,,,,,,,,,,,,,,,,,,,,,,,9,6,1,1.0,1.0
23052,5,1,5,1,1.0,0,,,,,2,Mujer,24,576,4,Basica secundaria,Media,2,,1.0,,,3,,,,,,,,,,,,,,,,,,,,,,,,,,,,,,,,,9,5,1,1.0,2.0
23073,3,1,3,0,,1,,,,,2,Mujer,22,484,7,Universitaria,Superior,2,,1.0,,,3,,,,,,,,,,,,,,,,,,,,,,,,,,,,,,,,,9,6,0,1.0,2.0
23084,1,1,1,0,,1,20000.0,9.903487552536127,12.0,2000.0,2,Mujer,26,676,6,Tecnica/tecnologica,Superior,1,1.0,1.0,,,3,4.0,1.0,15.0,1.0,DOS MIL PESOS,,,,1.0,,,,,,1.0,,,2.0,2.0,2.0,2.0,2.0,1.0,2.0,2.0,1.0,1.0,2.0,2.0,2.0,2.0,1.0,9,2,0,1.0,2.0
23088,1,1,1,0,,1,,,,,1,Hombre,31,961,4,Basica secundaria,Media,2,,1.0,,,3,,,,,,,,,,,,,,,,,,,,,,,,,,,,,,,,,9,2,1,1.0,1.0
23102,7,1,7,0,,1,,,,,1,Hombre,45,2025,3,Basica primaria,Baja,2,,1.0,,,3,,,,,,,,,,,,,,,,,,,,,,,,,,,,,,,,,9,6,1,1.0,1.0
23125,2,1,2,0,,1,,,,,1,Hombre,57,3249,7,Universitaria,Superior,2,,1.0,,,3,,,,,,,,,,,,,,,,,,,,,,,,,,,,,,,,,9,5,0,1.0,1.0
23143,1,1,1,1,1.0,0,,,,,1,Hombre,50,2500,3,Basica primaria,Baja,2,,,,,3,,,,,,,,,,,,,,,,,,,,,,,,,,,,,,,,,9,5,0,1.0,1.0
23144,1,1,1,0,,1,,,,,1,Hombre,39,1521,6,Tecnica/tecnologica,Superior,2,,1.0,,,3,,,,,,,,,,,,,,,,,,,,,,,,,,,,,,,,,9,2,1,1.0,1.0
23151,2,1,2,0,,1,,,1.0,3000.0,1,Hombre,22,484,6,Tecnica/tecnologica,Superior,1,,1.0,,,2,3.0,2.0,,1.0,TRES MIL PESOS,,,,1.0,,,,,,2.0,,,2.0,2.0,2.0,2.0,2.0,2.0,2.0,2.0,2.0,2.0,2.0,2.0,2.0,2.0,2.0,1,6,0,1.0,1.0
23174,1,1,1,0,,1,,,,,1,Hombre,64,4096,1,Ninguno,Baja,2,,1.0,,,3,,,,,,,,,,,,,,,,,,,,,,,,,,,,,,,,,5,2,2,1.0,1.0
23193,4,1,4,1,1.0,0,,,,,1,Hombre,16,256,5,Media,Media,2,,,,,3,,,,,,,,,,,,,,,,,,,,,,,,,,,,,,,,,9,6,0,,
23200,1,1,1,0,,1,,,,,2,Mujer,64,4096,3,Basica primaria,Baja,2,,1.0,,,3,,,,,,,,,,,,,,,,,,,,,,,,,,,,,,,,,9,4,4,1.0,2.0
23206,1,1,1,0,,1,,,,,2,Mujer,52,2704,7,Universitaria,Superior,2,,,,1.0,3,,,,,,,,,,,,,,,,,,,,,,,,,,,,,,,,,9,5,2,1.0,2.0
23212,1,1,1,1,1.0,0,,,,,1,Hombre,23,529,6,Tecnica/tecnologica,Superior,2,,,,,3,,,,,,,,,,,,,,,,,,,,,,,,,,,,,,,,,9,2,1,1.0,1.0
23215,5,1,5,1,1.0,0,,,1.0,3000.0,1,Hombre,20,400,6,Tecnica/tecnologica,Superior,1,,,,,3,1.0,1.0,1.0,1.0,TRES MIL PESOS,,,,1.0,,,,,,2.0,,,2.0,1.0,2.0,2.0,2.0,1.0,2.0,2.0,2.0,2.0,1.0,2.0,2.0,2.0,2.0,9,6,0,3.0,1.0
23225,4,1,4,0,,1,,,1.0,,1,Hombre,25,625,6,Tecnica/tecnologica,Superior,1,,1.0,,,3,2.0,2.0,,2.0,,,,,1.0,,,,,,2.0,,,2.0,2.0,2.0,2.0,2.0,1.0,2.0,2.0,2.0,2.0,2.0,2.0,2.0,2.0,2.0,9,6,1,1.0,1.0
23229,1,1,1,1,1.0,0,,,,,1,Hombre,37,1369,6,Tecnica/tecnologica,Superior,2,,1.0,,,3,,,,,,,,,,,,,,,,,,,,,,,,,,,,,,,,,9,3,0,1.0,1.0
23247,2,1,2,0,,1,,,,,2,Mujer,40,1600,6,Tecnica/tecnologica,Superior,2,,1.0,,,3,,,,,,,,,,,,,,,,,,,,,,,,,,,,,,,,,5,2,1,1.0,2.0
23251,2,1,2,0,,1,,,,,2,Mujer,25,625,5,Media,Media,2,,1.0,,,3,,,,,,,,,,,,,,,,,,,,,,,,,,,,,,,,,9,6,1,1.0,2.0
23254,1,1,1,1,1.0,0,,,,,1,Hombre,21,441,5,Media,Media,2,,,,,3,,,,,,,,,,,,,,,,,,,,,,,,,,,,,,,,,9,6,0,1.0,1.0
23264,2,1,2,1,1.0,0,,,,,1,Hombre,29,841,7,Universitaria,Superior,2,,,,,3,,,,,,,,,,,,,,,,,,,,,,,,,,,,,,,,,9,6,0,1.0,1.0
23282,1,1,1,1,1.0,0,21000.0,9.95227771670556,,3000.0,2,Mujer,28,784,7,Universitaria,Superior,1,1.0,,,,3,2.0,1.0,7.0,1.0,TRES MIL PESOS,,,,,1.0,,,,,1.0,,,2.0,2.0,2.0,2.0,2.0,2.0,2.0,2.0,2.0,2.0,2.0,2.0,2.0,2.0,2.0,9,6,0,1.0,2.0
23285,2,1,2,1,1.0,0,,,,,1,Hombre,23,529,5,Media,Media,2,,,,,3,,,,,,,,,,,,,,,,,,,,,,,,,,,,,,,,,5,2,1,1.0,1.0
23305,1,1,1,0,,1,,,,,1,Hombre,41,1681,5,Media,Media,2,,1.0,,,3,,,,,,,,,,,,,,,,,,,,,,,,,,,,,,,,,9,3,2,1.0,1.0
23316,4,1,4,1,1.0,0,,,,,1,Hombre,21,441,5,Media,Media,2,,,,,3,,,,,,,,,,,,,,,,,,,,,,,,,,,,,,,,,5,1,0,1.0,1.0
23317,1,1,1,0,,1,,,,,1,Hombre,20,400,5,Media,Media,2,,1.0,,,3,,,,,,,,,,,,,,,,,,,,,,,,,,,,,,,,,9,1,1,1.0,1.0
23333,1,1,1,1,1.0,0,,,,,1,Hombre,36,1296,3,Basica primaria,Baja,2,,,,,3,,,,,,,,,,,,,,,,,,,,,,,,,,,,,,,,,9,2,3,1.0,1.0
23351,1,1,1,1,1.0,0,,,,,1,Hombre,29,841,5,Media,Media,2,,1.0,,,3,,,,,,,,,,,,,,,,,,,,,,,,,,,,,,,,,9,6,0,1.0,1.0
23368,1,1,1,0,,1,,,,,2,Mujer,60,3600,5,Media,Media,2,,1.0,,,3,,,,,,,,,,,,,,,,,,,,,,,,,,,,,,,,,9,5,2,1.0,2.0
23371,2,1,2,0,,1,,,1.0,2000.0,1,Hombre,32,1024,5,Media,Media,1,,1.0,,,3,2.0,2.0,,1.0,DOS MIL PESOS,,,,1.0,,,,,,2.0,,,2.0,2.0,2.0,2.0,2.0,2.0,2.0,2.0,2.0,2.0,2.0,2.0,2.0,2.0,2.0,9,6,1,1.0,1.0
23380,1,1,1,0,,1,,,,,2,Mujer,57,3249,4,Basica secundaria,Media,2,,1.0,,,3,,,,,,,,,,,,,,,,,,,,,,,,,,,,,,,,,9,5,2,1.0,2.0
23381,2,1,2,0,,1,,,,,1,Hombre,54,2916,4,Basica secundaria,Media,2,,1.0,,,3,,,,,,,,,,,,,,,,,,,,,,,,,,,,,,,,,9,6,0,1.0,1.0
23390,2,1,2,0,,1,,,,,2,Mujer,47,2209,7,Universitaria,Superior,2,,1.0,,,3,,,,,,,,,,,,,,,,,,,,,,,,,,,,,,,,,9,5,0,1.0,2.0
23392,1,1,1,1,1.0,0,,,,,1,Hombre,37,1369,7,Universitaria,Superior,2,,,,,3,,,,,,,,,,,,,,,,,,,,,,,,,,,,,,,,,5,2,1,1.0,1.0
23432,2,1,2,1,1.0,0,,,,,2,Mujer,28,784,5,Media,Media,2,,1.0,1.0,,3,,,,,,,,,,,,,,,,,,,,,,,,,,,,,,,,,9,2,1,1.0,2.0
23437,2,1,2,1,1.0,0,3000.0,8.006367567650246,1.0,5000.0,2,Mujer,29,841,5,Media,Media,1,,,,,3,3.0,1.0,2.0,1.0,CINCO MIL PESOS,,,,1.0,,,,,,2.0,,,2.0,1.0,2.0,2.0,2.0,2.0,2.0,2.0,1.0,2.0,1.0,1.0,2.0,2.0,2.0,9,3,2,1.0,2.0
23448,3,1,3,1,1.0,0,,,,,2,Mujer,16,256,4,Basica secundaria,Media,2,,,,,3,,,,,,,,,,,,,,,,,,,,,,,,,,,,,,,,,9,6,0,,
23466,1,1,1,1,1.0,0,,,,,1,Hombre,24,576,6,Tecnica/tecnologica,Superior,2,,,,,3,,,,,,,,,,,,,,,,,,,,,,,,,,,,,,,,,9,6,0,1.0,1.0
23469,3,1,3,0,,1,,,,,1,Hombre,26,676,6,Tecnica/tecnologica,Superior,2,,1.0,,,3,,,,,,,,,,,,,,,,,,,,,,,,,,,,,,,,,9,6,0,1.0,1.0
23475,1,1,1,1,1.0,0,40000.0,10.596634733096073,18.0,3000.0,1,Hombre,29,841,5,Media,Media,1,,,,,3,5.0,1.0,23.0,1.0,TRES MIL PESOS,,,,1.0,,,,,,2.0,,,2.0,2.0,1.0,1.0,1.0,2.0,2.0,1.0,2.0,1.0,1.0,1.0,1.0,1.0,1.0,9,2,3,1.0,1.0
23479,1,1,1,1,1.0,0,,,,,2,Mujer,60,3600,3,Basica primaria,Baja,2,,,,,3,,,,,,,,,,,,,,,,,,,,,,,,,,,,,,,,,9,5,3,1.0,2.0
23488,2,1,2,1,1.0,0,,,6.0,5000.0,2,Mujer,23,529,6,Tecnica/tecnologica,Superior,1,1.0,1.0,,,2,2.0,2.0,,1.0,CINCO MIL PESOS,,,,1.0,,,,,,1.0,,,2.0,2.0,2.0,2.0,2.0,2.0,1.0,2.0,2.0,2.0,2.0,1.0,2.0,2.0,1.0,9,2,1,1.0,2.0
23530,3,1,3,1,1.0,0,,,,,1,Hombre,22,484,7,Universitaria,Superior,2,,,,,3,,,,,,,,,,,,,,,,,,,,,,,,,,,,,,,,,9,6,0,1.0,1.0
23561,1,1,1,0,,1,,,,,2,Mujer,44,1936,6,Tecnica/tecnologica,Superior,2,,1.0,,,3,,,,,,,,,,,,,,,,,,,,,,,,,,,,,,,,,9,6,1,1.0,2.0
23562,2,1,2,1,1.0,0,,,,,1,Hombre,20,400,5,Media,Media,2,,,,,3,,,,,,,,,,,,,,,,,,,,,,,,,,,,,,,,,9,6,0,1.0,1.0
23564,1,1,1,0,,1,,,,,1,Hombre,37,1369,5,Media,Media,2,,1.0,,,3,,,,,,,,,,,,,,,,,,,,,,,,,,,,,,,,,9,2,0,2.0,1.0
23565,1,1,1,1,1.0,0,,,,,1,Hombre,26,676,6,Tecnica/tecnologica,Superior,2,,1.0,,,3,,,,,,,,,,,,,,,,,,,,,,,,,,,,,,,,,5,2,0,1.0,1.0
23592,5,1,5,1,1.0,0,,,,,1,Hombre,33,1089,6,Tecnica/tecnologica,Superior,2,,,,,3,,,,,,,,,,,,,,,,,,,,,,,,,,,,,,,,,9,6,0,1.0,1.0
23597,1,1,1,0,,1,,,,,1,Hombre,65,4225,3,Basica primaria,Baja,2,,,,1.0,3,,,,,,,,,,,,,,,,,,,,,,,,,,,,,,,,,9,3,7,1.0,1.0
23602,1,1,1,0,,1,,,,,1,Hombre,36,1296,5,Media,Media,2,,1.0,,,3,,,,,,,,,,,,,,,,,,,,,,,,,,,,,,,,,5,1,4,1.0,1.0
23604,3,1,3,1,1.0,0,15000.0,9.615805480084347,30.0,1000.0,1,Hombre,20,400,5,Media,Media,1,,,,,3,5.0,1.0,30.0,1.0,MIL PESOS,,,1.0,,,,,,,2.0,,,1.0,1.0,2.0,2.0,2.0,2.0,2.0,2.0,2.0,2.0,2.0,2.0,2.0,1.0,1.0,9,6,0,1.0,1.0
23688,3,1,3,1,1.0,0,40000.0,10.596634733096073,20.0,2000.0,1,Hombre,28,784,4,Basica secundaria,Media,1,,,,,3,4.0,1.0,20.0,1.0,DOS MIL PESOS,,,1.0,1.0,,,,,,2.0,,,2.0,2.0,1.0,1.0,1.0,1.0,1.0,1.0,2.0,2.0,1.0,2.0,2.0,2.0,1.0,9,6,0,1.0,1.0
23698,2,1,2,1,1.0,0,,,,,1,Hombre,24,576,5,Media,Media,2,,,,,3,,,,,,,,,,,,,,,,,,,,,,,,,,,,,,,,,9,6,0,1.0,1.0
23721,5,1,5,0,,1,,,,,1,Hombre,22,484,6,Tecnica/tecnologica,Superior,2,,1.0,,,3,,,,,,,,,,,,,,,,,,,,,,,,,,,,,,,,,9,6,0,1.0,1.0
23739,2,1,2,1,1.0,0,,,,,2,Mujer,51,2601,5,Media,Media,2,,,,,3,,,,,,,,,,,,,,,,,,,,,,,,,,,,,,,,,9,2,2,1.0,2.0
23751,1,1,1,0,,1,,,,,1,Hombre,43,1849,7,Universitaria,Superior,2,,,,1.0,3,,,,,,,,,,,,,,,,,,,,,,,,,,,,,,,,,9,3,1,1.0,1.0
23805,3,1,3,0,,1,,,,,2,Mujer,20,400,5,Media,Media,2,,1.0,,,3,,,,,,,,,,,,,,,,,,,,,,,,,,,,,,,,,9,6,1,1.0,2.0
23845,1,1,1,0,,1,,,1.0,4000.0,1,Hombre,22,484,7,Universitaria,Superior,1,,1.0,,,3,2.0,2.0,,1.0,CUATRO MIL PESOS M L CTE,,,,1.0,,,,,,2.0,,,2.0,2.0,2.0,2.0,2.0,2.0,2.0,2.0,2.0,2.0,1.0,2.0,2.0,2.0,2.0,9,6,0,1.0,1.0
23848,3,1,3,1,1.0,0,,,,,2,Mujer,18,324,5,Media,Media,2,,,,,3,,,,,,,,,,,,,,,,,,,,,,,,,,,,,,,,,9,6,0,3.0,2.0
23898,1,1,1,0,,1,,,1.0,,1,Hombre,48,2304,5,Media,Media,1,1.0,,1.0,,3,1.0,2.0,,2.0,,,,,1.0,,,,,,1.0,,,2.0,2.0,2.0,2.0,2.0,2.0,2.0,2.0,2.0,2.0,2.0,2.0,2.0,2.0,2.0,9,2,1,1.0,1.0
23901,1,1,1,0,,1,10000.0,9.210340371976184,1.0,10000.0,2,Mujer,18,324,7,Universitaria,Superior,1,1.0,1.0,,,3,2.0,1.0,1.0,1.0,DIEZ MIL PESOS,,,,1.0,,,,,,1.0,,,2.0,2.0,2.0,2.0,2.0,2.0,2.0,2.0,2.0,2.0,2.0,2.0,2.0,2.0,2.0,9,6,0,1.0,2.0
23953,1,1,1,0,,1,,,,,1,Hombre,30,900,6,Tecnica/tecnologica,Superior,2,,1.0,,,3,,,,,,,,,,,,,,,,,,,,,,,,,,,,,,,,,9,6,0,1.0,1.0
23969,1,1,1,1,1.0,0,,,10.0,,2,Mujer,41,1681,5,Media,Media,1,,,,,3,1.0,2.0,,2.0,,,,,1.0,,,,,,2.0,,,2.0,2.0,2.0,2.0,2.0,2.0,2.0,2.0,2.0,2.0,2.0,2.0,2.0,2.0,2.0,9,6,3,1.0,2.0
23982,1,1,1,1,1.0,0,30000.0,10.308952660644293,20.0,2000.0,1,Hombre,16,256,3,Basica primaria,Baja,1,,,,,3,5.0,1.0,30.0,1.0,DOS MIL PESOS,,,,,,,1.0,,,2.0,,,2.0,2.0,2.0,2.0,2.0,1.0,1.0,2.0,2.0,2.0,2.0,2.0,2.0,1.0,1.0,9,1,1,,
24001,2,1,2,0,,1,,,,,1,Hombre,37,1369,4,Basica secundaria,Media,2,,1.0,,,3,,,,,,,,,,,,,,,,,,,,,,,,,,,,,,,,,9,5,1,1.0,1.0
24002,2,1,2,0,,1,,,,,2,Mujer,33,1089,5,Media,Media,2,,1.0,,,3,,,,,,,,,,,,,,,,,,,,,,,,,,,,,,,,,9,2,2,1.0,2.0
24011,1,1,1,1,1.0,0,,,,,2,Mujer,29,841,5,Media,Media,2,,,,,3,,,,,,,,,,,,,,,,,,,,,,,,,,,,,,,,,9,2,0,1.0,2.0
24023,2,1,2,0,,1,,,28.0,1500.0,2,Mujer,52,2704,5,Media,Media,1,,1.0,,,1,5.0,1.0,28.0,1.0,MIL QUINIENTOS PESOS,,,,1.0,,,,,,2.0,,,2.0,2.0,2.0,2.0,2.0,2.0,2.0,2.0,2.0,2.0,2.0,2.0,2.0,2.0,1.0,9,6,1,1.0,2.0
24036,2,1,2,1,1.0,0,,,,,1,Hombre,33,1089,7,Universitaria,Superior,2,,1.0,,,3,,,,,,,,,,,,,,,,,,,,,,,,,,,,,,,,,9,6,0,1.0,1.0
24037,1,1,1,0,,1,,,,,1,Hombre,57,3249,4,Basica secundaria,Media,2,,1.0,,,3,,,,,,,,,,,,,,,,,,,,,,,,,,,,,,,,,9,2,3,1.0,1.0
24040,3,1,3,0,,1,,,,,1,Hombre,33,1089,7,Universitaria,Superior,2,,1.0,,,3,,,,,,,,,,,,,,,,,,,,,,,,,,,,,,,,,9,6,0,1.0,1.0
24044,1,1,1,1,1.0,0,,,,,1,Hombre,55,3025,3,Basica primaria,Baja,2,,,,,3,,,,,,,,,,,,,,,,,,,,,,,,,,,,,,,,,5,5,3,1.0,1.0
24059,2,1,2,0,,1,,,,,2,Mujer,27,729,5,Media,Media,2,,1.0,,,3,,,,,,,,,,,,,,,,,,,,,,,,,,,,,,,,,9,2,1,1.0,2.0
24062,2,1,2,0,,1,,,,,1,Hombre,40,1600,8,Postgrado,Superior,2,,1.0,,,3,,,,,,,,,,,,,,,,,,,,,,,,,,,,,,,,,9,3,2,1.0,1.0
24074,1,1,1,0,,1,,,,,2,Mujer,36,1296,5,Media,Media,2,,1.0,,,3,,,,,,,,,,,,,,,,,,,,,,,,,,,,,,,,,9,3,2,1.0,2.0
24076,1,1,1,1,1.0,0,12000.0,9.392661928770137,3.0,4000.0,1,Hombre,59,3481,6,Tecnica/tecnologica,Superior,1,1.0,1.0,,,3,2.0,1.0,3.0,1.0,CUATRO MIL PESOS,,,,,,1.0,,,,1.0,,,2.0,2.0,2.0,2.0,2.0,2.0,2.0,2.0,2.0,2.0,2.0,2.0,2.0,2.0,2.0,9,5,1,1.0,1.0
24111,1,1,1,0,,1,,,,,1,Hombre,56,3136,6,Tecnica/tecnologica,Superior,2,,1.0,,,3,,,,,,,,,,,,,,,,,,,,,,,,,,,,,,,,,9,5,3,1.0,1.0
24178,3,1,3,1,1.0,0,40000.0,10.596634733096073,20.0,3000.0,1,Hombre,40,1600,3,Basica primaria,Baja,1,,,,,3,4.0,1.0,20.0,1.0,TRES MIL PESOS,,,1.0,,,,,,,2.0,,,2.0,2.0,2.0,2.0,2.0,2.0,2.0,2.0,2.0,2.0,2.0,2.0,2.0,2.0,2.0,9,6,1,1.0,1.0
24198,3,1,3,0,,1,,,,,2,Mujer,31,961,5,Media,Media,2,,1.0,,,3,,,,,,,,,,,,,,,,,,,,,,,,,,,,,,,,,9,6,0,1.0,2.0
24199,2,1,2,1,1.0,0,,,,,1,Hombre,28,784,7,Universitaria,Superior,2,,,,,3,,,,,,,,,,,,,,,,,,,,,,,,,,,,,,,,,9,6,1,1.0,1.0
24204,2,1,2,0,,1,,,,,2,Mujer,32,1024,8,Postgrado,Superior,2,,1.0,,,3,,,,,,,,,,,,,,,,,,,,,,,,,,,,,,,,,9,3,0,1.0,2.0
24210,3,1,3,1,1.0,0,,,30.0,1000.0,2,Mujer,18,324,7,Universitaria,Superior,1,1.0,1.0,1.0,,3,2.0,2.0,,1.0,MIL PESOS,,,,,,1.0,,,,1.0,,,1.0,1.0,1.0,2.0,2.0,1.0,1.0,2.0,2.0,2.0,1.0,1.0,1.0,2.0,2.0,9,6,0,2.0,2.0
24211,1,1,1,1,1.0,0,20000.0,9.903487552536127,10.0,2000.0,2,Mujer,23,529,7,Universitaria,Superior,1,1.0,,,,3,4.0,1.0,30.0,1.0,DOS MIL PESOS,,,,1.0,,,,,,1.0,1.0,,2.0,2.0,2.0,2.0,2.0,2.0,1.0,2.0,1.0,2.0,2.0,2.0,2.0,2.0,1.0,9,6,0,1.0,2.0
24224,1,1,1,0,,1,,,,,1,Hombre,31,961,8,Postgrado,Superior,2,,1.0,,,3,,,,,,,,,,,,,,,,,,,,,,,,,,,,,,,,,9,6,0,1.0,1.0
24268,2,1,2,1,1.0,0,,,,,2,Mujer,31,961,8,Postgrado,Superior,2,,1.0,1.0,,3,,,,,,,,,,,,,,,,,,,,,,,,,,,,,,,,,9,3,1,1.0,2.0
24273,4,1,4,0,,1,,,1.0,3000.0,1,Hombre,17,289,7,Universitaria,Superior,1,,1.0,,,2,1.0,2.0,,1.0,TRES MIL PESOS,,,,1.0,,,,,,2.0,,,2.0,2.0,2.0,2.0,2.0,2.0,2.0,2.0,2.0,2.0,2.0,2.0,2.0,2.0,2.0,9,6,0,,
24314,1,1,1,1,1.0,0,,,,,2,Mujer,30,900,3,Basica primaria,Baja,2,,,,,3,,,,,,,,,,,,,,,,,,,,,,,,,,,,,,,,,9,2,1,1.0,2.0
24326,1,1,1,0,,1,,,2.0,2000.0,1,Hombre,65,4225,7,Universitaria,Superior,1,,1.0,,,3,2.0,2.0,,1.0,Dos mil pesos,,,1.0,,,,,,,2.0,,,2.0,2.0,2.0,2.0,2.0,2.0,2.0,2.0,2.0,2.0,2.0,2.0,2.0,2.0,2.0,9,6,0,1.0,1.0
24331,1,1,1,0,,1,,,,,1,Hombre,49,2401,5,Media,Media,2,,1.0,,,3,,,,,,,,,,,,,,,,,,,,,,,,,,,,,,,,,5,5,2,1.0,1.0
24336,1,1,1,0,,1,,,,,1,Hombre,32,1024,6,Tecnica/tecnologica,Superior,2,,1.0,,,3,,,,,,,,,,,,,,,,,,,,,,,,,,,,,,,,,9,6,0,1.0,1.0
24337,1,1,1,1,1.0,0,,,,,1,Hombre,21,441,7,Universitaria,Superior,2,,,,,3,,,,,,,,,,,,,,,,,,,,,,,,,,,,,,,,,9,6,0,1.0,1.0
24342,1,1,1,0,,1,,,,,1,Hombre,28,784,7,Universitaria,Superior,2,,1.0,,,3,,,,,,,,,,,,,,,,,,,,,,,,,,,,,,,,,9,6,0,1.0,1.0
24353,1,1,1,1,1.0,0,,,,,2,Mujer,46,2116,7,Universitaria,Superior,2,,,,,3,,,,,,,,,,,,,,,,,,,,,,,,,,,,,,,,,9,2,2,1.0,2.0
24389,1,1,1,0,,1,30000.0,10.308952660644293,30.0,1000.0,1,Hombre,27,729,4,Basica secundaria,Media,1,,1.0,,,3,9.0,1.0,30.0,1.0,MIL PESOS,,,,,,,,,1.0,2.0,,,2.0,1.0,2.0,2.0,2.0,2.0,2.0,1.0,2.0,2.0,1.0,2.0,1.0,2.0,1.0,9,2,1,1.0,1.0
24390,2,1,2,1,1.0,0,,,,,2,Mujer,14,196,4,Basica secundaria,Media,2,,,,,3,,,,,,,,,,,,,,,,,,,,,,,,,,,,,,,,,9,6,0,,
24423,2,1,2,0,,1,,,,,1,Hombre,47,2209,6,Tecnica/tecnologica,Superior,2,,1.0,,,3,,,,,,,,,,,,,,,,,,,,,,,,,,,,,,,,,9,6,0,2.0,1.0
24431,5,1,5,1,1.0,0,,,,,1,Hombre,34,1156,1,Ninguno,Baja,2,,,,,3,,,,,,,,,,,,,,,,,,,,,,,,,,,,,,,,,5,6,0,1.0,1.0
24452,2,1,2,0,,1,,,1.0,,2,Mujer,27,729,5,Media,Media,1,,1.0,,,2,1.0,2.0,,2.0,,,,,1.0,,,,,,2.0,,,2.0,2.0,2.0,2.0,2.0,2.0,2.0,2.0,2.0,2.0,2.0,2.0,2.0,2.0,2.0,9,2,2,1.0,2.0
24455,3,1,3,1,1.0,0,,,,,2,Mujer,24,576,6,Tecnica/tecnologica,Superior,2,,1.0,,,3,,,,,,,,,,,,,,,,,,,,,,,,,,,,,,,,,9,6,0,1.0,2.0
24503,3,1,3,1,1.0,0,60000.0,11.002099841204238,100.0,5000.0,1,Hombre,15,225,3,Basica primaria,Baja,1,,,,,2,5.0,1.0,30.0,1.0,CINCO MIL,,,1.0,1.0,,,,,,2.0,,,1.0,1.0,2.0,1.0,2.0,2.0,2.0,1.0,1.0,1.0,1.0,2.0,2.0,2.0,1.0,9,6,0,,
24516,5,1,5,1,1.0,0,,,,,1,Hombre,23,529,7,Universitaria,Superior,2,,1.0,,,3,,,,,,,,,,,,,,,,,,,,,,,,,,,,,,,,,9,6,0,1.0,1.0
24528,2,1,2,1,1.0,0,,,,,1,Hombre,28,784,4,Basica secundaria,Media,2,,,,,3,,,,,,,,,,,,,,,,,,,,,,,,,,,,,,,,,5,2,1,1.0,1.0
24540,4,1,4,1,1.0,0,,,,,2,Mujer,28,784,3,Basica primaria,Baja,2,,,,,3,,,,,,,,,,,,,,,,,,,,,,,,,,,,,,,,,9,6,2,1.0,2.0
24556,1,1,1,0,,1,,,,,2,Mujer,33,1089,5,Media,Media,2,,1.0,,,3,,,,,,,,,,,,,,,,,,,,,,,,,,,,,,,,,9,5,2,1.0,2.0
24559,1,1,1,1,1.0,0,,,,,2,Mujer,24,576,5,Media,Media,2,,1.0,,,3,,,,,,,,,,,,,,,,,,,,,,,,,,,,,,,,,9,6,0,1.0,2.0
24571,2,1,2,1,1.0,0,2000.0,7.600902459542082,2.0,3000.0,2,Mujer,21,441,4,Basica secundaria,Media,1,1.0,1.0,,,3,2.0,1.0,1.0,1.0,TRES MIL PESOS,,,,1.0,,,,,,1.0,,,2.0,2.0,2.0,2.0,2.0,2.0,2.0,2.0,1.0,1.0,2.0,2.0,2.0,2.0,2.0,5,6,0,1.0,2.0
24594,2,1,2,1,1.0,0,,,,,1,Hombre,20,400,4,Basica secundaria,Media,2,,,,,3,,,,,,,,,,,,,,,,,,,,,,,,,,,,,,,,,1,6,0,1.0,1.0
24605,1,1,1,1,1.0,0,,,,,1,Hombre,36,1296,5,Media,Media,2,,,,,3,,,,,,,,,,,,,,,,,,,,,,,,,,,,,,,,,9,2,3,1.0,1.0
24631,1,1,1,1,1.0,0,60000.0,11.002099841204238,30.0,2000.0,1,Hombre,33,1089,5,Media,Media,1,,1.0,,,3,5.0,1.0,30.0,1.0,DOS MIL PESOS,,,1.0,,,,,,,2.0,,,2.0,2.0,2.0,2.0,2.0,1.0,1.0,2.0,1.0,2.0,2.0,2.0,2.0,2.0,1.0,9,1,1,1.0,1.0
24632,1,1,1,1,1.0,0,,,,,1,Hombre,30,900,3,Basica primaria,Baja,2,,,,,3,,,,,,,,,,,,,,,,,,,,,,,,,,,,,,,,,9,6,0,1.0,1.0
24689,2,1,2,0,,1,,,,,1,Hombre,61,3721,5,Media,Media,2,,1.0,,,3,,,,,,,,,,,,,,,,,,,,,,,,,,,,,,,,,9,2,1,1.0,1.0
24714,2,1,2,0,,1,,,,,2,Mujer,22,484,5,Media,Media,2,,1.0,,,3,,,,,,,,,,,,,,,,,,,,,,,,,,,,,,,,,9,6,2,1.0,2.0
24805,1,1,1,0,,1,,,,,1,Hombre,23,529,7,Universitaria,Superior,2,,1.0,,,3,,,,,,,,,,,,,,,,,,,,,,,,,,,,,,,,,9,6,0,1.0,1.0
24845,3,1,3,1,1.0,0,,,,,1,Hombre,18,324,7,Universitaria,Superior,2,,,,,2,,,,,,,,,,,,,,,,,,,,,,,,,,,,,,,,,9,6,0,1.0,1.0
24852,2,1,2,0,,1,4000.0,8.294049640102028,30.0,2000.0,1,Hombre,23,529,5,Media,Media,1,,1.0,,,3,5.0,1.0,30.0,1.0,DOS MIL PESOS,,,1.0,,,,,,,2.0,,,2.0,2.0,2.0,2.0,2.0,2.0,2.0,2.0,2.0,2.0,2.0,2.0,2.0,2.0,1.0,1,6,0,1.0,1.0
24855,2,1,2,0,,1,,,,,2,Mujer,25,625,6,Tecnica/tecnologica,Superior,2,,1.0,,,3,,,,,,,,,,,,,,,,,,,,,,,,,,,,,,,,,5,3,0,1.0,2.0
24883,1,1,1,1,1.0,0,,,,,1,Hombre,37,1369,6,Tecnica/tecnologica,Superior,2,,,,,3,,,,,,,,,,,,,,,,,,,,,,,,,,,,,,,,,9,5,2,1.0,1.0
24885,4,1,4,0,,1,,,1.0,1000.0,1,Hombre,19,361,5,Media,Media,1,1.0,,,1.0,3,2.0,2.0,,1.0,MIL PESOS,,1.0,,1.0,,1.0,,,,1.0,,,2.0,2.0,2.0,1.0,2.0,1.0,1.0,2.0,1.0,2.0,2.0,2.0,2.0,2.0,2.0,9,6,0,2.0,1.0
24900,1,1,1,0,,1,20000.0,9.903487552536127,5.0,1500.0,1,Hombre,28,784,5,Media,Media,1,,1.0,,,3,2.0,1.0,5.0,1.0,MIL QUINIENTOS PESOS,,,,1.0,,,,,,2.0,,,2.0,2.0,2.0,2.0,2.0,2.0,2.0,2.0,2.0,2.0,2.0,2.0,2.0,2.0,1.0,9,2,1,1.0,1.0
24935,2,1,2,1,1.0,0,,,6.0,2000.0,1,Hombre,19,361,4,Basica secundaria,Media,1,,,,,2,2.0,2.0,,1.0,DOS MIL PESOS,1.0,,,,,,,,,2.0,,,1.0,2.0,2.0,1.0,1.0,1.0,2.0,1.0,2.0,2.0,1.0,2.0,2.0,2.0,2.0,9,6,0,1.0,1.0
24941,2,1,2,0,,1,,,,,1,Hombre,20,400,5,Media,Media,2,,1.0,1.0,,3,,,,,,,,,,,,,,,,,,,,,,,,,,,,,,,,,9,4,1,1.0,1.0
24970,1,1,1,1,1.0,0,6000.0,8.699514748210191,3.0,2000.0,1,Hombre,27,729,5,Media,Media,1,,,,,3,2.0,1.0,2.0,1.0,DOS MIL PESOS,,,,,,1.0,,,,2.0,,,2.0,2.0,2.0,2.0,2.0,2.0,2.0,2.0,2.0,2.0,2.0,2.0,2.0,2.0,2.0,9,1,3,1.0,1.0
24977,3,1,3,0,,1,,,,,2,Mujer,27,729,8,Postgrado,Superior,2,,,1.0,,3,,,,,,,,,,,,,,,,,,,,,,,,,,,,,,,,,9,6,1,1.0,2.0
25006,4,1,4,0,,1,,,2.0,,1,Hombre,24,576,7,Universitaria,Superior,1,,1.0,,,3,2.0,2.0,,2.0,,,,,1.0,,,,,,2.0,,,2.0,2.0,2.0,2.0,2.0,2.0,2.0,2.0,2.0,2.0,2.0,2.0,2.0,2.0,2.0,9,6,0,1.0,1.0
25051,1,1,1,0,,1,10000.0,9.210340371976184,10.0,,1,Hombre,29,841,5,Media,Media,1,,1.0,,,3,4.0,1.0,10.0,2.0,,,,,1.0,,,,,,2.0,,,2.0,2.0,2.0,2.0,2.0,1.0,2.0,2.0,2.0,2.0,2.0,2.0,2.0,2.0,2.0,9,1,2,1.0,1.0
25078,1,1,1,0,,1,,,,,1,Hombre,64,4096,5,Media,Media,2,,1.0,,,3,,,,,,,,,,,,,,,,,,,,,,,,,,,,,,,,,9,5,1,1.0,1.0
25088,4,1,4,1,1.0,0,20000.0,9.903487552536127,4.0,3000.0,2,Mujer,24,576,7,Universitaria,Superior,1,1.0,,,,3,3.0,1.0,2.0,1.0,TRES MIL PESOS,,,,,1.0,,,,,1.0,,,2.0,2.0,2.0,2.0,2.0,2.0,2.0,2.0,2.0,2.0,2.0,2.0,2.0,2.0,2.0,9,6,0,1.0,2.0
25111,4,1,4,0,,1,,,1.0,2000.0,1,Hombre,32,1024,5,Media,Media,1,,1.0,,,3,2.0,2.0,,1.0,DOS MIL PESOS,,,,1.0,,,,,,2.0,,,2.0,2.0,2.0,2.0,2.0,2.0,2.0,2.0,2.0,2.0,2.0,2.0,2.0,2.0,2.0,9,2,1,1.0,1.0
25141,7,1,7,0,,1,,,,,1,Hombre,42,1764,4,Basica secundaria,Media,2,,1.0,,,9,,,,,,,,,,,,,,,,,,,,,,,,,,,,,,,,,9,2,2,1.0,1.0
25152,1,1,1,0,,1,,,,,1,Hombre,40,1600,5,Media,Media,2,,1.0,,,3,,,,,,,,,,,,,,,,,,,,,,,,,,,,,,,,,9,5,4,1.0,1.0
25173,1,1,1,1,1.0,0,45000.0,10.714417768752456,30.0,1500.0,2,Mujer,30,900,7,Universitaria,Superior,1,1.0,,,,3,5.0,1.0,30.0,1.0,MIL QUINIENTOS PESOS,,,,,1.0,,,,,1.0,1.0,,2.0,2.0,1.0,2.0,2.0,1.0,2.0,2.0,1.0,1.0,2.0,2.0,2.0,2.0,1.0,9,6,0,1.0,2.0
25190,3,1,3,0,,1,,,,,1,Hombre,31,961,5,Media,Media,2,,1.0,,,3,,,,,,,,,,,,,,,,,,,,,,,,,,,,,,,,,9,6,0,1.0,1.0
25209,1,1,1,0,,1,,,,,1,Hombre,28,784,4,Basica secundaria,Media,2,,1.0,,,3,,,,,,,,,,,,,,,,,,,,,,,,,,,,,,,,,1,5,2,1.0,1.0
25238,1,1,1,0,,1,,,,,1,Hombre,54,2916,8,Postgrado,Superior,2,,1.0,,,3,,,,,,,,,,,,,,,,,,,,,,,,,,,,,,,,,1,3,3,1.0,1.0
25241,1,1,1,0,,1,,,,,2,Mujer,37,1369,5,Media,Media,2,,1.0,,,3,,,,,,,,,,,,,,,,,,,,,,,,,,,,,,,,,1,5,8,1.0,2.0
25284,1,1,1,0,,1,,,,,2,Mujer,33,1089,4,Basica secundaria,Media,2,,1.0,,,3,,,,,,,,,,,,,,,,,,,,,,,,,,,,,,,,,5,2,6,1.0,2.0
25302,1,1,1,0,,1,,,,,1,Hombre,62,3844,4,Basica secundaria,Media,2,,1.0,,,9,,,,,,,,,,,,,,,,,,,,,,,,,,,,,,,,,9,2,1,1.0,1.0
25373,1,1,1,0,,1,,,,,1,Hombre,44,1936,7,Universitaria,Superior,2,,1.0,,,3,,,,,,,,,,,,,,,,,,,,,,,,,,,,,,,,,9,3,1,1.0,1.0
25418,1,1,1,0,,1,,,,,1,Hombre,43,1849,7,Universitaria,Superior,2,,1.0,,,3,,,,,,,,,,,,,,,,,,,,,,,,,,,,,,,,,9,2,1,1.0,1.0
25423,1,1,1,0,,1,,,,,1,Hombre,36,1296,6,Tecnica/tecnologica,Superior,2,,1.0,,,3,,,,,,,,,,,,,,,,,,,,,,,,,,,,,,,,,1,2,0,1.0,2.0
25443,1,1,1,1,1.0,0,,,,,1,Hombre,27,729,7,Universitaria,Superior,2,,1.0,1.0,,3,,,,,,,,,,,,,,,,,,,,,,,,,,,,,,,,,9,6,0,1.0,1.0
25446,1,1,1,0,,1,,,,,2,Mujer,44,1936,5,Media,Media,2,,1.0,,,3,,,,,,,,,,,,,,,,,,,,,,,,,,,,,,,,,5,2,1,1.0,2.0
25449,1,1,1,0,,1,,,,,1,Hombre,27,729,5,Media,Media,2,,1.0,,,3,,,,,,,,,,,,,,,,,,,,,,,,,,,,,,,,,1,3,1,1.0,1.0
25451,1,1,1,0,,1,,,1.0,2000.0,1,Hombre,34,1156,6,Tecnica/tecnologica,Superior,1,,1.0,,,3,2.0,2.0,,1.0,DOS MIL PESOS,,,1.0,,,,,,,2.0,,,2.0,2.0,2.0,2.0,2.0,2.0,2.0,2.0,2.0,2.0,2.0,2.0,2.0,2.0,2.0,9,2,2,1.0,1.0
25458,1,1,1,0,,1,,,,,1,Hombre,40,1600,3,Basica primaria,Baja,2,,1.0,,,3,,,,,,,,,,,,,,,,,,,,,,,,,,,,,,,,,1,3,3,1.0,1.0
25461,1,1,1,0,,1,,,,,1,Hombre,65,4225,4,Basica secundaria,Media,2,,1.0,,,3,,,,,,,,,,,,,,,,,,,,,,,,,,,,,,,,,9,2,5,1.0,1.0
25463,1,1,1,1,1.0,0,,,,,1,Hombre,61,3721,3,Basica primaria,Baja,2,,1.0,1.0,,3,,,,,,,,,,,,,,,,,,,,,,,,,,,,,,,,,9,5,4,1.0,1.0
25483,1,1,1,0,,1,,,,,1,Hombre,44,1936,3,Basica primaria,Baja,2,,,,1.0,3,,,,,,,,,,,,,,,,,,,,,,,,,,,,,,,,,9,3,3,1.0,1.0
25504,1,1,1,0,,1,,,,,2,Mujer,28,784,7,Universitaria,Superior,2,,1.0,,,3,,,,,,,,,,,,,,,,,,,,,,,,,,,,,,,,,9,6,0,1.0,1.0
25552,2,1,2,1,1.0,0,,,,,1,Hombre,19,361,4,Basica secundaria,Media,2,,,,,3,,,,,,,,,,,,,,,,,,,,,,,,,,,,,,,,,9,2,1,1.0,1.0
25558,1,1,1,0,,1,,,,,1,Hombre,58,3364,7,Universitaria,Superior,2,,1.0,,,3,,,,,,,,,,,,,,,,,,,,,,,,,,,,,,,,,9,3,3,1.0,1.0
25589,5,1,5,0,,1,1000.0,6.907755278982137,1.0,1000.0,1,Hombre,27,729,7,Universitaria,Superior,1,1.0,1.0,,,3,2.0,1.0,1.0,1.0,MIL PESOS,,,,1.0,,,,,,1.0,,,2.0,2.0,2.0,2.0,2.0,2.0,2.0,2.0,2.0,2.0,2.0,2.0,2.0,2.0,2.0,9,2,0,1.0,1.0
25595,1,1,1,0,,1,,,1.0,2000.0,1,Hombre,57,3249,4,Basica secundaria,Media,1,,1.0,,,3,2.0,2.0,,1.0,DOS MIL,,,,,1.0,,,,,2.0,,,2.0,2.0,2.0,2.0,2.0,2.0,2.0,1.0,1.0,1.0,2.0,2.0,1.0,2.0,1.0,1,6,0,1.0,1.0
25636,1,1,1,1,1.0,0,,,,,1,Hombre,57,3249,4,Basica secundaria,Media,2,,,,,3,,,,,,,,,,,,,,,,,,,,,,,,,,,,,,,,,1,2,6,1.0,1.0
25699,1,1,1,1,1.0,0,,,,,1,Hombre,54,2916,6,Tecnica/tecnologica,Superior,2,,1.0,1.0,,3,,,,,,,,,,,,,,,,,,,,,,,,,,,,,,,,,9,5,3,1.0,1.0
25760,2,1,2,0,,1,,,,,2,Mujer,37,1369,8,Postgrado,Superior,2,,1.0,,,3,,,,,,,,,,,,,,,,,,,,,,,,,,,,,,,,,9,2,1,1.0,2.0
25808,1,1,1,1,1.0,0,,,,,1,Hombre,33,1089,6,Tecnica/tecnologica,Superior,2,,1.0,1.0,,3,,,,,,,,,,,,,,,,,,,,,,,,,,,,,,,,,9,3,2,1.0,1.0
25833,1,1,1,0,,1,,,,,2,Mujer,25,625,5,Media,Media,2,,1.0,,,3,,,,,,,,,,,,,,,,,,,,,,,,,,,,,,,,,9,2,0,1.0,2.0
25897,1,1,1,1,1.0,0,,,,,2,Mujer,21,441,5,Media,Media,2,,,,,3,,,,,,,,,,,,,,,,,,,,,,,,,,,,,,,,,9,6,1,1.0,2.0
25925,1,1,1,1,1.0,0,60000.0,11.002099841204238,6.0,10000.0,1,Hombre,22,484,6,Tecnica/tecnologica,Superior,1,,,,,1,4.0,1.0,6.0,1.0,DIEZ MIL PESOS,,,,1.0,1.0,,1.0,,,2.0,,,2.0,1.0,1.0,1.0,1.0,2.0,2.0,2.0,2.0,2.0,2.0,2.0,2.0,2.0,2.0,9,6,0,1.0,1.0
25942,1,1,1,1,1.0,0,,,1.0,,2,Mujer,41,1681,8,Postgrado,Superior,1,1.0,1.0,,,3,2.0,1.0,1.0,2.0,,,,,1.0,,,,,,1.0,,,2.0,2.0,2.0,2.0,2.0,1.0,2.0,2.0,2.0,2.0,2.0,2.0,2.0,2.0,2.0,9,6,0,1.0,2.0
25956,1,1,1,0,,1,30000.0,10.308952660644293,6.0,10000.0,1,Hombre,26,676,6,Tecnica/tecnologica,Superior,1,,1.0,,,3,4.0,1.0,6.0,1.0,DIEZ MIL PESOS,,,,1.0,,,1.0,,,2.0,,,2.0,1.0,1.0,2.0,1.0,2.0,2.0,2.0,2.0,2.0,2.0,2.0,2.0,2.0,1.0,1,6,0,1.0,1.0
26029,1,1,1,0,,1,,,,,1,Hombre,59,3481,5,Media,Media,2,,1.0,,,3,,,,,,,,,,,,,,,,,,,,,,,,,,,,,,,,,5,2,4,1.0,1.0
26043,1,1,1,0,,1,,,,,1,Hombre,58,3364,3,Basica primaria,Baja,2,,1.0,,,3,,,,,,,,,,,,,,,,,,,,,,,,,,,,,,,,,9,3,3,1.0,1.0
26069,1,1,1,1,1.0,0,,,1.0,2000.0,1,Hombre,30,900,3,Basica primaria,Baja,1,,1.0,,,3,1.0,2.0,,1.0,DOS MIL PESOS,,,,1.0,,,,,,2.0,,,2.0,2.0,2.0,1.0,2.0,2.0,2.0,2.0,2.0,2.0,2.0,1.0,2.0,2.0,2.0,9,2,0,1.0,1.0
26081,1,1,1,1,1.0,0,,,,,1,Hombre,32,1024,5,Media,Media,2,,1.0,,,3,,,,,,,,,,,,,,,,,,,,,,,,,,,,,,,,,9,3,1,1.0,1.0
26096,9,1,9,0,,1,,,,,1,Hombre,28,784,5,Media,Media,2,,1.0,,,3,,,,,,,,,,,,,,,,,,,,,,,,,,,,,,,,,9,2,1,1.0,1.0
26127,1,1,1,1,1.0,0,,,5.0,4000.0,1,Hombre,31,961,6,Tecnica/tecnologica,Superior,1,,,,,3,2.0,2.0,,1.0,CUATRO MIL PESOS,,,,1.0,,,,,,2.0,,,2.0,2.0,2.0,2.0,2.0,2.0,2.0,2.0,2.0,2.0,2.0,2.0,2.0,2.0,2.0,9,6,1,1.0,1.0
26130,3,1,3,0,,1,,,1.0,,1,Hombre,21,441,7,Universitaria,Superior,1,1.0,1.0,,,3,2.0,2.0,,2.0,,,,,,,1.0,,,,1.0,,,2.0,2.0,2.0,2.0,2.0,2.0,2.0,2.0,2.0,2.0,2.0,2.0,2.0,2.0,2.0,9,6,0,1.0,1.0
26143,2,1,2,1,1.0,0,,,,,2,Mujer,24,576,6,Tecnica/tecnologica,Superior,2,,,,,3,,,,,,,,,,,,,,,,,,,,,,,,,,,,,,,,,9,6,0,1.0,2.0
26147,3,1,3,1,1.0,0,,,1.0,5000.0,1,Hombre,16,256,4,Basica secundaria,Media,1,1.0,,,,3,2.0,2.0,,1.0,CINCO MIL PESOS,,,1.0,,,,,,,1.0,,,2.0,2.0,2.0,1.0,2.0,1.0,2.0,2.0,2.0,1.0,1.0,2.0,2.0,2.0,2.0,9,5,0,,
26156,3,1,3,1,1.0,0,100000.0,11.512925464970229,1.0,3000.0,1,Hombre,20,400,5,Media,Media,1,,,,,3,5.0,1.0,30.0,1.0,TRES MIL PESOS,,,1.0,,,,,,,2.0,,,2.0,2.0,2.0,2.0,2.0,2.0,2.0,2.0,2.0,2.0,2.0,2.0,2.0,2.0,2.0,9,6,0,1.0,1.0
26162,2,1,2,0,,1,20000.0,9.903487552536127,1.0,3000.0,1,Hombre,25,625,5,Media,Media,1,,1.0,,,3,5.0,1.0,30.0,1.0,TRES MIL PESOS,1.0,1.0,,1.0,1.0,,,1.0,,2.0,,,2.0,2.0,1.0,2.0,2.0,2.0,2.0,2.0,2.0,2.0,2.0,2.0,2.0,2.0,2.0,9,2,1,1.0,1.0
26171,3,1,3,1,1.0,0,,,,,2,Mujer,14,196,4,Basica secundaria,Media,2,,,,,3,,,,,,,,,,,,,,,,,,,,,,,,,,,,,,,,,9,6,0,,
26208,4,1,4,0,,1,,,,,1,Hombre,18,324,5,Media,Media,2,,1.0,,,3,,,,,,,,,,,,,,,,,,,,,,,,,,,,,,,,,9,6,0,1.0,1.0
26218,2,1,2,0,,1,,,,,2,Mujer,20,400,5,Media,Media,2,,1.0,,,3,,,,,,,,,,,,,,,,,,,,,,,,,,,,,,,,,9,1,1,1.0,2.0
26220,2,1,2,1,1.0,0,,,,,2,Mujer,26,676,4,Basica secundaria,Media,2,,,,,3,,,,,,,,,,,,,,,,,,,,,,,,,,,,,,,,,5,2,3,1.0,2.0
26239,1,1,1,1,1.0,0,,,,,1,Hombre,39,1521,7,Universitaria,Superior,2,,1.0,,,3,,,,,,,,,,,,,,,,,,,,,,,,,,,,,,,,,9,3,1,1.0,1.0
26250,2,1,2,0,,1,,,5.0,2000.0,2,Mujer,33,1089,5,Media,Media,1,,1.0,,,3,9.0,9.0,,1.0,DOS MIL PESOS,,,1.0,,,1.0,,,,2.0,,,2.0,2.0,2.0,2.0,2.0,2.0,2.0,2.0,2.0,2.0,2.0,2.0,2.0,2.0,2.0,9,2,2,1.0,1.0
26251,2,1,2,0,,1,,,,,1,Hombre,20,400,7,Universitaria,Superior,2,,1.0,,,3,,,,,,,,,,,,,,,,,,,,,,,,,,,,,,,,,9,6,0,1.0,1.0
26268,2,1,2,0,,1,,,,,2,Mujer,37,1369,7,Universitaria,Superior,2,,1.0,,,3,,,,,,,,,,,,,,,,,,,,,,,,,,,,,,,,,1,6,3,1.0,2.0
26294,3,1,3,1,1.0,0,,,,,1,Hombre,25,625,7,Universitaria,Superior,2,,,,,3,,,,,,,,,,,,,,,,,,,,,,,,,,,,,,,,,9,6,1,1.0,1.0
26311,1,1,1,1,1.0,0,1000.0,6.907755278982137,1.0,,1,Hombre,24,576,7,Universitaria,Superior,1,,1.0,,,3,1.0,1.0,1.0,2.0,,,,,1.0,,,,,,2.0,,,2.0,2.0,2.0,2.0,2.0,2.0,2.0,2.0,2.0,2.0,2.0,2.0,2.0,2.0,2.0,1,6,0,1.0,1.0
26324,1,1,1,0,,1,,,,,2,Mujer,31,961,6,Tecnica/tecnologica,Superior,2,,1.0,,,3,,,,,,,,,,,,,,,,,,,,,,,,,,,,,,,,,9,5,3,1.0,2.0
26327,3,1,3,1,1.0,0,,,,,1,Hombre,18,324,4,Basica secundaria,Media,2,,,,,3,,,,,,,,,,,,,,,,,,,,,,,,,,,,,,,,,9,6,0,1.0,1.0
26337,1,1,1,0,,1,,,,,1,Hombre,38,1444,8,Postgrado,Superior,2,,1.0,,,3,,,,,,,,,,,,,,,,,,,,,,,,,,,,,,,,,9,3,0,1.0,1.0
26344,2,1,2,0,,1,,,,,1,Hombre,41,1681,5,Media,Media,2,,1.0,,,3,,,,,,,,,,,,,,,,,,,,,,,,,,,,,,,,,9,6,0,1.0,1.0
26364,1,1,1,0,,1,,,,,2,Mujer,63,3969,5,Media,Media,2,,1.0,,,3,,,,,,,,,,,,,,,,,,,,,,,,,,,,,,,,,9,2,2,1.0,2.0
26367,1,1,1,1,1.0,0,3000.0,8.006367567650246,6.0,2000.0,2,Mujer,40,1600,5,Media,Media,1,,,,,3,3.0,1.0,6.0,1.0,DOS MIL PESOS,,,,1.0,,,,,,2.0,,,2.0,2.0,2.0,2.0,2.0,1.0,1.0,2.0,2.0,2.0,2.0,2.0,2.0,2.0,2.0,9,3,5,1.0,2.0
26370,1,1,1,1,1.0,0,,,,,1,Hombre,27,729,5,Media,Media,2,,,,,3,,,,,,,,,,,,,,,,,,,,,,,,,,,,,,,,,9,6,0,1.0,1.0
26457,2,1,2,1,1.0,0,,,1.0,3000.0,1,Hombre,20,400,7,Universitaria,Superior,1,,1.0,1.0,,2,2.0,2.0,,1.0,TRES MIL PESOS,,,1.0,,,,1.0,,,2.0,,,2.0,2.0,2.0,2.0,2.0,2.0,2.0,2.0,2.0,2.0,1.0,2.0,2.0,2.0,2.0,9,6,0,1.0,1.0
26472,1,1,1,0,,1,,,,,1,Hombre,45,2025,6,Tecnica/tecnologica,Superior,2,,1.0,,,3,,,,,,,,,,,,,,,,,,,,,,,,,,,,,,,,,9,3,3,1.0,1.0
26489,1,1,1,0,,1,,,,,1,Hombre,40,1600,7,Universitaria,Superior,2,,1.0,,,3,,,,,,,,,,,,,,,,,,,,,,,,,,,,,,,,,9,3,2,1.0,1.0
26491,1,1,1,0,,1,,,,,1,Hombre,44,1936,3,Basica primaria,Baja,2,,1.0,,,3,,,,,,,,,,,,,,,,,,,,,,,,,,,,,,,,,9,2,3,1.0,1.0
26541,2,1,2,1,1.0,0,20000.0,9.903487552536127,10.0,2000.0,1,Hombre,23,529,4,Basica secundaria,Media,1,,,,,3,4.0,1.0,10.0,1.0,DOS MIL PESOS,,,,,,,,,1.0,2.0,,,2.0,2.0,2.0,2.0,2.0,2.0,2.0,2.0,2.0,2.0,2.0,2.0,2.0,2.0,1.0,1,2,0,1.0,1.0
26618,1,1,1,0,,1,,,,,1,Hombre,51,2601,6,Tecnica/tecnologica,Superior,2,,,,1.0,3,,,,,,,,,,,,,,,,,,,,,,,,,,,,,,,,,9,3,0,1.0,1.0
26646,3,1,3,0,,1,,,,,2,Mujer,26,676,7,Universitaria,Superior,2,,1.0,,,3,,,,,,,,,,,,,,,,,,,,,,,,,,,,,,,,,9,5,0,1.0,2.0
26652,1,1,1,0,,1,,,,,2,Mujer,55,3025,3,Basica primaria,Baja,2,,1.0,,,3,,,,,,,,,,,,,,,,,,,,,,,,,,,,,,,,,9,5,4,1.0,2.0
26669,1,1,1,1,1.0,0,,,,,1,Hombre,27,729,5,Media,Media,2,,,,,3,,,,,,,,,,,,,,,,,,,,,,,,,,,,,,,,,9,6,0,1.0,1.0
26697,2,1,2,0,,1,,,1.0,2500.0,1,Hombre,21,441,7,Universitaria,Superior,1,1.0,1.0,,,3,1.0,2.0,,1.0,DOS MIL QUINIENTOS PESOS,,,,1.0,,,,,,1.0,,,2.0,2.0,2.0,2.0,2.0,2.0,2.0,2.0,2.0,2.0,2.0,2.0,2.0,2.0,2.0,9,1,0,1.0,1.0
26700,2,1,2,0,,1,,,,,2,Mujer,34,1156,7,Universitaria,Superior,2,,1.0,,,3,,,,,,,,,,,,,,,,,,,,,,,,,,,,,,,,,9,3,1,1.0,2.0
26707,1,1,1,1,1.0,0,10000.0,9.210340371976184,10.0,2000.0,1,Hombre,34,1156,5,Media,Media,1,1.0,1.0,,,3,4.0,1.0,15.0,1.0,DOS MIL,,,,1.0,,,,,,1.0,,,2.0,2.0,2.0,2.0,2.0,2.0,2.0,2.0,2.0,1.0,1.0,1.0,2.0,2.0,2.0,9,6,0,1.0,1.0
26713,4,1,4,1,1.0,0,,,1.0,5000.0,1,Hombre,25,625,4,Basica secundaria,Media,1,,,,,3,2.0,2.0,,1.0,CINCO MIL PESOS,,,,1.0,,,,,,2.0,,,2.0,2.0,2.0,1.0,2.0,1.0,2.0,2.0,2.0,2.0,2.0,2.0,2.0,2.0,1.0,9,6,1,1.0,1.0
26718,3,1,3,1,1.0,0,60000.0,11.002099841204238,30.0,2000.0,1,Hombre,24,576,5,Media,Media,1,,1.0,,,3,4.0,1.0,30.0,1.0,DOS MIL PESOS,,,1.0,1.0,,1.0,,,,2.0,,,2.0,2.0,2.0,1.0,1.0,2.0,2.0,1.0,2.0,2.0,1.0,2.0,1.0,2.0,1.0,9,6,0,1.0,1.0
26720,1,1,1,0,,1,,,,,1,Hombre,35,1225,3,Basica primaria,Baja,2,,,,1.0,3,,,,,,,,,,,,,,,,,,,,,,,,,,,,,,,,,9,5,1,1.0,1.0
26738,3,1,3,1,1.0,0,,,6.0,3000.0,2,Mujer,32,1024,5,Media,Media,1,,,,,2,9.0,2.0,,1.0,TRES MIL PESOS,,,,1.0,,,,,,2.0,,,1.0,2.0,2.0,1.0,2.0,2.0,2.0,2.0,2.0,2.0,1.0,2.0,2.0,2.0,1.0,9,6,2,1.0,2.0
26759,2,1,2,0,,1,,,,,1,Hombre,35,1225,7,Universitaria,Superior,2,,1.0,,,3,,,,,,,,,,,,,,,,,,,,,,,,,,,,,,,,,1,2,0,1.0,1.0
26760,1,1,1,0,,1,5000.0,8.517193191416238,20.0,2000.0,1,Hombre,63,3969,3,Basica primaria,Baja,1,,1.0,,,3,5.0,1.0,30.0,1.0,DOS MIL,,,,1.0,,,,,,2.0,,,2.0,2.0,2.0,2.0,2.0,2.0,2.0,2.0,2.0,2.0,2.0,2.0,2.0,2.0,2.0,9,3,0,1.0,1.0
26793,1,1,1,0,,1,,,,,2,Mujer,43,1849,8,Postgrado,Superior,2,,,,1.0,3,,,,,,,,,,,,,,,,,,,,,,,,,,,,,,,,,9,5,1,1.0,2.0
26816,3,1,3,1,1.0,0,,,,,2,Mujer,42,1764,6,Tecnica/tecnologica,Superior,2,,1.0,1.0,,3,,,,,,,,,,,,,,,,,,,,,,,,,,,,,,,,,9,6,3,1.0,2.0
26837,3,1,3,1,1.0,0,20000.0,9.903487552536127,4.0,2000.0,2,Mujer,24,576,7,Universitaria,Superior,1,,,,,3,4.0,1.0,4.0,1.0,DOS MIL PESOS,,,,1.0,,,,,,2.0,,,1.0,2.0,2.0,1.0,2.0,2.0,2.0,2.0,1.0,1.0,1.0,2.0,2.0,2.0,1.0,9,6,0,1.0,2.0
26840,1,1,1,1,1.0,0,50000.0,10.819778284410283,,2500.0,1,Hombre,35,1225,7,Universitaria,Superior,1,1.0,,,,3,3.0,1.0,4.0,1.0,DOS MIL QUINIENTOS PESOS,,,,1.0,,,,,,1.0,1.0,,2.0,2.0,2.0,2.0,2.0,1.0,1.0,2.0,2.0,2.0,2.0,2.0,2.0,2.0,2.0,9,6,0,3.0,1.0
26845,3,1,3,0,,1,,,,,1,Hombre,50,2500,4,Basica secundaria,Media,2,,1.0,,,3,,,,,,,,,,,,,,,,,,,,,,,,,,,,,,,,,9,6,1,1.0,1.0
26871,1,1,1,1,1.0,0,,,,,1,Hombre,36,1296,7,Universitaria,Superior,2,,,,,3,,,,,,,,,,,,,,,,,,,,,,,,,,,,,,,,,9,3,1,1.0,1.0
26895,1,1,1,1,1.0,0,40000.0,10.596634733096073,30.0,2000.0,1,Hombre,21,441,7,Universitaria,Superior,1,1.0,,,,3,5.0,1.0,30.0,1.0,DOS  MIL PESOS,,,,1.0,,,,,,1.0,,,2.0,2.0,2.0,2.0,2.0,1.0,1.0,1.0,2.0,2.0,1.0,2.0,2.0,2.0,1.0,9,6,0,1.0,1.0
26921,1,1,1,1,1.0,0,,,,,1,Hombre,33,1089,6,Tecnica/tecnologica,Superior,2,,,,,3,,,,,,,,,,,,,,,,,,,,,,,,,,,,,,,,,9,3,1,1.0,1.0
26942,1,1,1,0,,1,,,,,1,Hombre,31,961,7,Universitaria,Superior,2,,1.0,,,3,,,,,,,,,,,,,,,,,,,,,,,,,,,,,,,,,9,2,2,1.0,1.0
26945,1,1,1,0,,1,,,,,1,Hombre,40,1600,6,Tecnica/tecnologica,Superior,2,,1.0,,,3,,,,,,,,,,,,,,,,,,,,,,,,,,,,,,,,,9,6,1,1.0,1.0
26959,3,1,3,0,,1,3000.0,8.006367567650246,1.0,3000.0,1,Hombre,33,1089,7,Universitaria,Superior,1,1.0,1.0,,,3,3.0,1.0,1.0,1.0,TRES MIL,,,,1.0,,,,,,1.0,,,2.0,2.0,2.0,2.0,2.0,2.0,2.0,2.0,2.0,2.0,2.0,2.0,2.0,2.0,2.0,9,6,0,1.0,1.0
26962,1,1,1,0,,1,,,,,2,Mujer,41,1681,7,Universitaria,Superior,2,,1.0,,,3,,,,,,,,,,,,,,,,,,,,,,,,,,,,,,,,,5,6,0,1.0,2.0
27021,1,1,1,0,,1,,,,,2,Mujer,51,2601,3,Basica primaria,Baja,2,,1.0,,,3,,,,,,,,,,,,,,,,,,,,,,,,,,,,,,,,,9,6,3,1.0,2.0
27029,1,1,1,1,1.0,0,80000.0,11.289781913656018,15.0,,1,Hombre,35,1225,7,Universitaria,Superior,1,1.0,1.0,1.0,,1,1.0,1.0,15.0,2.0,,1.0,,,,,,,,,1.0,,,2.0,2.0,2.0,1.0,2.0,1.0,1.0,1.0,2.0,2.0,2.0,2.0,2.0,2.0,2.0,9,6,0,3.0,3.0
27055,1,1,1,0,,1,,,,,1,Hombre,48,2304,5,Media,Media,2,,1.0,,,3,,,,,,,,,,,,,,,,,,,,,,,,,,,,,,,,,5,2,1,1.0,1.0
27077,1,1,1,1,1.0,0,4000.0,8.294049640102028,1.0,,1,Hombre,30,900,7,Universitaria,Superior,1,1.0,1.0,1.0,,3,3.0,1.0,1.0,2.0,,,,,1.0,,,,,,1.0,,,2.0,2.0,2.0,2.0,2.0,1.0,2.0,2.0,2.0,2.0,1.0,1.0,2.0,2.0,2.0,9,2,0,1.0,1.0
27091,1,1,1,0,,1,,,,,1,Hombre,39,1521,7,Universitaria,Superior,2,,1.0,,,3,,,,,,,,,,,,,,,,,,,,,,,,,,,,,,,,,9,1,0,1.0,1.0
27111,3,1,3,1,1.0,0,,,1.0,10000.0,2,Mujer,23,529,7,Universitaria,Superior,1,,,,,2,2.0,2.0,,1.0,DIEZ MIL PESOS,,,,1.0,,,,,,2.0,,,2.0,2.0,2.0,2.0,2.0,2.0,2.0,2.0,2.0,2.0,2.0,2.0,2.0,2.0,2.0,9,6,0,1.0,2.0
27139,2,1,2,1,1.0,0,100000.0,11.512925464970229,60.0,2000.0,1,Hombre,29,841,7,Universitaria,Superior,1,1.0,1.0,1.0,,3,5.0,1.0,30.0,1.0,DOS MIL PESOS,,,,,1.0,,,,,1.0,,,2.0,2.0,2.0,1.0,2.0,2.0,2.0,2.0,2.0,1.0,2.0,2.0,2.0,2.0,2.0,9,1,0,1.0,1.0
27145,2,1,2,0,,1,,,,,1,Hombre,33,1089,7,Universitaria,Superior,2,,1.0,,,3,,,,,,,,,,,,,,,,,,,,,,,,,,,,,,,,,9,2,0,1.0,1.0
27155,5,1,5,1,1.0,0,,,,,1,Hombre,20,400,7,Universitaria,Superior,2,,,,,3,,,,,,,,,,,,,,,,,,,,,,,,,,,,,,,,,9,6,0,1.0,1.0
27172,2,1,2,1,1.0,0,,,,,2,Mujer,29,841,5,Media,Media,2,,,,,3,,,,,,,,,,,,,,,,,,,,,,,,,,,,,,,,,9,2,4,1.0,2.0
27177,3,1,3,0,,1,,,1.0,1200.0,1,Hombre,15,225,4,Basica secundaria,Media,1,1.0,1.0,,,2,1.0,2.0,,1.0,MIL DOSCIENTOS,,,1.0,,,,,,,1.0,,,1.0,1.0,2.0,1.0,2.0,2.0,2.0,2.0,2.0,2.0,2.0,1.0,2.0,2.0,2.0,9,6,0,,
27179,1,1,1,1,1.0,0,1000.0,6.907755278982137,1.0,3000.0,1,Hombre,29,841,7,Universitaria,Superior,1,1.0,,,,3,2.0,1.0,2.0,1.0,TRES MIL PESOS,,,,1.0,,,,,,1.0,,,2.0,2.0,2.0,2.0,2.0,2.0,2.0,2.0,2.0,2.0,2.0,2.0,2.0,2.0,2.0,9,5,1,1.0,1.0
27184,3,1,3,0,,1,,,,,1,Hombre,25,625,7,Universitaria,Superior,2,,1.0,,,3,,,,,,,,,,,,,,,,,,,,,,,,,,,,,,,,,9,6,0,1.0,1.0
27225,1,1,1,0,,1,,,,,1,Hombre,65,4225,7,Universitaria,Superior,2,,1.0,,,3,,,,,,,,,,,,,,,,,,,,,,,,,,,,,,,,,9,3,3,1.0,1.0
27274,2,1,2,0,,1,,,,,1,Hombre,20,400,5,Media,Media,2,,1.0,,,3,,,,,,,,,,,,,,,,,,,,,,,,,,,,,,,,,9,6,0,1.0,1.0
27285,1,1,1,0,,1,,,,,1,Hombre,28,784,6,Tecnica/tecnologica,Superior,2,,1.0,,,3,,,,,,,,,,,,,,,,,,,,,,,,,,,,,,,,,1,6,0,1.0,1.0
27342,1,1,1,0,,1,20000.0,9.903487552536127,6.0,,1,Hombre,48,2304,5,Media,Media,1,,1.0,,,3,2.0,1.0,3.0,2.0,,,,,1.0,,,,,,2.0,,,2.0,2.0,2.0,1.0,2.0,1.0,2.0,2.0,2.0,2.0,2.0,2.0,2.0,2.0,2.0,9,6,3,1.0,1.0
27351,1,1,1,1,1.0,0,60000.0,11.002099841204238,12.0,5000.0,1,Hombre,27,729,4,Basica secundaria,Media,1,1.0,1.0,,,3,4.0,1.0,15.0,1.0,CINCO MIL PESOS,,,,1.0,,,,,,1.0,1.0,,2.0,2.0,2.0,2.0,2.0,2.0,2.0,2.0,2.0,2.0,2.0,2.0,2.0,2.0,2.0,9,6,0,1.0,1.0
27353,2,1,2,0,,1,,,,,2,Mujer,15,225,4,Basica secundaria,Media,2,,1.0,,,3,,,,,,,,,,,,,,,,,,,,,,,,,,,,,,,,,1,6,0,,
27355,1,1,1,0,,1,,,,,1,Hombre,52,2704,4,Basica secundaria,Media,2,,1.0,,,3,,,,,,,,,,,,,,,,,,,,,,,,,,,,,,,,,9,5,2,1.0,1.0
27406,2,1,2,1,1.0,0,40000.0,10.596634733096073,30.0,,1,Hombre,26,676,7,Universitaria,Superior,1,1.0,1.0,1.0,,3,5.0,1.0,30.0,2.0,,,,,,1.0,,,,,1.0,1.0,,2.0,2.0,2.0,1.0,2.0,1.0,2.0,2.0,1.0,2.0,1.0,2.0,2.0,2.0,1.0,9,6,0,1.0,1.0
27447,2,1,2,0,,1,,,,,2,Mujer,56,3136,7,Universitaria,Superior,2,,,,1.0,2,,,,,,,,,,,,,,,,,,,,,,,,,,,,,,,,,9,3,3,1.0,2.0
27458,1,1,1,1,1.0,0,60000.0,11.002099841204238,12.0,5000.0,1,Hombre,26,676,3,Basica primaria,Baja,1,,,,,1,4.0,1.0,12.0,1.0,CINCO MIL PESOS,,,1.0,,,,,,,2.0,,,2.0,2.0,2.0,2.0,2.0,2.0,2.0,2.0,2.0,2.0,1.0,2.0,2.0,2.0,2.0,9,6,0,1.0,1.0
27523,2,1,2,1,1.0,0,,,,,1,Hombre,18,324,6,Tecnica/tecnologica,Superior,2,,,,,3,,,,,,,,,,,,,,,,,,,,,,,,,,,,,,,,,9,6,0,1.0,1.0
27546,1,1,1,0,,1,,,,,2,Mujer,32,1024,3,Basica primaria,Baja,2,,1.0,,,3,,,,,,,,,,,,,,,,,,,,,,,,,,,,,,,,,9,2,4,1.0,2.0
27556,2,1,2,0,,1,,,,,1,Hombre,21,441,5,Media,Media,2,,1.0,,,3,,,,,,,,,,,,,,,,,,,,,,,,,,,,,,,,,5,6,0,1.0,1.0
27565,1,1,1,0,,1,,,,,1,Hombre,38,1444,7,Universitaria,Superior,2,,1.0,,,3,,,,,,,,,,,,,,,,,,,,,,,,,,,,,,,,,9,2,1,1.0,1.0
27605,3,1,3,0,,1,,,1.0,2000.0,1,Hombre,18,324,6,Tecnica/tecnologica,Superior,1,,1.0,,,3,3.0,1.0,3.0,1.0,dos mil pesos,,,,1.0,,,,,,2.0,,,2.0,2.0,2.0,2.0,2.0,2.0,2.0,2.0,2.0,2.0,2.0,2.0,2.0,2.0,2.0,9,6,0,1.0,1.0
27610,3,1,3,0,,1,,,,,2,Mujer,30,900,7,Universitaria,Superior,2,,1.0,,,3,,,,,,,,,,,,,,,,,,,,,,,,,,,,,,,,,9,6,1,1.0,2.0
27611,2,1,2,0,,1,,,,,2,Mujer,25,625,5,Media,Media,2,,1.0,,,3,,,,,,,,,,,,,,,,,,,,,,,,,,,,,,,,,9,2,3,1.0,2.0
27629,1,1,1,0,,1,,,,,2,Mujer,33,1089,6,Tecnica/tecnologica,Superior,2,,1.0,,,3,,,,,,,,,,,,,,,,,,,,,,,,,,,,,,,,,9,6,2,1.0,2.0
27645,3,1,3,1,1.0,0,,,1.0,20000.0,1,Hombre,19,361,5,Media,Media,1,1.0,,,,2,2.0,2.0,,1.0,VEINTE MIL PESOS,,,,1.0,,1.0,1.0,,,1.0,,,2.0,2.0,2.0,2.0,2.0,1.0,2.0,2.0,1.0,2.0,2.0,1.0,2.0,2.0,2.0,9,6,0,1.0,1.0
27683,1,1,1,0,,1,,,,,1,Hombre,36,1296,7,Universitaria,Superior,2,,1.0,,,3,,,,,,,,,,,,,,,,,,,,,,,,,,,,,,,,,5,6,3,1.0,1.0
27716,1,1,1,0,,1,,,,,1,Hombre,53,2809,1,Ninguno,Baja,2,,1.0,,,3,,,,,,,,,,,,,,,,,,,,,,,,,,,,,,,,,9,6,3,1.0,1.0
27717,1,1,1,0,,1,,,,,1,Hombre,55,3025,3,Basica primaria,Baja,2,,1.0,,,3,,,,,,,,,,,,,,,,,,,,,,,,,,,,,,,,,9,6,0,1.0,1.0
27786,2,1,2,1,1.0,0,,,4.0,5000.0,1,Hombre,29,841,4,Basica secundaria,Media,1,1.0,,,,3,2.0,2.0,,1.0,CINCO MIL PESOS,,,,1.0,,,,,,1.0,1.0,,2.0,2.0,2.0,2.0,2.0,2.0,2.0,2.0,2.0,2.0,2.0,2.0,2.0,2.0,2.0,9,2,2,1.0,1.0
27793,1,1,1,1,1.0,0,,,,,2,Mujer,25,625,7,Universitaria,Superior,2,,,,,3,,,,,,,,,,,,,,,,,,,,,,,,,,,,,,,,,9,6,0,1.0,2.0
27808,1,1,1,0,,1,,,,,1,Hombre,28,784,5,Media,Media,2,,1.0,,,3,,,,,,,,,,,,,,,,,,,,,,,,,,,,,,,,,9,5,1,1.0,1.0
27816,4,1,4,1,1.0,0,,,,,1,Hombre,24,576,5,Media,Media,2,,,,,3,,,,,,,,,,,,,,,,,,,,,,,,,,,,,,,,,1,2,2,1.0,1.0
27834,1,1,1,1,1.0,0,3000.0,8.006367567650246,30.0,1000.0,1,Hombre,26,676,4,Basica secundaria,Media,1,,1.0,,,3,5.0,1.0,30.0,1.0,MIL PESOS,,,1.0,1.0,,,,,,2.0,,,2.0,1.0,2.0,2.0,1.0,1.0,2.0,2.0,1.0,2.0,2.0,2.0,2.0,2.0,2.0,9,2,3,1.0,1.0
27843,1,1,1,0,,1,,,,,1,Hombre,65,4225,7,Universitaria,Superior,2,,1.0,,,3,,,,,,,,,,,,,,,,,,,,,,,,,,,,,,,,,9,5,4,1.0,1.0
27872,4,1,4,0,,1,,,,,1,Hombre,24,576,5,Media,Media,2,,1.0,,,3,,,,,,,,,,,,,,,,,,,,,,,,,,,,,,,,,9,6,1,1.0,1.0
27876,1,1,1,0,,1,,,,,1,Hombre,46,2116,4,Basica secundaria,Media,2,,1.0,,,3,,,,,,,,,,,,,,,,,,,,,,,,,,,,,,,,,9,5,7,1.0,1.0
27889,1,1,1,1,1.0,0,8000.0,8.987196820661973,1.0,2000.0,1,Hombre,30,900,8,Postgrado,Superior,1,1.0,1.0,1.0,,3,5.0,1.0,30.0,1.0,DOS MIL PESOS,,,,,1.0,,,,,1.0,,,2.0,2.0,2.0,2.0,2.0,2.0,2.0,2.0,2.0,2.0,2.0,2.0,2.0,2.0,2.0,9,6,0,1.0,1.0
27893,1,1,1,0,,1,,,,,1,Hombre,38,1444,5,Media,Media,2,,1.0,,,3,,,,,,,,,,,,,,,,,,,,,,,,,,,,,,,,,9,5,3,1.0,1.0
27898,1,1,1,0,,1,,,,,1,Hombre,29,841,6,Tecnica/tecnologica,Superior,2,,1.0,,,3,,,,,,,,,,,,,,,,,,,,,,,,,,,,,,,,,1,6,1,1.0,1.0
27903,7,1,7,0,,1,,,,,1,Hombre,18,324,5,Media,Media,2,,1.0,,,3,,,,,,,,,,,,,,,,,,,,,,,,,,,,,,,,,1,6,0,1.0,1.0
27912,1,1,1,0,,1,,,,,1,Hombre,50,2500,3,Basica primaria,Baja,2,,1.0,,,3,,,,,,,,,,,,,,,,,,,,,,,,,,,,,,,,,9,2,2,1.0,1.0
27934,1,1,1,0,,1,,,,,1,Hombre,27,729,7,Universitaria,Superior,2,,1.0,,,3,,,,,,,,,,,,,,,,,,,,,,,,,,,,,,,,,9,6,0,1.0,1.0
27987,3,1,3,1,1.0,0,,,,,1,Hombre,27,729,6,Tecnica/tecnologica,Superior,2,,,,,3,,,,,,,,,,,,,,,,,,,,,,,,,,,,,,,,,9,6,0,1.0,1.0
27993,2,1,2,1,1.0,0,,,,,1,Hombre,29,841,5,Media,Media,2,,,,,3,,,,,,,,,,,,,,,,,,,,,,,,,,,,,,,,,9,6,0,1.0,1.0
27998,1,1,1,0,,1,,,,,1,Hombre,61,3721,4,Basica secundaria,Media,2,,1.0,,,3,,,,,,,,,,,,,,,,,,,,,,,,,,,,,,,,,9,2,2,1.0,1.0
28032,1,1,1,0,,1,,,,,1,Hombre,24,576,4,Basica secundaria,Media,2,,1.0,,,3,,,,,,,,,,,,,,,,,,,,,,,,,,,,,,,,,9,1,0,1.0,1.0
28073,2,1,2,0,,1,,,,,2,Mujer,26,676,4,Basica secundaria,Media,2,,1.0,,,3,,,,,,,,,,,,,,,,,,,,,,,,,,,,,,,,,1,1,0,1.0,2.0
28087,7,1,7,0,,1,,,,,1,Hombre,15,225,4,Basica secundaria,Media,2,,1.0,,,3,,,,,,,,,,,,,,,,,,,,,,,,,,,,,,,,,9,6,0,,
28099,6,1,6,1,1.0,0,,,,,1,Hombre,19,361,4,Basica secundaria,Media,2,,,,,3,,,,,,,,,,,,,,,,,,,,,,,,,,,,,,,,,9,3,1,1.0,1.0
28161,1,1,1,1,1.0,0,,,5.0,1000.0,1,Hombre,28,784,6,Tecnica/tecnologica,Superior,1,,,1.0,,3,2.0,2.0,,1.0,MIL PESOS,,,1.0,,,,,,,2.0,,,2.0,2.0,2.0,2.0,2.0,2.0,2.0,2.0,2.0,2.0,2.0,2.0,2.0,2.0,2.0,9,2,1,1.0,1.0
28169,2,1,2,1,1.0,0,,,2.0,5000.0,1,Hombre,15,225,4,Basica secundaria,Media,1,,,1.0,,2,2.0,2.0,,1.0,CINCO MIL,,,1.0,1.0,,,,,,2.0,,,2.0,2.0,2.0,2.0,2.0,2.0,2.0,2.0,2.0,2.0,2.0,2.0,2.0,2.0,2.0,9,6,0,,
28209,3,1,3,1,1.0,0,,,,,1,Hombre,25,625,7,Universitaria,Superior,2,,,,,3,,,,,,,,,,,,,,,,,,,,,,,,,,,,,,,,,9,6,0,1.0,1.0
28215,4,1,4,0,,1,,,2.0,,2,Mujer,33,1089,6,Tecnica/tecnologica,Superior,1,,,1.0,,3,2.0,2.0,,2.0,,,,,1.0,,,,,,2.0,,,1.0,2.0,2.0,2.0,2.0,2.0,2.0,2.0,1.0,1.0,1.0,1.0,2.0,2.0,1.0,9,6,0,1.0,2.0
28227,1,1,1,0,,1,,,,,1,Hombre,20,400,7,Universitaria,Superior,2,,,,1.0,3,,,,,,,,,,,,,,,,,,,,,,,,,,,,,,,,,9,6,0,1.0,1.0
28234,1,1,1,0,,1,,,,,1,Hombre,48,2304,3,Basica primaria,Baja,2,,1.0,,,3,,,,,,,,,,,,,,,,,,,,,,,,,,,,,,,,,9,3,2,1.0,1.0
28242,1,1,1,1,1.0,0,,,,,1,Hombre,36,1296,8,Postgrado,Superior,2,,,,,3,,,,,,,,,,,,,,,,,,,,,,,,,,,,,,,,,9,5,2,1.0,1.0
28254,1,1,1,1,1.0,0,,,,,1,Hombre,32,1024,7,Universitaria,Superior,2,,1.0,,,3,,,,,,,,,,,,,,,,,,,,,,,,,,,,,,,,,9,6,0,1.0,1.0
28285,2,1,2,1,1.0,0,,,,,1,Hombre,35,1225,7,Universitaria,Superior,2,,1.0,1.0,,3,,,,,,,,,,,,,,,,,,,,,,,,,,,,,,,,,9,6,0,1.0,1.0
28293,1,1,1,0,,1,,,,,1,Hombre,26,676,4,Basica secundaria,Media,2,,1.0,,,3,,,,,,,,,,,,,,,,,,,,,,,,,,,,,,,,,9,2,1,1.0,1.0
28303,1,1,1,0,,1,30000.0,10.308952660644293,30.0,1000.0,1,Hombre,34,1156,5,Media,Media,1,1.0,1.0,,,3,4.0,1.0,20.0,1.0,MIL PESOS,,,,,,1.0,,,,1.0,,,2.0,2.0,2.0,1.0,2.0,1.0,1.0,2.0,2.0,2.0,1.0,2.0,2.0,2.0,2.0,9,1,0,1.0,1.0
28312,1,1,1,0,,1,,,,,1,Hombre,59,3481,3,Basica primaria,Baja,2,,1.0,,,3,,,,,,,,,,,,,,,,,,,,,,,,,,,,,,,,,9,2,2,1.0,1.0
28321,1,1,1,0,,1,,,1.0,10000.0,1,Hombre,27,729,7,Universitaria,Superior,1,,1.0,,,3,2.0,2.0,,1.0,DIEZ MIL,,,,1.0,,,,,,2.0,,,2.0,2.0,2.0,1.0,2.0,2.0,2.0,2.0,2.0,2.0,2.0,2.0,2.0,2.0,2.0,9,1,0,1.0,1.0
28328,1,1,1,0,,1,,,,,1,Hombre,26,676,4,Basica secundaria,Media,2,,1.0,,,3,,,,,,,,,,,,,,,,,,,,,,,,,,,,,,,,,9,2,1,1.0,1.0
28329,1,1,1,1,1.0,0,,,,,1,Hombre,29,841,6,Tecnica/tecnologica,Superior,2,,,,,3,,,,,,,,,,,,,,,,,,,,,,,,,,,,,,,,,9,2,1,1.0,1.0
28344,2,1,2,0,,1,,,,,1,Hombre,42,1764,6,Tecnica/tecnologica,Superior,2,,1.0,,,3,,,,,,,,,,,,,,,,,,,,,,,,,,,,,,,,,9,2,4,1.0,1.0
28360,1,1,1,0,,1,,,,,2,Mujer,26,676,7,Universitaria,Superior,2,,1.0,,,3,,,,,,,,,,,,,,,,,,,,,,,,,,,,,,,,,9,1,0,1.0,2.0
28363,1,1,1,0,,1,,,,,2,Mujer,30,900,6,Tecnica/tecnologica,Superior,2,,1.0,,,3,,,,,,,,,,,,,,,,,,,,,,,,,,,,,,,,,9,6,2,1.0,2.0
28370,2,1,2,0,,1,,,,,1,Hombre,51,2601,5,Media,Media,2,,,,1.0,3,,,,,,,,,,,,,,,,,,,,,,,,,,,,,,,,,9,6,0,1.0,1.0
28376,2,1,2,0,,1,,,,,2,Mujer,36,1296,5,Media,Media,2,,1.0,,,3,,,,,,,,,,,,,,,,,,,,,,,,,,,,,,,,,9,1,2,1.0,2.0
28381,1,1,1,1,1.0,0,,,,,1,Hombre,30,900,6,Tecnica/tecnologica,Superior,2,,,,,3,,,,,,,,,,,,,,,,,,,,,,,,,,,,,,,,,9,1,0,1.0,1.0
28391,1,1,1,0,,1,,,,,2,Mujer,39,1521,6,Tecnica/tecnologica,Superior,2,,1.0,,,3,,,,,,,,,,,,,,,,,,,,,,,,,,,,,,,,,5,2,2,1.0,2.0
28403,1,1,1,0,,1,,,,,2,Mujer,52,2704,3,Basica primaria,Baja,2,,1.0,,,3,,,,,,,,,,,,,,,,,,,,,,,,,,,,,,,,,9,4,2,1.0,2.0
28405,2,1,2,1,1.0,0,,,,,1,Hombre,28,784,6,Tecnica/tecnologica,Superior,2,,,,,3,,,,,,,,,,,,,,,,,,,,,,,,,,,,,,,,,9,6,0,1.0,1.0
28423,1,1,1,0,,1,,,,,2,Mujer,26,676,4,Basica secundaria,Media,2,,1.0,,,3,,,,,,,,,,,,,,,,,,,,,,,,,,,,,,,,,1,6,3,1.0,2.0
28433,2,1,2,0,,1,,,,,1,Hombre,19,361,6,Tecnica/tecnologica,Superior,2,,1.0,,,3,,,,,,,,,,,,,,,,,,,,,,,,,,,,,,,,,9,6,0,1.0,1.0
28436,1,1,1,1,1.0,0,,,,,1,Hombre,22,484,5,Media,Media,2,,,,,3,,,,,,,,,,,,,,,,,,,,,,,,,,,,,,,,,9,6,0,1.0,1.0
28442,4,1,4,1,1.0,0,,,,,1,Hombre,24,576,6,Tecnica/tecnologica,Superior,2,,,1.0,,3,,,,,,,,,,,,,,,,,,,,,,,,,,,,,,,,,9,6,0,1.0,1.0
28453,3,1,3,1,1.0,0,,,,,1,Hombre,20,400,5,Media,Media,2,,,,,3,,,,,,,,,,,,,,,,,,,,,,,,,,,,,,,,,9,6,0,1.0,1.0
28492,2,1,2,1,1.0,0,,,,,1,Hombre,32,1024,5,Media,Media,2,,,,,3,,,,,,,,,,,,,,,,,,,,,,,,,,,,,,,,,9,2,1,1.0,1.0
28515,2,1,2,1,1.0,0,50000.0,10.819778284410283,60.0,800.0,1,Hombre,42,1764,7,Universitaria,Superior,1,1.0,,,,3,5.0,1.0,30.0,1.0,OCHO CIENTOS PESOS,,,,1.0,,,,,,1.0,,,2.0,2.0,2.0,1.0,2.0,2.0,2.0,2.0,2.0,2.0,1.0,2.0,2.0,2.0,1.0,9,6,0,1.0,1.0
28525,5,1,5,0,,1,,,,,1,Hombre,19,361,6,Tecnica/tecnologica,Superior,2,,1.0,,,9,,,,,,,,,,,,,,,,,,,,,,,,,,,,,,,,,1,6,0,1.0,1.0
28538,1,1,1,1,1.0,0,,,,,1,Hombre,64,4096,5,Media,Media,2,,1.0,,,3,,,,,,,,,,,,,,,,,,,,,,,,,,,,,,,,,9,6,1,1.0,1.0
28546,1,1,1,1,1.0,0,,,,,2,Mujer,52,2704,4,Basica secundaria,Media,2,,,,,3,,,,,,,,,,,,,,,,,,,,,,,,,,,,,,,,,9,6,2,1.0,1.0
28559,4,1,4,0,,1,,,,,1,Hombre,28,784,7,Universitaria,Superior,2,,1.0,,,3,,,,,,,,,,,,,,,,,,,,,,,,,,,,,,,,,5,6,0,1.0,1.0
28567,1,1,1,0,,1,,,,,1,Hombre,63,3969,3,Basica primaria,Baja,2,,1.0,,,3,,,,,,,,,,,,,,,,,,,,,,,,,,,,,,,,,9,6,2,1.0,1.0
28591,1,1,1,0,,1,,,,,1,Hombre,64,4096,4,Basica secundaria,Media,2,,1.0,,,3,,,,,,,,,,,,,,,,,,,,,,,,,,,,,,,,,9,3,2,1.0,1.0
28598,1,1,1,0,,1,,,,,1,Hombre,35,1225,7,Universitaria,Superior,2,,,1.0,,3,,,,,,,,,,,,,,,,,,,,,,,,,,,,,,,,,9,2,1,1.0,1.0
28629,2,1,2,0,,1,,,,,1,Hombre,44,1936,6,Tecnica/tecnologica,Superior,2,,1.0,,,3,,,,,,,,,,,,,,,,,,,,,,,,,,,,,,,,,9,6,0,1.0,1.0
28633,1,1,1,1,1.0,0,10000.0,9.210340371976184,2.0,1000.0,1,Hombre,25,625,5,Media,Media,1,,1.0,1.0,,3,4.0,1.0,20.0,1.0,MIL PESOS,,,1.0,,,,,,,2.0,,,2.0,2.0,2.0,2.0,2.0,2.0,2.0,2.0,2.0,2.0,2.0,2.0,2.0,2.0,2.0,9,1,0,1.0,1.0
28652,1,1,1,0,,1,,,,,1,Hombre,43,1849,6,Tecnica/tecnologica,Superior,2,,1.0,,,3,,,,,,,,,,,,,,,,,,,,,,,,,,,,,,,,,9,1,5,1.0,1.0
28654,4,1,4,1,1.0,0,,,,,1,Hombre,23,529,5,Media,Media,2,,,,,3,,,,,,,,,,,,,,,,,,,,,,,,,,,,,,,,,9,6,0,1.0,1.0
28683,2,1,2,0,,1,,,,,2,Mujer,24,576,7,Universitaria,Superior,2,,1.0,,,3,,,,,,,,,,,,,,,,,,,,,,,,,,,,,,,,,9,6,0,1.0,2.0
28695,1,1,1,1,1.0,0,,,,,1,Hombre,24,576,6,Tecnica/tecnologica,Superior,2,,1.0,,,3,,,,,,,,,,,,,,,,,,,,,,,,,,,,,,,,,9,6,0,1.0,1.0
28701,1,1,1,1,1.0,0,,,,,1,Hombre,38,1444,6,Tecnica/tecnologica,Superior,2,,,,,3,,,,,,,,,,,,,,,,,,,,,,,,,,,,,,,,,9,2,2,1.0,1.0
28705,1,1,1,1,1.0,0,,,10.0,2000.0,2,Mujer,20,400,5,Media,Media,1,1.0,,,,3,9.0,9.0,,1.0,DOS MIL PESOS,,,,,,,,,1.0,1.0,,,1.0,2.0,2.0,1.0,2.0,2.0,2.0,2.0,2.0,2.0,2.0,1.0,2.0,2.0,1.0,9,6,0,1.0,2.0
28711,3,1,3,0,,1,,,,,2,Mujer,36,1296,6,Tecnica/tecnologica,Superior,2,,1.0,,,3,,,,,,,,,,,,,,,,,,,,,,,,,,,,,,,,,9,6,0,1.0,2.0
28714,1,1,1,0,,1,,,,,1,Hombre,57,3249,8,Postgrado,Superior,2,,1.0,,,3,,,,,,,,,,,,,,,,,,,,,,,,,,,,,,,,,9,1,4,1.0,1.0
28727,2,1,2,1,1.0,0,60000.0,11.002099841204238,60.0,1000.0,1,Hombre,17,289,5,Media,Media,1,,,,,3,4.0,1.0,20.0,1.0,MIL PESOS,,,,,,1.0,,,,2.0,,,2.0,2.0,2.0,2.0,2.0,2.0,2.0,2.0,2.0,2.0,2.0,2.0,2.0,2.0,2.0,9,6,0,,
28750,4,1,4,0,,1,15000.0,9.615805480084347,3.0,5000.0,1,Hombre,22,484,6,Tecnica/tecnologica,Superior,1,1.0,1.0,,,3,2.0,1.0,3.0,1.0,CINCO MIL PESOS,,,1.0,,,,,,,1.0,,,2.0,2.0,2.0,2.0,2.0,2.0,2.0,2.0,2.0,2.0,2.0,2.0,2.0,2.0,2.0,9,6,0,1.0,1.0
28763,4,1,4,1,1.0,0,,,,,2,Mujer,27,729,6,Tecnica/tecnologica,Superior,2,,1.0,1.0,,3,,,,,,,,,,,,,,,,,,,,,,,,,,,,,,,,,5,5,2,1.0,2.0
28765,2,1,2,1,1.0,0,,,2.0,2000.0,2,Mujer,23,529,7,Universitaria,Superior,1,,,,,3,1.0,2.0,,1.0,DOS MIL PESOS,,,,,,1.0,,,,2.0,,,2.0,2.0,2.0,2.0,2.0,2.0,2.0,2.0,2.0,2.0,2.0,2.0,2.0,2.0,2.0,9,3,0,1.0,2.0
28775,4,1,4,0,,1,,,,,1,Hombre,62,3844,5,Media,Media,2,,1.0,,,3,,,,,,,,,,,,,,,,,,,,,,,,,,,,,,,,,9,5,5,1.0,1.0
28781,1,1,1,0,,1,,,,,2,Mujer,24,576,4,Basica secundaria,Media,2,,1.0,,,3,,,,,,,,,,,,,,,,,,,,,,,,,,,,,,,,,1,6,1,1.0,2.0
28785,3,1,3,0,,1,,,,,1,Hombre,22,484,5,Media,Media,2,,1.0,,,3,,,,,,,,,,,,,,,,,,,,,,,,,,,,,,,,,9,6,0,1.0,1.0
28803,3,1,3,1,1.0,0,180000.0,12.100712129872347,60.0,3000.0,1,Hombre,32,1024,5,Media,Media,1,,1.0,,,1,5.0,1.0,30.0,1.0,TRES MIL PESOS,,,1.0,,,,,,,2.0,,,1.0,1.0,1.0,1.0,1.0,1.0,2.0,2.0,1.0,1.0,1.0,1.0,1.0,1.0,1.0,9,5,0,1.0,1.0
28813,2,1,2,1,1.0,0,,,,,2,Mujer,32,1024,7,Universitaria,Superior,2,,,,,3,,,,,,,,,,,,,,,,,,,,,,,,,,,,,,,,,9,6,0,1.0,2.0
28820,1,1,1,0,,1,,,,,1,Hombre,32,1024,5,Media,Media,2,,1.0,,,3,,,,,,,,,,,,,,,,,,,,,,,,,,,,,,,,,9,2,1,1.0,1.0
28825,1,1,1,0,,1,,,,,2,Mujer,36,1296,8,Postgrado,Superior,2,,,,1.0,9,,,,,,,,,,,,,,,,,,,,,,,,,,,,,,,,,9,3,0,1.0,2.0
28853,1,1,1,1,1.0,0,,,,,1,Hombre,30,900,6,Tecnica/tecnologica,Superior,2,,1.0,1.0,,3,,,,,,,,,,,,,,,,,,,,,,,,,,,,,,,,,9,6,0,1.0,1.0
28861,1,1,1,0,,1,,,,,1,Hombre,43,1849,8,Postgrado,Superior,2,,,,1.0,3,,,,,,,,,,,,,,,,,,,,,,,,,,,,,,,,,9,6,0,1.0,1.0
28909,1,1,1,0,,1,,,,,1,Hombre,25,625,5,Media,Media,2,,,1.0,,3,,,,,,,,,,,,,,,,,,,,,,,,,,,,,,,,,5,1,1,1.0,1.0
28913,1,1,1,0,,1,,,,,2,Mujer,42,1764,6,Tecnica/tecnologica,Superior,2,,1.0,,,3,,,,,,,,,,,,,,,,,,,,,,,,,,,,,,,,,9,5,1,1.0,2.0
28919,1,1,1,0,,1,,,,,1,Hombre,26,676,5,Media,Media,2,,1.0,,,3,,,,,,,,,,,,,,,,,,,,,,,,,,,,,,,,,9,6,0,1.0,1.0
28923,2,1,2,0,,1,,,,,2,Mujer,21,441,6,Tecnica/tecnologica,Superior,2,,1.0,,,3,,,,,,,,,,,,,,,,,,,,,,,,,,,,,,,,,9,6,0,1.0,2.0
28941,3,1,3,1,1.0,0,60000.0,11.002099841204238,50.0,2000.0,1,Hombre,28,784,6,Tecnica/tecnologica,Superior,1,1.0,1.0,1.0,,3,5.0,1.0,30.0,1.0,DOS MIL PESOS,,,1.0,1.0,,,1.0,,,1.0,,,2.0,2.0,2.0,1.0,1.0,2.0,2.0,2.0,1.0,2.0,1.0,1.0,2.0,2.0,2.0,9,6,0,1.0,1.0
28972,1,1,1,0,,1,,,,,1,Hombre,56,3136,3,Basica primaria,Baja,2,,1.0,,,3,,,,,,,,,,,,,,,,,,,,,,,,,,,,,,,,,9,6,0,1.0,1.0
28993,1,1,1,1,1.0,0,40000.0,10.596634733096073,30.0,1500.0,1,Hombre,24,576,5,Media,Media,1,1.0,1.0,1.0,,2,5.0,1.0,15.0,1.0,MIL QUINIENTOS,,,1.0,,,,,,,1.0,,,1.0,2.0,2.0,1.0,2.0,2.0,2.0,1.0,1.0,1.0,1.0,1.0,2.0,2.0,2.0,9,6,0,1.0,1.0
28995,1,1,1,0,,1,,,,,1,Hombre,33,1089,6,Tecnica/tecnologica,Superior,2,,1.0,,,3,,,,,,,,,,,,,,,,,,,,,,,,,,,,,,,,,9,2,2,1.0,1.0
29006,3,1,3,1,1.0,0,3000.0,8.006367567650246,1.0,,2,Mujer,26,676,8,Postgrado,Superior,1,,,,,3,1.0,1.0,1.0,2.0,,,,,1.0,,1.0,,,,2.0,,,2.0,2.0,2.0,2.0,2.0,2.0,2.0,2.0,2.0,2.0,2.0,2.0,2.0,2.0,2.0,9,6,0,1.0,2.0
29008,3,1,3,1,1.0,0,,,,,1,Hombre,22,484,5,Media,Media,2,,,,,9,,,,,,,,,,,,,,,,,,,,,,,,,,,,,,,,,9,6,0,1.0,1.0
29013,3,1,3,1,1.0,0,,,,,1,Hombre,22,484,5,Media,Media,2,,1.0,,,3,,,,,,,,,,,,,,,,,,,,,,,,,,,,,,,,,9,6,0,1.0,1.0
29022,2,1,2,0,,1,,,,,2,Mujer,27,729,5,Media,Media,2,,1.0,,,3,,,,,,,,,,,,,,,,,,,,,,,,,,,,,,,,,9,5,2,1.0,2.0
29040,1,1,1,0,,1,,,,,1,Hombre,51,2601,8,Postgrado,Superior,2,,1.0,,,3,,,,,,,,,,,,,,,,,,,,,,,,,,,,,,,,,9,5,2,1.0,1.0
29051,1,1,1,0,,1,,,,,1,Hombre,30,900,8,Postgrado,Superior,2,,1.0,,,3,,,,,,,,,,,,,,,,,,,,,,,,,,,,,,,,,9,2,2,1.0,1.0
29077,2,1,2,0,,1,,,,,1,Hombre,33,1089,7,Universitaria,Superior,2,,1.0,,,3,,,,,,,,,,,,,,,,,,,,,,,,,,,,,,,,,9,6,0,1.0,1.0
29085,1,1,1,0,,1,,,,,2,Mujer,43,1849,6,Tecnica/tecnologica,Superior,2,,1.0,,,3,,,,,,,,,,,,,,,,,,,,,,,,,,,,,,,,,9,6,2,1.0,2.0
29094,3,1,3,0,,1,,,,,1,Hombre,31,961,5,Media,Media,2,,1.0,,,3,,,,,,,,,,,,,,,,,,,,,,,,,,,,,,,,,9,6,1,1.0,1.0
29098,1,1,1,0,,1,,,,,2,Mujer,54,2916,5,Media,Media,2,,1.0,,,3,,,,,,,,,,,,,,,,,,,,,,,,,,,,,,,,,9,5,5,1.0,2.0
29126,1,1,1,0,,1,4000.0,8.294049640102028,60.0,2000.0,1,Hombre,28,784,5,Media,Media,1,,1.0,,,3,5.0,1.0,30.0,1.0,DOS MIL PESOS,,,1.0,,,,,,,2.0,,,2.0,2.0,2.0,2.0,2.0,2.0,2.0,2.0,2.0,2.0,2.0,2.0,2.0,2.0,2.0,9,2,2,1.0,1.0
29129,1,1,1,0,,1,,,,,1,Hombre,27,729,5,Media,Media,2,,1.0,,,3,,,,,,,,,,,,,,,,,,,,,,,,,,,,,,,,,9,6,0,1.0,1.0
29153,1,1,1,0,,1,,,,,1,Hombre,27,729,7,Universitaria,Superior,2,,1.0,,,3,,,,,,,,,,,,,,,,,,,,,,,,,,,,,,,,,9,6,1,1.0,1.0
29188,2,1,2,0,,1,,,,,2,Mujer,36,1296,4,Basica secundaria,Media,2,,1.0,,,3,,,,,,,,,,,,,,,,,,,,,,,,,,,,,,,,,9,2,3,1.0,2.0
29190,2,1,2,0,,1,,,,,2,Mujer,59,3481,6,Tecnica/tecnologica,Superior,2,,,1.0,,3,,,,,,,,,,,,,,,,,,,,,,,,,,,,,,,,,9,3,0,1.0,2.0
29206,3,1,3,1,1.0,0,,,,,2,Mujer,23,529,7,Universitaria,Superior,2,,,,,3,,,,,,,,,,,,,,,,,,,,,,,,,,,,,,,,,1,6,0,1.0,2.0
29226,1,1,1,1,1.0,0,3000.0,8.006367567650246,1.0,,2,Mujer,37,1369,8,Postgrado,Superior,1,,1.0,,,3,3.0,1.0,1.0,2.0,,,,,1.0,,,,,,2.0,,,2.0,2.0,2.0,2.0,2.0,2.0,2.0,2.0,2.0,2.0,2.0,2.0,2.0,2.0,2.0,9,6,0,1.0,2.0
29241,1,1,1,0,,1,,,,,1,Hombre,38,1444,8,Postgrado,Superior,2,,1.0,,,3,,,,,,,,,,,,,,,,,,,,,,,,,,,,,,,,,9,3,1,1.0,1.0
29254,1,1,1,1,1.0,0,,,1.0,,2,Mujer,24,576,8,Postgrado,Superior,1,1.0,1.0,,,3,2.0,2.0,,2.0,,,,,1.0,,,,,,1.0,,,2.0,2.0,2.0,2.0,2.0,2.0,2.0,2.0,2.0,2.0,1.0,1.0,2.0,2.0,2.0,9,6,0,1.0,2.0
29259,1,1,1,0,,1,,,,,1,Hombre,39,1521,5,Media,Media,2,,1.0,,,3,,,,,,,,,,,,,,,,,,,,,,,,,,,,,,,,,9,6,4,1.0,1.0
29268,1,1,1,1,1.0,0,10000.0,9.210340371976184,3.0,2000.0,1,Hombre,32,1024,6,Tecnica/tecnologica,Superior,1,,,,,3,3.0,1.0,5.0,1.0,DOS MIL PESOS,,1.0,,,,,,,,2.0,,,2.0,2.0,2.0,2.0,2.0,1.0,2.0,2.0,1.0,2.0,2.0,1.0,2.0,2.0,1.0,9,4,0,2.0,1.0
29285,1,1,1,1,1.0,0,,,,,1,Hombre,46,2116,7,Universitaria,Superior,2,,,,,3,,,,,,,,,,,,,,,,,,,,,,,,,,,,,,,,,9,5,2,1.0,1.0
29287,4,1,4,0,,1,,,,,1,Hombre,48,2304,7,Universitaria,Superior,2,,1.0,,,3,,,,,,,,,,,,,,,,,,,,,,,,,,,,,,,,,9,6,0,1.0,1.0
29300,1,1,1,0,,1,,,,,1,Hombre,21,441,5,Media,Media,2,,1.0,,,3,,,,,,,,,,,,,,,,,,,,,,,,,,,,,,,,,9,1,0,1.0,1.0
29305,1,1,1,0,,1,,,,,2,Mujer,32,1024,5,Media,Media,2,,1.0,,,3,,,,,,,,,,,,,,,,,,,,,,,,,,,,,,,,,5,6,4,1.0,2.0
29309,1,1,1,0,,1,,,,,2,Mujer,26,676,5,Media,Media,2,,1.0,,,3,,,,,,,,,,,,,,,,,,,,,,,,,,,,,,,,,9,3,0,1.0,2.0
29310,3,1,3,1,1.0,0,,,,,2,Mujer,20,400,6,Tecnica/tecnologica,Superior,2,,,,,3,,,,,,,,,,,,,,,,,,,,,,,,,,,,,,,,,9,6,0,1.0,2.0
29337,1,1,1,0,,1,,,,,2,Mujer,61,3721,5,Media,Media,2,,1.0,,,3,,,,,,,,,,,,,,,,,,,,,,,,,,,,,,,,,9,5,3,1.0,2.0
29361,1,1,1,0,,1,,,,,2,Mujer,54,2916,6,Tecnica/tecnologica,Superior,2,,1.0,,,3,,,,,,,,,,,,,,,,,,,,,,,,,,,,,,,,,9,5,1,1.0,2.0
29382,3,1,3,0,,1,,,,,1,Hombre,17,289,5,Media,Media,2,,1.0,,,3,,,,,,,,,,,,,,,,,,,,,,,,,,,,,,,,,9,6,0,,
29392,2,1,2,0,,1,,,,,1,Hombre,24,576,6,Tecnica/tecnologica,Superior,2,,,,1.0,3,,,,,,,,,,,,,,,,,,,,,,,,,,,,,,,,,9,6,0,1.0,1.0
29421,1,1,1,0,,1,60000.0,11.002099841204238,20.0,1000.0,1,Hombre,60,3600,3,Basica primaria,Baja,1,,1.0,1.0,,3,5.0,1.0,30.0,1.0,MIL PESOS,,,1.0,,,,,,,2.0,,,2.0,2.0,2.0,2.0,2.0,2.0,2.0,1.0,2.0,2.0,2.0,2.0,2.0,2.0,2.0,9,5,1,1.0,1.0
29429,1,1,1,0,,1,,,,,1,Hombre,30,900,5,Media,Media,2,,1.0,,,3,,,,,,,,,,,,,,,,,,,,,,,,,,,,,,,,,9,2,1,1.0,1.0
29431,1,1,1,0,,1,,,,,2,Mujer,23,529,5,Media,Media,2,,1.0,,,3,,,,,,,,,,,,,,,,,,,,,,,,,,,,,,,,,9,1,1,1.0,2.0
29434,1,1,1,1,1.0,0,4000.0,8.294049640102028,2.0,2000.0,1,Hombre,25,625,3,Basica primaria,Baja,1,,,,,3,2.0,1.0,1.0,1.0,DOS MIL PESOS,,,,1.0,,,,,,2.0,,,2.0,2.0,2.0,2.0,2.0,2.0,2.0,2.0,2.0,2.0,2.0,2.0,2.0,2.0,1.0,5,2,1,1.0,1.0
29444,1,1,1,1,1.0,0,,,,,1,Hombre,50,2500,7,Universitaria,Superior,2,,,,,3,,,,,,,,,,,,,,,,,,,,,,,,,,,,,,,,,5,3,5,1.0,1.0
29449,3,1,3,0,,1,,,,,1,Hombre,21,441,7,Universitaria,Superior,2,,1.0,,,3,,,,,,,,,,,,,,,,,,,,,,,,,,,,,,,,,9,6,0,1.0,1.0
29452,1,1,1,1,1.0,0,,,,,1,Hombre,60,3600,8,Postgrado,Superior,2,,,,,3,,,,,,,,,,,,,,,,,,,,,,,,,,,,,,,,,9,3,4,1.0,1.0
29458,1,1,1,0,,1,,,,,2,Mujer,55,3025,6,Tecnica/tecnologica,Superior,2,,1.0,,,3,,,,,,,,,,,,,,,,,,,,,,,,,,,,,,,,,9,5,2,1.0,2.0
29472,1,1,1,0,,1,,,1.0,2000.0,1,Hombre,48,2304,3,Basica primaria,Baja,1,,1.0,,,2,2.0,2.0,,1.0,DOS MIL PESOS,,,1.0,,,,,,,2.0,,,2.0,2.0,2.0,1.0,2.0,2.0,2.0,2.0,2.0,2.0,1.0,1.0,2.0,2.0,2.0,9,1,4,1.0,1.0
29477,3,1,3,1,1.0,0,10000.0,9.210340371976184,5.0,2000.0,1,Hombre,19,361,4,Basica secundaria,Media,1,,1.0,,,3,4.0,1.0,5.0,1.0,DOS MIL PESOS,,,1.0,1.0,,,,,,2.0,,,2.0,2.0,1.0,1.0,2.0,2.0,2.0,2.0,2.0,2.0,1.0,2.0,2.0,2.0,2.0,9,2,0,1.0,1.0
29495,3,1,3,1,1.0,0,10000.0,9.210340371976184,2.0,3000.0,2,Mujer,21,441,5,Media,Media,1,,,,,3,2.0,1.0,2.0,1.0,TRES MIL PESOS,,,,1.0,,,,,,2.0,,,2.0,2.0,2.0,2.0,2.0,1.0,1.0,2.0,2.0,2.0,2.0,2.0,2.0,2.0,2.0,9,6,0,1.0,2.0
29501,2,1,2,1,1.0,0,,,,,1,Hombre,54,2916,5,Media,Media,2,,,,,3,,,,,,,,,,,,,,,,,,,,,,,,,,,,,,,,,9,5,1,1.0,1.0
29507,1,1,1,0,,1,,,,,2,Mujer,26,676,5,Media,Media,2,,1.0,,,3,,,,,,,,,,,,,,,,,,,,,,,,,,,,,,,,,9,6,2,1.0,2.0
29583,2,1,2,0,,1,,,,,2,Mujer,36,1296,6,Tecnica/tecnologica,Superior,2,,1.0,,,3,,,,,,,,,,,,,,,,,,,,,,,,,,,,,,,,,9,6,0,1.0,2.0
29591,1,1,1,1,1.0,0,2000.0,7.600902459542082,4.0,3000.0,1,Hombre,37,1369,7,Universitaria,Superior,1,,,,,3,3.0,1.0,4.0,1.0,TRES MIL PESOS,,,,1.0,,,,,,2.0,,,2.0,2.0,2.0,2.0,2.0,2.0,2.0,2.0,2.0,2.0,2.0,2.0,2.0,2.0,1.0,9,1,1,1.0,1.0
29602,1,1,1,0,,1,,,,,2,Mujer,44,1936,7,Universitaria,Superior,2,,1.0,,,3,,,,,,,,,,,,,,,,,,,,,,,,,,,,,,,,,9,6,2,1.0,2.0
29607,1,1,1,1,1.0,0,,,,,1,Hombre,30,900,5,Media,Media,2,,,,,3,,,,,,,,,,,,,,,,,,,,,,,,,,,,,,,,,9,2,1,1.0,1.0
29634,1,1,1,1,1.0,0,,,,,2,Mujer,32,1024,6,Tecnica/tecnologica,Superior,2,,,,,9,,,,,,,,,,,,,,,,,,,,,,,,,,,,,,,,,9,2,1,1.0,2.0
29663,1,1,1,0,,1,,,,,2,Mujer,57,3249,5,Media,Media,2,,1.0,,,3,,,,,,,,,,,,,,,,,,,,,,,,,,,,,,,,,9,6,4,1.0,2.0
29684,2,1,2,1,1.0,0,,,,,1,Hombre,29,841,6,Tecnica/tecnologica,Superior,2,,,,,3,,,,,,,,,,,,,,,,,,,,,,,,,,,,,,,,,5,6,1,1.0,1.0
29711,1,1,1,1,1.0,0,1000.0,6.907755278982137,1.0,2000.0,1,Hombre,29,841,5,Media,Media,1,1.0,1.0,1.0,,3,2.0,1.0,3.0,1.0,DOS MIL PESOS,,,,1.0,,,,,,1.0,,,2.0,2.0,2.0,1.0,2.0,1.0,2.0,2.0,1.0,1.0,2.0,2.0,2.0,2.0,2.0,9,1,0,1.0,1.0
29750,2,1,2,1,1.0,0,24000.0,10.085809109330082,4.0,5000.0,2,Mujer,28,784,7,Universitaria,Superior,1,1.0,,1.0,,3,3.0,1.0,3.0,1.0,CINCO MIL PESOS,,,,1.0,,,,,,1.0,,,2.0,2.0,2.0,2.0,2.0,2.0,2.0,2.0,2.0,2.0,2.0,2.0,2.0,2.0,2.0,9,2,0,1.0,2.0
29753,1,1,1,0,,1,,,,,2,Mujer,61,3721,8,Postgrado,Superior,2,,1.0,,,3,,,,,,,,,,,,,,,,,,,,,,,,,,,,,,,,,9,4,1,1.0,2.0
29784,1,1,1,1,1.0,0,10000.0,9.210340371976184,4.0,5000.0,1,Hombre,40,1600,7,Universitaria,Superior,1,1.0,,,,3,4.0,1.0,4.0,1.0,CINCO MIL,,,,1.0,,,,,,1.0,,,1.0,2.0,2.0,2.0,2.0,1.0,1.0,2.0,2.0,2.0,1.0,2.0,2.0,2.0,2.0,9,6,2,1.0,1.0
29792,1,1,1,1,1.0,0,,,6.0,2000.0,2,Mujer,24,576,5,Media,Media,1,1.0,,1.0,,3,2.0,2.0,,1.0,dos mil pesos,,,,1.0,,1.0,1.0,,,1.0,,,2.0,2.0,2.0,2.0,2.0,2.0,2.0,2.0,2.0,2.0,2.0,2.0,2.0,2.0,2.0,9,3,1,1.0,2.0
29802,1,1,1,0,,1,,,,,1,Hombre,45,2025,5,Media,Media,2,,1.0,,,3,,,,,,,,,,,,,,,,,,,,,,,,,,,,,,,,,9,2,2,1.0,1.0
29809,1,1,1,0,,1,,,,,1,Hombre,58,3364,6,Tecnica/tecnologica,Superior,2,,1.0,,,3,,,,,,,,,,,,,,,,,,,,,,,,,,,,,,,,,9,6,2,1.0,1.0
29816,2,1,2,1,1.0,0,,,,,1,Hombre,35,1225,4,Basica secundaria,Media,2,,1.0,,,3,,,,,,,,,,,,,,,,,,,,,,,,,,,,,,,,,9,2,1,1.0,1.0
29819,2,1,2,0,,1,,,,,1,Hombre,25,625,5,Media,Media,2,,,,1.0,3,,,,,,,,,,,,,,,,,,,,,,,,,,,,,,,,,9,6,0,1.0,1.0
29826,3,1,3,0,,1,,,,,2,Mujer,23,529,6,Tecnica/tecnologica,Superior,2,,,1.0,,3,,,,,,,,,,,,,,,,,,,,,,,,,,,,,,,,,5,2,1,1.0,2.0
29833,5,1,5,0,,1,,,,,1,Hombre,21,441,6,Tecnica/tecnologica,Superior,2,,1.0,,,3,,,,,,,,,,,,,,,,,,,,,,,,,,,,,,,,,9,1,1,1.0,1.0
29846,2,1,2,0,,1,,,,,2,Mujer,27,729,5,Media,Media,2,,1.0,,,9,,,,,,,,,,,,,,,,,,,,,,,,,,,,,,,,,9,5,2,1.0,2.0
29876,1,1,1,0,,1,,,,,1,Hombre,60,3600,3,Basica primaria,Baja,2,,1.0,,,3,,,,,,,,,,,,,,,,,,,,,,,,,,,,,,,,,9,6,1,1.0,1.0
29879,1,1,1,0,,1,,,,,1,Hombre,57,3249,4,Basica secundaria,Media,2,,1.0,,,3,,,,,,,,,,,,,,,,,,,,,,,,,,,,,,,,,1,3,2,1.0,1.0
29919,3,1,3,1,1.0,0,6000.0,8.699514748210191,2.0,3000.0,1,Hombre,15,225,5,Media,Media,1,,,,,1,1.0,1.0,2.0,1.0,TRES MIL PESOS,,,,1.0,,,,,,2.0,,,2.0,2.0,2.0,1.0,2.0,1.0,1.0,2.0,2.0,2.0,1.0,2.0,1.0,2.0,2.0,9,6,0,,
29933,3,1,3,0,,1,,,,,2,Mujer,15,225,4,Basica secundaria,Media,2,,1.0,,,3,,,,,,,,,,,,,,,,,,,,,,,,,,,,,,,,,9,6,0,,
29961,5,1,5,1,1.0,0,,,,,1,Hombre,18,324,4,Basica secundaria,Media,2,,,,,3,,,,,,,,,,,,,,,,,,,,,,,,,,,,,,,,,9,6,0,1.0,1.0
30009,4,1,4,1,1.0,0,10000.0,9.210340371976184,5.0,2000.0,2,Mujer,17,289,5,Media,Media,1,1.0,1.0,,,3,3.0,1.0,1.0,1.0,DOS MIL PESOS,,,,1.0,,,,,,1.0,,,2.0,2.0,2.0,2.0,2.0,1.0,2.0,2.0,2.0,2.0,2.0,1.0,2.0,2.0,1.0,9,6,0,,
30014,1,1,1,0,,1,,,,,1,Hombre,46,2116,4,Basica secundaria,Media,2,,1.0,,,3,,,,,,,,,,,,,,,,,,,,,,,,,,,,,,,,,9,2,3,1.0,1.0
30017,3,1,3,0,,1,,,,,1,Hombre,19,361,7,Universitaria,Superior,2,,1.0,,,3,,,,,,,,,,,,,,,,,,,,,,,,,,,,,,,,,9,6,0,2.0,1.0
30040,2,1,2,0,,1,20000.0,9.903487552536127,10.0,2000.0,1,Hombre,19,361,5,Media,Media,1,,1.0,,,9,4.0,1.0,10.0,1.0,DOS MIL PESOS,,,1.0,,,,,,,2.0,,,2.0,2.0,2.0,2.0,2.0,2.0,2.0,2.0,2.0,2.0,2.0,2.0,2.0,2.0,2.0,5,6,0,1.0,1.0
30069,3,1,3,1,1.0,0,,,,,1,Hombre,25,625,7,Universitaria,Superior,2,,,,,3,,,,,,,,,,,,,,,,,,,,,,,,,,,,,,,,,2,6,0,1.0,1.0
30076,4,1,4,0,,1,,,,,1,Hombre,35,1225,4,Basica secundaria,Media,2,,1.0,,,3,,,,,,,,,,,,,,,,,,,,,,,,,,,,,,,,,9,6,0,1.0,1.0
30184,1,1,1,0,,1,,,,,2,Mujer,61,3721,5,Media,Media,2,,1.0,,,3,,,,,,,,,,,,,,,,,,,,,,,,,,,,,,,,,5,4,3,1.0,2.0
30197,4,1,4,0,,1,30000.0,10.308952660644293,20.0,5000.0,1,Hombre,25,625,5,Media,Media,1,,1.0,,,3,3.0,1.0,20.0,1.0,CINCO MIL PESOS,,,,1.0,,,,,,2.0,,,2.0,2.0,2.0,2.0,2.0,2.0,2.0,2.0,2.0,2.0,2.0,2.0,2.0,2.0,1.0,9,6,0,1.0,1.0
30223,1,1,1,1,1.0,0,20000.0,9.903487552536127,10.0,5000.0,1,Hombre,26,676,6,Tecnica/tecnologica,Superior,1,1.0,1.0,1.0,,3,5.0,1.0,30.0,1.0,CINCO  MIL PESOS,,,,1.0,,,,,,1.0,,,2.0,2.0,2.0,2.0,2.0,1.0,1.0,2.0,1.0,1.0,2.0,1.0,1.0,2.0,2.0,9,6,2,1.0,1.0
30227,2,1,2,0,,1,,,,,2,Mujer,20,400,5,Media,Media,2,,1.0,,,3,,,,,,,,,,,,,,,,,,,,,,,,,,,,,,,,,9,6,0,1.0,2.0
30237,3,1,3,0,,1,,,,,2,Mujer,27,729,5,Media,Media,2,,1.0,,,3,,,,,,,,,,,,,,,,,,,,,,,,,,,,,,,,,9,6,0,1.0,2.0
30297,1,1,1,0,,1,,,,,1,Hombre,63,3969,5,Media,Media,2,,1.0,,,3,,,,,,,,,,,,,,,,,,,,,,,,,,,,,,,,,9,3,2,1.0,1.0
30314,3,1,3,1,1.0,0,,,1.0,,2,Mujer,23,529,6,Tecnica/tecnologica,Superior,1,,,,,3,2.0,2.0,,2.0,,,,,1.0,,,,,,1.0,,1.0,2.0,2.0,2.0,2.0,2.0,1.0,2.0,1.0,2.0,2.0,2.0,2.0,2.0,2.0,2.0,9,6,0,1.0,2.0
30327,1,1,1,1,1.0,0,,,,,1,Hombre,44,1936,3,Basica primaria,Baja,2,,,,,3,,,,,,,,,,,,,,,,,,,,,,,,,,,,,,,,,9,4,1,1.0,1.0
30335,1,1,1,0,,1,,,1.0,2000.0,1,Hombre,32,1024,6,Tecnica/tecnologica,Superior,1,,1.0,,,3,1.0,2.0,,1.0,DOS MIL,,,,1.0,,,,,,2.0,,,2.0,2.0,2.0,2.0,2.0,2.0,2.0,2.0,2.0,2.0,2.0,2.0,2.0,2.0,2.0,9,6,1,1.0,1.0
30378,3,1,3,0,,1,,,,,2,Mujer,20,400,6,Tecnica/tecnologica,Superior,2,,1.0,,,3,,,,,,,,,,,,,,,,,,,,,,,,,,,,,,,,,5,6,0,1.0,2.0
30419,2,1,2,1,1.0,0,,,,,1,Hombre,21,441,7,Universitaria,Superior,2,,1.0,,,3,,,,,,,,,,,,,,,,,,,,,,,,,,,,,,,,,9,6,0,3.0,1.0
30448,1,1,1,1,1.0,0,,,,,1,Hombre,29,841,5,Media,Media,2,,,1.0,,3,,,,,,,,,,,,,,,,,,,,,,,,,,,,,,,,,9,6,0,1.0,1.0
30462,3,1,3,0,,1,1000.0,6.907755278982137,1.0,1000.0,1,Hombre,24,576,5,Media,Media,1,,1.0,,,1,1.0,1.0,1.0,1.0,MIL PESOS,,,,1.0,,,,,,2.0,,,2.0,1.0,2.0,2.0,2.0,1.0,2.0,2.0,2.0,2.0,2.0,2.0,2.0,2.0,2.0,9,5,1,1.0,1.0
30491,1,1,1,1,1.0,0,40000.0,10.596634733096073,30.0,5000.0,2,Mujer,30,900,7,Universitaria,Superior,1,,1.0,,,3,5.0,1.0,30.0,1.0,CINCO MIL PESOS,,1.0,,1.0,,,,,,2.0,,,1.0,2.0,2.0,2.0,2.0,2.0,2.0,2.0,2.0,2.0,2.0,2.0,1.0,1.0,2.0,9,3,0,1.0,2.0
30494,2,1,2,0,,1,,,,,2,Mujer,30,900,5,Media,Media,2,,1.0,,,3,,,,,,,,,,,,,,,,,,,,,,,,,,,,,,,,,9,2,1,1.0,2.0
30520,1,1,1,0,,1,,,,,1,Hombre,61,3721,7,Universitaria,Superior,2,,,,1.0,3,,,,,,,,,,,,,,,,,,,,,,,,,,,,,,,,,9,3,3,1.0,1.0
30526,2,1,2,0,,1,,,,,2,Mujer,31,961,5,Media,Media,2,,1.0,,,3,,,,,,,,,,,,,,,,,,,,,,,,,,,,,,,,,9,6,1,1.0,2.0
30529,3,1,3,0,,1,,,,,1,Hombre,15,225,4,Basica secundaria,Media,2,,1.0,,,3,,,,,,,,,,,,,,,,,,,,,,,,,,,,,,,,,9,6,0,,
30571,1,1,1,0,,1,,,,,1,Hombre,52,2704,6,Tecnica/tecnologica,Superior,2,,1.0,,,3,,,,,,,,,,,,,,,,,,,,,,,,,,,,,,,,,9,2,1,1.0,1.0
30607,4,1,4,0,,1,,,,,1,Hombre,28,784,5,Media,Media,2,,1.0,,,3,,,,,,,,,,,,,,,,,,,,,,,,,,,,,,,,,9,5,2,1.0,1.0
30619,2,1,2,1,1.0,0,40000.0,10.596634733096073,70.0,,1,Hombre,29,841,5,Media,Media,1,1.0,1.0,1.0,,3,5.0,1.0,30.0,2.0,,,,,,1.0,,,,,1.0,,,2.0,2.0,2.0,2.0,2.0,1.0,1.0,2.0,1.0,2.0,1.0,1.0,2.0,2.0,1.0,9,6,1,1.0,1.0
30644,1,1,1,0,,1,,,,,1,Hombre,31,961,5,Media,Media,2,,1.0,,,3,,,,,,,,,,,,,,,,,,,,,,,,,,,,,,,,,9,2,3,1.0,1.0
30651,2,1,2,1,1.0,0,,,,,1,Hombre,20,400,4,Basica secundaria,Media,2,,1.0,1.0,,3,,,,,,,,,,,,,,,,,,,,,,,,,,,,,,,,,9,6,0,1.0,1.0
30663,1,1,1,0,,1,,,,,2,Mujer,31,961,8,Postgrado,Superior,2,,1.0,,,3,,,,,,,,,,,,,,,,,,,,,,,,,,,,,,,,,9,6,0,1.0,2.0
30718,3,1,3,0,,1,,,,,1,Hombre,59,3481,6,Tecnica/tecnologica,Superior,2,,1.0,,,3,,,,,,,,,,,,,,,,,,,,,,,,,,,,,,,,,9,6,0,1.0,1.0
30724,3,1,3,1,1.0,0,,,,,1,Hombre,42,1764,7,Universitaria,Superior,2,,,,,3,,,,,,,,,,,,,,,,,,,,,,,,,,,,,,,,,9,5,1,1.0,1.0
30741,1,1,1,0,,1,,,,,1,Hombre,60,3600,5,Media,Media,2,,1.0,,,3,,,,,,,,,,,,,,,,,,,,,,,,,,,,,,,,,9,1,9,1.0,1.0
30757,1,1,1,1,1.0,0,,,,,1,Hombre,42,1764,4,Basica secundaria,Media,2,,,,,3,,,,,,,,,,,,,,,,,,,,,,,,,,,,,,,,,9,3,1,1.0,1.0
30824,1,1,1,0,,1,,,,,2,Mujer,24,576,5,Media,Media,2,,,,1.0,3,,,,,,,,,,,,,,,,,,,,,,,,,,,,,,,,,9,6,2,1.0,2.0
30825,7,1,7,1,1.0,0,,,,,1,Hombre,50,2500,4,Basica secundaria,Media,2,,,,,3,,,,,,,,,,,,,,,,,,,,,,,,,,,,,,,,,9,5,6,1.0,1.0
30835,2,1,2,0,,1,,,,,1,Hombre,33,1089,8,Postgrado,Superior,2,,1.0,,,3,,,,,,,,,,,,,,,,,,,,,,,,,,,,,,,,,1,6,0,1.0,1.0
30846,2,1,2,0,,1,,,,,1,Hombre,40,1600,3,Basica primaria,Baja,2,,1.0,,,3,,,,,,,,,,,,,,,,,,,,,,,,,,,,,,,,,9,6,0,1.0,1.0
30872,1,1,1,1,1.0,0,,,,,2,Mujer,26,676,5,Media,Media,2,,,,,3,,,,,,,,,,,,,,,,,,,,,,,,,,,,,,,,,9,6,0,1.0,2.0
30911,1,1,1,1,1.0,0,,,,,1,Hombre,25,625,5,Media,Media,2,,1.0,1.0,,3,,,,,,,,,,,,,,,,,,,,,,,,,,,,,,,,,9,2,1,1.0,1.0
30922,1,1,1,0,,1,20000.0,9.903487552536127,2.0,2000.0,1,Hombre,53,2809,8,Postgrado,Superior,1,,1.0,,,3,4.0,1.0,2.0,1.0,DOS MIL PESOS,,,,,,,,,1.0,2.0,,,2.0,2.0,2.0,2.0,2.0,2.0,2.0,2.0,2.0,2.0,2.0,2.0,2.0,2.0,2.0,9,3,4,1.0,1.0
30927,2,1,2,0,,1,60000.0,11.002099841204238,40.0,2000.0,1,Hombre,59,3481,6,Tecnica/tecnologica,Superior,1,1.0,1.0,,,3,5.0,1.0,30.0,1.0,DOS MIL,,,1.0,,,,,,,1.0,1.0,,1.0,1.0,2.0,1.0,2.0,1.0,2.0,1.0,2.0,2.0,2.0,2.0,1.0,1.0,1.0,9,6,1,1.0,1.0
30974,3,1,3,0,,1,,,,,1,Hombre,34,1156,3,Basica primaria,Baja,2,,1.0,,,3,,,,,,,,,,,,,,,,,,,,,,,,,,,,,,,,,9,6,0,1.0,1.0
30978,2,1,2,1,1.0,0,,,1.0,3000.0,1,Hombre,16,256,5,Media,Media,1,1.0,,,,2,2.0,2.0,,1.0,TRES MIL PESOS,,,,1.0,,,,,,1.0,,,1.0,2.0,2.0,1.0,2.0,2.0,2.0,2.0,2.0,2.0,1.0,2.0,2.0,2.0,2.0,9,6,0,,
30981,1,1,1,0,,1,,,,,1,Hombre,49,2401,8,Postgrado,Superior,2,,1.0,,,3,,,,,,,,,,,,,,,,,,,,,,,,,,,,,,,,,9,3,2,1.0,1.0
30989,4,1,4,0,,1,,,,,1,Hombre,32,1024,6,Tecnica/tecnologica,Superior,2,,,,1.0,9,,,,,,,,,,,,,,,,,,,,,,,,,,,,,,,,,9,6,0,1.0,1.0
31037,1,1,1,0,,1,,,,,1,Hombre,58,3364,3,Basica primaria,Baja,2,,1.0,,,3,,,,,,,,,,,,,,,,,,,,,,,,,,,,,,,,,5,5,3,1.0,1.0
31039,2,1,2,0,,1,,,,,1,Hombre,36,1296,5,Media,Media,2,,1.0,,,3,,,,,,,,,,,,,,,,,,,,,,,,,,,,,,,,,1,6,0,1.0,1.0
31044,1,1,1,0,,1,,,,,1,Hombre,29,841,4,Basica secundaria,Media,2,,1.0,,,3,,,,,,,,,,,,,,,,,,,,,,,,,,,,,,,,,1,2,3,1.0,1.0
31055,2,1,2,0,,1,,,,,1,Hombre,33,1089,4,Basica secundaria,Media,2,,1.0,,,3,,,,,,,,,,,,,,,,,,,,,,,,,,,,,,,,,9,3,2,1.0,1.0
31063,1,1,1,0,,1,,,,,1,Hombre,52,2704,6,Tecnica/tecnologica,Superior,2,,1.0,,,3,,,,,,,,,,,,,,,,,,,,,,,,,,,,,,,,,9,2,1,1.0,1.0
31064,2,1,2,1,1.0,0,,,2.0,5000.0,1,Hombre,16,256,4,Basica secundaria,Media,1,1.0,,,,3,1.0,2.0,,1.0,CINCO MIL PESOS,,,,1.0,,,,,,1.0,1.0,,1.0,2.0,2.0,1.0,2.0,2.0,2.0,2.0,2.0,2.0,2.0,2.0,2.0,2.0,2.0,9,6,0,,
31065,2,1,2,0,,1,,,,,1,Hombre,18,324,5,Media,Media,2,,,1.0,,3,,,,,,,,,,,,,,,,,,,,,,,,,,,,,,,,,9,6,0,1.0,1.0
31075,9,1,9,1,1.0,0,,,,,1,Hombre,18,324,4,Basica secundaria,Media,2,,,,,3,,,,,,,,,,,,,,,,,,,,,,,,,,,,,,,,,1,6,0,1.0,1.0
31083,1,1,1,0,,1,,,,,1,Hombre,20,400,5,Media,Media,2,,1.0,,,3,,,,,,,,,,,,,,,,,,,,,,,,,,,,,,,,,9,1,1,1.0,1.0
31098,2,1,2,1,1.0,0,,,5.0,2000.0,2,Mujer,36,1296,7,Universitaria,Superior,1,1.0,1.0,1.0,1.0,3,5.0,2.0,,1.0,DOS MIL PESOS,,,,,1.0,,,,,1.0,,,1.0,2.0,2.0,1.0,2.0,2.0,2.0,1.0,2.0,2.0,1.0,2.0,1.0,1.0,1.0,9,5,1,1.0,2.0
31113,2,1,2,0,,1,,,,,1,Hombre,54,2916,3,Basica primaria,Baja,2,,1.0,,,3,,,,,,,,,,,,,,,,,,,,,,,,,,,,,,,,,1,2,7,1.0,1.0
31125,1,1,1,1,1.0,0,,,1.0,2500.0,1,Hombre,27,729,5,Media,Media,1,,,,,3,2.0,2.0,,1.0,DOS MIL QUINIENTOS,,,,1.0,,1.0,,,,2.0,,,2.0,2.0,2.0,2.0,2.0,2.0,2.0,2.0,2.0,2.0,2.0,2.0,2.0,2.0,2.0,9,6,2,1.0,1.0
31126,3,1,3,0,,1,,,,,1,Hombre,30,900,5,Media,Media,2,,1.0,,,3,,,,,,,,,,,,,,,,,,,,,,,,,,,,,,,,,9,6,0,1.0,1.0
31146,4,1,4,1,1.0,0,,,,,2,Mujer,18,324,5,Media,Media,2,,,,,3,,,,,,,,,,,,,,,,,,,,,,,,,,,,,,,,,9,6,0,1.0,2.0
31179,1,1,1,1,1.0,0,60000.0,11.002099841204238,30.0,2000.0,2,Mujer,35,1225,3,Basica primaria,Baja,1,,1.0,,,3,5.0,1.0,30.0,1.0,DOS MIL PESOS,,,1.0,,,,,,,2.0,,,2.0,2.0,2.0,2.0,2.0,2.0,2.0,2.0,2.0,2.0,2.0,2.0,2.0,2.0,2.0,1,5,6,1.0,2.0
31205,1,1,1,1,1.0,0,,,,,1,Hombre,27,729,7,Universitaria,Superior,2,,,,,3,,,,,,,,,,,,,,,,,,,,,,,,,,,,,,,,,9,3,0,1.0,1.0
31214,1,1,1,0,,1,,,,,1,Hombre,62,3844,6,Tecnica/tecnologica,Superior,2,,1.0,,,3,,,,,,,,,,,,,,,,,,,,,,,,,,,,,,,,,9,3,3,1.0,1.0
31223,3,1,3,0,,1,5000.0,8.517193191416238,20.0,2000.0,2,Mujer,20,400,5,Media,Media,1,,1.0,,,3,3.0,1.0,3.0,1.0,DOS MIL PESOS,,,,1.0,,,,,,2.0,,,2.0,2.0,2.0,1.0,2.0,1.0,2.0,1.0,1.0,1.0,1.0,2.0,2.0,2.0,1.0,9,6,0,3.0,2.0
31267,2,1,2,1,1.0,0,,,,,2,Mujer,25,625,5,Media,Media,2,,,,,3,,,,,,,,,,,,,,,,,,,,,,,,,,,,,,,,,9,6,1,1.0,2.0
31289,1,1,1,1,1.0,0,10000.0,9.210340371976184,5.0,2000.0,1,Hombre,58,3364,3,Basica primaria,Baja,1,,,,,3,2.0,1.0,5.0,1.0,DOS MIL PESOS,,,,1.0,,,,,,2.0,,,2.0,2.0,2.0,2.0,2.0,2.0,2.0,2.0,1.0,1.0,1.0,2.0,1.0,2.0,1.0,5,6,1,1.0,1.0
31291,1,1,1,0,,1,,,,,1,Hombre,50,2500,6,Tecnica/tecnologica,Superior,2,,1.0,,,3,,,,,,,,,,,,,,,,,,,,,,,,,,,,,,,,,9,2,5,1.0,1.0
31298,4,1,4,1,1.0,0,8000.0,8.987196820661973,4.0,2000.0,1,Hombre,27,729,7,Universitaria,Superior,1,,,,,3,4.0,1.0,3.0,1.0,DOS MIL PESOS,,,,,1.0,,,,,2.0,,,1.0,1.0,1.0,1.0,1.0,1.0,1.0,2.0,2.0,2.0,2.0,2.0,2.0,2.0,2.0,9,6,0,1.0,1.0
31335,1,1,1,1,1.0,0,,,,,2,Mujer,26,676,7,Universitaria,Superior,2,,,,,3,,,,,,,,,,,,,,,,,,,,,,,,,,,,,,,,,9,6,0,1.0,2.0
31337,1,1,1,0,,1,,,,,1,Hombre,40,1600,6,Tecnica/tecnologica,Superior,2,,1.0,,,3,,,,,,,,,,,,,,,,,,,,,,,,,,,,,,,,,9,2,1,1.0,1.0
31339,1,1,1,1,1.0,0,,,,,1,Hombre,58,3364,5,Media,Media,2,,,,,3,,,,,,,,,,,,,,,,,,,,,,,,,,,,,,,,,9,5,2,1.0,1.0
31378,2,1,2,1,1.0,0,,,,,1,Hombre,25,625,5,Media,Media,2,,,,,3,,,,,,,,,,,,,,,,,,,,,,,,,,,,,,,,,1,5,2,1.0,1.0
31409,2,1,2,0,,1,,,,,1,Hombre,30,900,7,Universitaria,Superior,2,,,1.0,,3,,,,,,,,,,,,,,,,,,,,,,,,,,,,,,,,,9,6,2,1.0,1.0
31410,2,1,2,0,,1,,,,,2,Mujer,33,1089,5,Media,Media,2,,1.0,,,3,,,,,,,,,,,,,,,,,,,,,,,,,,,,,,,,,9,6,1,1.0,2.0
31413,2,1,2,0,,1,,,,,2,Mujer,58,3364,8,Postgrado,Superior,2,,1.0,,,3,,,,,,,,,,,,,,,,,,,,,,,,,,,,,,,,,9,2,1,1.0,2.0
31417,1,1,1,1,1.0,0,,,1.0,,1,Hombre,25,625,5,Media,Media,1,,,,,3,2.0,2.0,,2.0,,,,,1.0,,,,,,2.0,,,2.0,2.0,2.0,2.0,2.0,2.0,2.0,2.0,2.0,2.0,2.0,2.0,2.0,2.0,2.0,9,2,2,1.0,1.0
31433,2,1,2,0,,1,,,,,2,Mujer,64,4096,3,Basica primaria,Baja,2,,1.0,,,3,,,,,,,,,,,,,,,,,,,,,,,,,,,,,,,,,9,3,4,1.0,2.0
31442,3,1,3,1,1.0,0,,,,,1,Hombre,21,441,6,Tecnica/tecnologica,Superior,2,,1.0,,,3,,,,,,,,,,,,,,,,,,,,,,,,,,,,,,,,,5,6,0,1.0,1.0
31444,3,1,3,0,,1,,,,,2,Mujer,49,2401,4,Basica secundaria,Media,2,,1.0,,,3,,,,,,,,,,,,,,,,,,,,,,,,,,,,,,,,,9,6,0,1.0,2.0
31452,3,1,3,1,1.0,0,,,,,1,Hombre,26,676,5,Media,Media,2,,,,,3,,,,,,,,,,,,,,,,,,,,,,,,,,,,,,,,,9,1,0,1.0,1.0
31462,1,1,1,0,,1,,,1.0,,2,Mujer,59,3481,7,Universitaria,Superior,1,,1.0,,,3,1.0,2.0,,2.0,,,,,1.0,,,,,,2.0,,,2.0,2.0,2.0,2.0,2.0,2.0,2.0,2.0,2.0,2.0,2.0,2.0,2.0,2.0,2.0,9,5,1,1.0,2.0
31464,2,1,2,0,,1,,,,,2,Mujer,35,1225,5,Media,Media,2,,1.0,,,3,,,,,,,,,,,,,,,,,,,,,,,,,,,,,,,,,9,3,1,1.0,2.0
31471,1,1,1,0,,1,,,,,1,Hombre,63,3969,3,Basica primaria,Baja,2,,1.0,,,3,,,,,,,,,,,,,,,,,,,,,,,,,,,,,,,,,9,3,3,1.0,1.0
31509,2,1,2,0,,1,60000.0,11.002099841204238,30.0,2000.0,1,Hombre,60,3600,3,Basica primaria,Baja,1,,1.0,,,1,5.0,1.0,30.0,1.0,DOS MIL PESOS,1.0,,,,,,,,,2.0,,,1.0,2.0,2.0,1.0,2.0,2.0,2.0,1.0,2.0,2.0,1.0,2.0,2.0,2.0,1.0,9,5,3,1.0,1.0
31516,1,1,1,1,1.0,0,,,1.0,,1,Hombre,24,576,7,Universitaria,Superior,1,,1.0,1.0,,3,1.0,2.0,,2.0,,,,,,,,,1.0,,2.0,,,2.0,2.0,2.0,2.0,2.0,2.0,2.0,2.0,2.0,2.0,2.0,2.0,2.0,2.0,2.0,9,1,0,1.0,1.0
31523,6,1,6,1,1.0,0,,,,,1,Hombre,22,484,5,Media,Media,2,,1.0,,,3,,,,,,,,,,,,,,,,,,,,,,,,,,,,,,,,,9,6,0,2.0,1.0
31524,2,1,2,1,1.0,0,,,,,1,Hombre,18,324,5,Media,Media,2,,1.0,1.0,1.0,3,,,,,,,,,,,,,,,,,,,,,,,,,,,,,,,,,9,6,0,1.0,1.0
31534,2,1,2,1,1.0,0,,,,,2,Mujer,32,1024,6,Tecnica/tecnologica,Superior,2,,,,,3,,,,,,,,,,,,,,,,,,,,,,,,,,,,,,,,,9,2,0,1.0,2.0
31536,1,1,1,1,1.0,0,,,2.0,2000.0,1,Hombre,43,1849,6,Tecnica/tecnologica,Superior,1,,,,,3,2.0,2.0,,1.0,DOS MIL,,,,1.0,,,,,,2.0,,,2.0,2.0,2.0,2.0,2.0,2.0,2.0,2.0,2.0,2.0,2.0,2.0,2.0,2.0,2.0,9,3,1,1.0,1.0
31548,1,1,1,0,,1,,,,,1,Hombre,64,4096,5,Media,Media,2,,1.0,,,3,,,,,,,,,,,,,,,,,,,,,,,,,,,,,,,,,1,3,3,1.0,1.0
31549,1,1,1,0,,1,,,,,1,Hombre,42,1764,6,Tecnica/tecnologica,Superior,2,,1.0,,,3,,,,,,,,,,,,,,,,,,,,,,,,,,,,,,,,,9,2,2,1.0,1.0
31556,2,1,2,0,,1,,,,,2,Mujer,41,1681,7,Universitaria,Superior,2,,1.0,,,3,,,,,,,,,,,,,,,,,,,,,,,,,,,,,,,,,9,5,2,1.0,1.0
31560,2,1,2,1,1.0,0,,,,,2,Mujer,24,576,7,Universitaria,Superior,2,,,,,3,,,,,,,,,,,,,,,,,,,,,,,,,,,,,,,,,5,2,0,1.0,2.0
31566,1,1,1,0,,1,180000.0,12.100712129872347,60.0,3000.0,1,Hombre,29,841,3,Basica primaria,Baja,1,,1.0,,,1,5.0,1.0,30.0,1.0,TRES MIL PESOS,,,1.0,,,,,,,2.0,,,1.0,2.0,2.0,2.0,2.0,2.0,2.0,2.0,2.0,2.0,2.0,2.0,2.0,2.0,2.0,9,6,0,1.0,1.0
31580,3,1,3,0,,1,,,,,1,Hombre,38,1444,6,Tecnica/tecnologica,Superior,2,,1.0,,,3,,,,,,,,,,,,,,,,,,,,,,,,,,,,,,,,,9,6,0,1.0,1.0
31585,3,1,3,1,1.0,0,,,,,1,Hombre,25,625,4,Basica secundaria,Media,2,,,,,3,,,,,,,,,,,,,,,,,,,,,,,,,,,,,,,,,5,6,0,1.0,1.0
31588,2,1,2,0,,1,,,,,1,Hombre,41,1681,5,Media,Media,2,,1.0,,,3,,,,,,,,,,,,,,,,,,,,,,,,,,,,,,,,,9,6,5,1.0,1.0
31596,3,1,3,1,1.0,0,,,,,1,Hombre,19,361,5,Media,Media,2,,,,,3,,,,,,,,,,,,,,,,,,,,,,,,,,,,,,,,,9,6,0,1.0,1.0
31610,1,1,1,1,1.0,0,,,,,2,Mujer,36,1296,7,Universitaria,Superior,2,,,,,3,,,,,,,,,,,,,,,,,,,,,,,,,,,,,,,,,9,4,1,1.0,2.0
31631,1,1,1,1,1.0,0,,,,,1,Hombre,22,484,4,Basica secundaria,Media,2,,1.0,1.0,,3,,,,,,,,,,,,,,,,,,,,,,,,,,,,,,,,,9,2,1,1.0,1.0
31636,1,1,1,1,1.0,0,,,4.0,2000.0,1,Hombre,30,900,7,Universitaria,Superior,1,,1.0,,,3,4.0,1.0,10.0,1.0,DOS MIL PESOS,,,,1.0,,,,,,2.0,,,2.0,2.0,2.0,2.0,2.0,1.0,2.0,2.0,1.0,1.0,2.0,2.0,2.0,2.0,2.0,9,6,0,1.0,1.0
31638,2,1,2,1,1.0,0,,,,,1,Hombre,25,625,7,Universitaria,Superior,2,,,,,3,,,,,,,,,,,,,,,,,,,,,,,,,,,,,,,,,9,6,0,1.0,1.0
31645,1,1,1,0,,1,40000.0,10.596634733096073,15.0,3000.0,1,Hombre,52,2704,3,Basica primaria,Baja,1,,1.0,,,2,4.0,1.0,16.0,1.0,TRES MIL PESOS,,,,,,1.0,,,,2.0,,,2.0,2.0,1.0,2.0,2.0,2.0,2.0,1.0,1.0,1.0,1.0,1.0,2.0,2.0,2.0,9,5,3,1.0,1.0
31649,2,1,2,1,1.0,0,50000.0,10.819778284410283,7.0,3000.0,2,Mujer,23,529,4,Basica secundaria,Media,1,1.0,1.0,,1.0,3,5.0,1.0,30.0,1.0,TRES MIL PESOS,,,,1.0,,,,,,1.0,1.0,1.0,2.0,2.0,2.0,2.0,2.0,1.0,1.0,2.0,2.0,2.0,2.0,2.0,2.0,2.0,2.0,9,6,0,3.0,2.0
31685,3,1,3,1,1.0,0,40000.0,10.596634733096073,90.0,3000.0,2,Mujer,42,1764,3,Basica primaria,Baja,1,,1.0,,,3,5.0,1.0,30.0,1.0,TRES MIL PESOS,,,,1.0,,1.0,,,,2.0,,,2.0,1.0,2.0,2.0,2.0,1.0,1.0,1.0,1.0,2.0,1.0,2.0,2.0,2.0,1.0,9,2,1,1.0,2.0
31687,1,1,1,0,,1,,,,,1,Hombre,63,3969,7,Universitaria,Superior,2,,1.0,,,3,,,,,,,,,,,,,,,,,,,,,,,,,,,,,,,,,9,3,4,1.0,1.0
31690,3,1,3,1,1.0,0,12000.0,9.392661928770137,2.0,6000.0,1,Hombre,23,529,5,Media,Media,1,,,,,3,3.0,1.0,2.0,1.0,SEIS MIL PESOS,,,1.0,,,,,,,2.0,,,2.0,2.0,2.0,2.0,2.0,2.0,2.0,2.0,2.0,2.0,2.0,2.0,2.0,2.0,2.0,9,6,0,1.0,1.0
31723,2,1,2,0,,1,20000.0,9.903487552536127,25.0,10000.0,2,Mujer,23,529,4,Basica secundaria,Media,1,,1.0,,,3,5.0,1.0,30.0,1.0,DIEZ MIL PESOS,,,1.0,,,,,,,2.0,,,1.0,1.0,1.0,2.0,2.0,2.0,2.0,2.0,2.0,2.0,2.0,2.0,2.0,2.0,2.0,5,6,1,1.0,2.0
31725,1,1,1,1,1.0,0,,,3.0,1000.0,1,Hombre,23,529,7,Universitaria,Superior,1,1.0,1.0,,,3,3.0,2.0,,1.0,MIL PESOS,,,1.0,,,,,,,1.0,,,1.0,2.0,1.0,2.0,1.0,1.0,2.0,1.0,2.0,2.0,2.0,2.0,2.0,2.0,2.0,9,6,0,1.0,1.0
31728,2,1,2,1,1.0,0,,,,,2,Mujer,21,441,4,Basica secundaria,Media,2,,1.0,,,3,,,,,,,,,,,,,,,,,,,,,,,,,,,,,,,,,9,2,2,1.0,2.0
31759,2,1,2,1,1.0,0,,,2.0,2000.0,2,Mujer,50,2500,5,Media,Media,1,,1.0,,,3,1.0,2.0,,1.0,DOS MIL PESOS,,,,1.0,,1.0,,,,2.0,,,2.0,2.0,2.0,2.0,2.0,2.0,2.0,2.0,2.0,2.0,2.0,2.0,2.0,2.0,2.0,9,6,1,1.0,2.0
31763,1,1,1,0,,1,,,,,2,Mujer,40,1600,5,Media,Media,2,,1.0,,,3,,,,,,,,,,,,,,,,,,,,,,,,,,,,,,,,,9,6,1,1.0,2.0
31771,2,1,2,0,,1,,,,,2,Mujer,29,841,7,Universitaria,Superior,2,,1.0,,,3,,,,,,,,,,,,,,,,,,,,,,,,,,,,,,,,,9,6,0,1.0,2.0
31781,1,1,1,1,1.0,0,,,,,1,Hombre,27,729,5,Media,Media,2,,,,,3,,,,,,,,,,,,,,,,,,,,,,,,,,,,,,,,,9,2,4,1.0,1.0
31802,1,1,1,0,,1,,,,,2,Mujer,60,3600,5,Media,Media,2,,1.0,,,3,,,,,,,,,,,,,,,,,,,,,,,,,,,,,,,,,9,4,5,1.0,2.0
31814,1,1,1,0,,1,,,,,1,Hombre,51,2601,2,Preescolar,Baja,2,,1.0,,,3,,,,,,,,,,,,,,,,,,,,,,,,,,,,,,,,,9,5,3,1.0,1.0
31820,1,1,1,1,1.0,0,15000.0,9.615805480084347,30.0,3000.0,1,Hombre,30,900,5,Media,Media,1,1.0,,,,3,4.0,1.0,18.0,1.0,TRESMIL PESOS,,,,,,1.0,,,,1.0,,,2.0,2.0,2.0,2.0,2.0,1.0,1.0,2.0,2.0,2.0,2.0,2.0,2.0,2.0,2.0,9,3,2,1.0,1.0
31821,1,1,1,0,,1,,,,,2,Mujer,38,1444,8,Postgrado,Superior,2,,1.0,,,3,,,,,,,,,,,,,,,,,,,,,,,,,,,,,,,,,9,5,1,1.0,2.0
31853,3,1,3,1,1.0,0,10000.0,9.210340371976184,10.0,2000.0,1,Hombre,26,676,7,Universitaria,Superior,1,1.0,1.0,1.0,,3,4.0,1.0,15.0,1.0,DOS MIL PESOS,,,,,1.0,,,,,1.0,,,1.0,1.0,2.0,1.0,2.0,2.0,2.0,2.0,1.0,2.0,1.0,2.0,2.0,2.0,1.0,9,6,0,1.0,1.0
31870,1,1,1,1,1.0,0,,,,,1,Hombre,58,3364,4,Basica secundaria,Media,2,,,,,3,,,,,,,,,,,,,,,,,,,,,,,,,,,,,,,,,9,3,4,1.0,1.0
31876,1,1,1,0,,1,,,,,1,Hombre,33,1089,5,Media,Media,2,,1.0,,,3,,,,,,,,,,,,,,,,,,,,,,,,,,,,,,,,,9,2,2,1.0,1.0
31878,3,1,3,0,,1,,,,,1,Hombre,49,2401,5,Media,Media,2,,1.0,,,3,,,,,,,,,,,,,,,,,,,,,,,,,,,,,,,,,5,2,2,1.0,1.0
31885,2,1,2,1,1.0,0,,,,,2,Mujer,19,361,6,Tecnica/tecnologica,Superior,2,,,,,9,,,,,,,,,,,,,,,,,,,,,,,,,,,,,,,,,9,6,0,1.0,2.0
31888,3,1,3,1,1.0,0,112000.0,11.626254150277232,30.0,4000.0,1,Hombre,17,289,4,Basica secundaria,Media,1,1.0,,,,3,4.0,1.0,30.0,1.0,CUATRO MIL PESOS,,,1.0,,,,,,,1.0,,,2.0,2.0,1.0,1.0,2.0,1.0,1.0,2.0,1.0,1.0,2.0,1.0,2.0,1.0,2.0,9,6,1,,
31893,1,1,1,1,1.0,0,,,,,2,Mujer,21,441,5,Media,Media,2,,,,,3,,,,,,,,,,,,,,,,,,,,,,,,,,,,,,,,,5,1,1,1.0,2.0
31901,1,1,1,1,1.0,0,,,,,1,Hombre,38,1444,6,Tecnica/tecnologica,Superior,2,,,,,3,,,,,,,,,,,,,,,,,,,,,,,,,,,,,,,,,9,3,1,1.0,1.0
31903,4,1,4,0,,1,9000.0,9.104979856318357,4.0,3000.0,1,Hombre,21,441,5,Media,Media,1,,1.0,,,3,4.0,1.0,8.0,1.0,TRES MIL PESOS,,,1.0,1.0,,,,,,2.0,,,2.0,2.0,2.0,1.0,2.0,1.0,1.0,2.0,2.0,2.0,2.0,2.0,2.0,2.0,1.0,9,6,0,1.0,1.0
31905,2,1,2,0,,1,,,,,2,Mujer,28,784,3,Basica primaria,Baja,2,,1.0,,,3,,,,,,,,,,,,,,,,,,,,,,,,,,,,,,,,,9,2,2,1.0,2.0
31929,2,1,2,0,,1,,,,,2,Mujer,26,676,7,Universitaria,Superior,2,,1.0,,,3,,,,,,,,,,,,,,,,,,,,,,,,,,,,,,,,,9,6,1,1.0,2.0
31965,3,1,3,1,1.0,0,,,1.0,2000.0,2,Mujer,19,361,5,Media,Media,1,,,,,3,3.0,2.0,,1.0,DOS MIL PESOS,,,,,,,1.0,,,2.0,,,1.0,2.0,1.0,2.0,2.0,2.0,2.0,2.0,2.0,2.0,2.0,2.0,2.0,2.0,2.0,9,6,0,2.0,2.0
31979,4,1,4,0,,1,,,,,2,Mujer,49,2401,7,Universitaria,Superior,2,,1.0,,,3,,,,,,,,,,,,,,,,,,,,,,,,,,,,,,,,,9,6,2,1.0,2.0
31988,2,1,2,1,1.0,0,40000.0,10.596634733096073,20.0,2000.0,2,Mujer,22,484,7,Universitaria,Superior,1,1.0,1.0,,,3,4.0,1.0,16.0,1.0,DOS MIL PESOS,,,1.0,1.0,,,1.0,,,1.0,,,2.0,2.0,2.0,2.0,2.0,2.0,2.0,2.0,1.0,1.0,2.0,2.0,2.0,2.0,2.0,9,1,0,1.0,2.0
32000,1,1,1,0,,1,6000.0,8.699514748210191,3.0,2000.0,2,Mujer,64,4096,5,Media,Media,1,,1.0,,,3,3.0,1.0,2.0,1.0,DOSMIL PESOS,,,1.0,,,,,,,2.0,,,2.0,2.0,2.0,2.0,2.0,1.0,1.0,2.0,2.0,2.0,2.0,2.0,2.0,2.0,2.0,9,2,2,1.0,2.0
32003,1,1,1,1,1.0,0,2000.0,7.600902459542082,4.0,2000.0,1,Hombre,35,1225,7,Universitaria,Superior,1,1.0,,,,3,4.0,1.0,3.0,1.0,DOS MIL PESOS,,,,1.0,,,,,,1.0,,,2.0,2.0,2.0,2.0,2.0,1.0,1.0,2.0,2.0,2.0,2.0,2.0,2.0,2.0,2.0,9,6,0,1.0,1.0
32013,4,1,4,0,,1,,,,,1,Hombre,19,361,5,Media,Media,2,,1.0,,,3,,,,,,,,,,,,,,,,,,,,,,,,,,,,,,,,,9,6,0,1.0,1.0
32021,3,1,3,1,1.0,0,,,,,1,Hombre,28,784,7,Universitaria,Superior,2,,,,,3,,,,,,,,,,,,,,,,,,,,,,,,,,,,,,,,,3,6,0,1.0,1.0
32025,1,1,1,0,,1,,,,,2,Mujer,22,484,5,Media,Media,2,,1.0,,,3,,,,,,,,,,,,,,,,,,,,,,,,,,,,,,,,,9,3,2,1.0,2.0
32028,1,1,1,0,,1,,,1.0,2000.0,1,Hombre,28,784,7,Universitaria,Superior,1,,1.0,,,3,1.0,2.0,,1.0,DOS MIL PESOS,,,,1.0,,,,,,2.0,,,2.0,2.0,2.0,2.0,2.0,1.0,2.0,2.0,2.0,2.0,2.0,2.0,2.0,2.0,2.0,9,6,0,1.0,1.0
32029,1,1,1,0,,1,,,,,2,Mujer,25,625,7,Universitaria,Superior,2,,1.0,,,3,,,,,,,,,,,,,,,,,,,,,,,,,,,,,,,,,5,6,2,1.0,2.0
32038,1,1,1,0,,1,,,,,1,Hombre,29,841,6,Tecnica/tecnologica,Superior,2,,1.0,,,3,,,,,,,,,,,,,,,,,,,,,,,,,,,,,,,,,9,2,1,1.0,1.0
32039,2,1,2,0,,1,,,,,2,Mujer,44,1936,7,Universitaria,Superior,2,,1.0,,,3,,,,,,,,,,,,,,,,,,,,,,,,,,,,,,,,,9,6,0,1.0,2.0
32050,1,1,1,1,1.0,0,5000.0,8.517193191416238,2.0,5000.0,1,Hombre,23,529,7,Universitaria,Superior,1,1.0,,,,3,4.0,1.0,10.0,1.0,CINCO MIL,,,,1.0,,,,,,1.0,,,2.0,2.0,2.0,2.0,2.0,1.0,2.0,2.0,2.0,2.0,1.0,1.0,2.0,2.0,2.0,9,6,0,1.0,1.0
32062,1,1,1,1,1.0,0,,,,,1,Hombre,63,3969,4,Basica secundaria,Media,2,,,,,3,,,,,,,,,,,,,,,,,,,,,,,,,,,,,,,,,9,3,3,1.0,1.0
32064,1,1,1,1,1.0,0,,,1.0,4000.0,1,Hombre,63,3969,5,Media,Media,1,,,,,3,1.0,2.0,,1.0,CUATRO MIL,,,1.0,,,,,,,2.0,,,2.0,2.0,2.0,2.0,2.0,2.0,2.0,2.0,2.0,2.0,2.0,2.0,2.0,2.0,2.0,9,3,1,1.0,1.0
32085,3,1,3,0,,1,,,,,1,Hombre,18,324,7,Universitaria,Superior,2,,1.0,,,3,,,,,,,,,,,,,,,,,,,,,,,,,,,,,,,,,9,6,0,1.0,1.0
32094,1,1,1,0,,1,,,,,1,Hombre,37,1369,6,Tecnica/tecnologica,Superior,2,,1.0,,,3,,,,,,,,,,,,,,,,,,,,,,,,,,,,,,,,,9,3,2,1.0,1.0
32097,2,1,2,1,1.0,0,,,,,1,Hombre,24,576,7,Universitaria,Superior,2,,1.0,,,3,,,,,,,,,,,,,,,,,,,,,,,,,,,,,,,,,9,6,0,1.0,1.0
32100,1,1,1,0,,1,,,,,1,Hombre,34,1156,8,Postgrado,Superior,2,,1.0,,,3,,,,,,,,,,,,,,,,,,,,,,,,,,,,,,,,,1,2,2,1.0,1.0
32105,2,1,2,1,1.0,0,,,,,1,Hombre,27,729,7,Universitaria,Superior,2,,1.0,1.0,,3,,,,,,,,,,,,,,,,,,,,,,,,,,,,,,,,,9,6,0,1.0,1.0
32133,1,1,1,0,,1,,,,,1,Hombre,22,484,5,Media,Media,2,,1.0,,,3,,,,,,,,,,,,,,,,,,,,,,,,,,,,,,,,,1,6,0,1.0,2.0
32188,3,1,3,1,1.0,0,20000.0,9.903487552536127,20.0,,1,Hombre,19,361,4,Basica secundaria,Media,1,,,,,3,1.0,1.0,20.0,2.0,,,,1.0,,,,,,,2.0,,,2.0,2.0,2.0,2.0,2.0,2.0,2.0,2.0,2.0,2.0,2.0,2.0,2.0,2.0,2.0,9,6,0,1.0,1.0
32213,2,1,2,1,1.0,0,50000.0,10.819778284410283,2.0,4000.0,1,Hombre,25,625,4,Basica secundaria,Media,1,,,,,9,5.0,1.0,30.0,1.0,CUATRO MIL PESOS,,,,1.0,,,,,,2.0,,,2.0,2.0,2.0,2.0,2.0,2.0,2.0,2.0,2.0,2.0,2.0,2.0,2.0,2.0,2.0,9,6,0,1.0,1.0
32220,3,1,3,0,,1,,,,,1,Hombre,44,1936,5,Media,Media,2,,1.0,,,3,,,,,,,,,,,,,,,,,,,,,,,,,,,,,,,,,1,6,0,1.0,1.0
32238,2,1,2,0,,1,,,,,2,Mujer,30,900,3,Basica primaria,Baja,2,,1.0,,,3,,,,,,,,,,,,,,,,,,,,,,,,,,,,,,,,,9,5,2,1.0,2.0
32243,2,1,2,1,1.0,0,,,,,2,Mujer,25,625,6,Tecnica/tecnologica,Superior,2,,,,,3,,,,,,,,,,,,,,,,,,,,,,,,,,,,,,,,,9,6,0,1.0,2.0
32270,1,1,1,0,,1,,,,,1,Hombre,28,784,4,Basica secundaria,Media,2,,1.0,,,3,,,,,,,,,,,,,,,,,,,,,,,,,,,,,,,,,9,2,0,1.0,1.0
32295,1,1,1,0,,1,,,,,1,Hombre,36,1296,5,Media,Media,2,,1.0,,,3,,,,,,,,,,,,,,,,,,,,,,,,,,,,,,,,,9,6,0,1.0,1.0
32308,1,1,1,0,,1,,,,,1,Hombre,30,900,4,Basica secundaria,Media,2,,1.0,,,3,,,,,,,,,,,,,,,,,,,,,,,,,,,,,,,,,9,2,0,1.0,1.0
32319,1,1,1,0,,1,,,,,1,Hombre,63,3969,4,Basica secundaria,Media,2,,1.0,,,3,,,,,,,,,,,,,,,,,,,,,,,,,,,,,,,,,9,6,0,1.0,1.0
32339,3,1,3,1,1.0,0,,,,,2,Mujer,23,529,4,Basica secundaria,Media,2,,,,,3,,,,,,,,,,,,,,,,,,,,,,,,,,,,,,,,,9,6,0,1.0,2.0
32344,1,1,1,0,,1,,,,,1,Hombre,40,1600,4,Basica secundaria,Media,2,,1.0,,,3,,,,,,,,,,,,,,,,,,,,,,,,,,,,,,,,,5,2,5,1.0,1.0
32359,2,1,2,1,1.0,0,,,3.0,2000.0,2,Mujer,56,3136,5,Media,Media,1,,1.0,,,3,3.0,2.0,,1.0,DOS MIL PESOS,,,1.0,,,,,,,2.0,,,2.0,2.0,2.0,2.0,2.0,2.0,2.0,2.0,2.0,2.0,2.0,2.0,2.0,2.0,2.0,9,2,1,1.0,2.0
32364,2,1,2,0,,1,,,,,1,Hombre,39,1521,3,Basica primaria,Baja,2,,1.0,,,3,,,,,,,,,,,,,,,,,,,,,,,,,,,,,,,,,5,2,5,1.0,1.0
32376,1,1,1,0,,1,,,,,1,Hombre,49,2401,6,Tecnica/tecnologica,Superior,2,,1.0,,,3,,,,,,,,,,,,,,,,,,,,,,,,,,,,,,,,,9,5,2,1.0,1.0
32392,1,1,1,0,,1,,,,,2,Mujer,20,400,5,Media,Media,2,,1.0,,,3,,,,,,,,,,,,,,,,,,,,,,,,,,,,,,,,,9,4,0,1.0,2.0
32401,2,1,2,0,,1,,,,,1,Hombre,19,361,7,Universitaria,Superior,2,,1.0,,,3,,,,,,,,,,,,,,,,,,,,,,,,,,,,,,,,,9,6,0,1.0,1.0
32432,1,1,1,0,,1,,,,,2,Mujer,19,361,5,Media,Media,2,,1.0,,,2,,,,,,,,,,,,,,,,,,,,,,,,,,,,,,,,,9,6,0,1.0,2.0
32457,1,1,1,0,,1,,,,,1,Hombre,60,3600,4,Basica secundaria,Media,2,,1.0,,,3,,,,,,,,,,,,,,,,,,,,,,,,,,,,,,,,,9,2,3,1.0,1.0
32461,2,1,2,0,,1,,,1.0,,1,Hombre,21,441,5,Media,Media,1,,,,1.0,3,2.0,2.0,,2.0,,,,,1.0,,,,,,2.0,,,2.0,2.0,2.0,2.0,2.0,2.0,2.0,2.0,2.0,2.0,2.0,2.0,2.0,2.0,2.0,9,6,0,1.0,1.0
32469,8,1,8,1,1.0,0,,,,,1,Hombre,22,484,5,Media,Media,2,,,,,3,,,,,,,,,,,,,,,,,,,,,,,,,,,,,,,,,9,2,1,1.0,1.0
32479,1,1,1,0,,1,,,,,1,Hombre,63,3969,6,Tecnica/tecnologica,Superior,2,,1.0,,,3,,,,,,,,,,,,,,,,,,,,,,,,,,,,,,,,,9,2,2,1.0,1.0
32483,3,1,3,1,1.0,0,6000.0,8.699514748210191,60.0,3000.0,1,Hombre,23,529,5,Media,Media,1,1.0,1.0,1.0,,3,4.0,1.0,28.0,1.0,TRES MIL PESOS,,,,1.0,,,,,,1.0,1.0,,2.0,2.0,2.0,2.0,2.0,1.0,2.0,2.0,1.0,1.0,2.0,2.0,2.0,2.0,1.0,9,6,0,1.0,1.0
32553,3,1,3,1,1.0,0,,,1.0,5000.0,2,Mujer,20,400,7,Universitaria,Superior,1,,,,,3,2.0,2.0,,1.0,CINCO MIL PESOS,,,,1.0,,,,,,2.0,,,1.0,2.0,2.0,1.0,2.0,2.0,2.0,2.0,1.0,1.0,2.0,1.0,1.0,2.0,1.0,9,6,0,3.0,2.0
32562,1,1,1,1,1.0,0,,,,,1,Hombre,47,2209,4,Basica secundaria,Media,2,,,,,3,,,,,,,,,,,,,,,,,,,,,,,,,,,,,,,,,9,5,3,1.0,1.0
32587,1,1,1,0,,1,,,1.0,,1,Hombre,24,576,7,Universitaria,Superior,1,1.0,1.0,,,2,2.0,2.0,,2.0,,,,,1.0,,,,,,1.0,,,2.0,2.0,2.0,2.0,2.0,2.0,2.0,2.0,2.0,2.0,2.0,2.0,2.0,2.0,2.0,9,6,0,3.0,1.0
32592,2,1,2,0,,1,,,,,1,Hombre,65,4225,7,Universitaria,Superior,2,,1.0,,,3,,,,,,,,,,,,,,,,,,,,,,,,,,,,,,,,,9,2,3,1.0,1.0
32632,1,1,1,0,,1,,,,,1,Hombre,65,4225,3,Basica primaria,Baja,2,,1.0,,,3,,,,,,,,,,,,,,,,,,,,,,,,,,,,,,,,,9,3,2,1.0,1.0
32670,3,1,3,1,1.0,0,,,,,2,Mujer,20,400,3,Basica primaria,Baja,2,,,,,9,,,,,,,,,,,,,,,,,,,,,,,,,,,,,,,,,9,6,2,1.0,2.0
32697,1,1,1,1,1.0,0,10000.0,9.210340371976184,5.0,2000.0,1,Hombre,29,841,7,Universitaria,Superior,1,,,,,3,3.0,1.0,3.0,1.0,DOS MIL PESOS,,,,,1.0,,,,,2.0,,,2.0,2.0,2.0,2.0,2.0,1.0,1.0,2.0,2.0,2.0,2.0,2.0,2.0,2.0,2.0,9,6,0,2.0,1.0
32698,2,1,2,0,,1,30000.0,10.308952660644293,20.0,1500.0,1,Hombre,48,2304,3,Basica primaria,Baja,1,,1.0,,,2,4.0,1.0,20.0,1.0,MIL QUINIENTOS,,,,1.0,,,,,,2.0,,,1.0,1.0,1.0,1.0,1.0,1.0,1.0,1.0,1.0,1.0,1.0,1.0,1.0,1.0,1.0,9,6,1,1.0,1.0
32722,1,1,1,0,,1,,,,,1,Hombre,33,1089,8,Postgrado,Superior,2,,,1.0,,3,,,,,,,,,,,,,,,,,,,,,,,,,,,,,,,,,9,6,0,1.0,1.0
32730,1,1,1,0,,1,,,,,1,Hombre,39,1521,6,Tecnica/tecnologica,Superior,2,,1.0,,,3,,,,,,,,,,,,,,,,,,,,,,,,,,,,,,,,,9,5,0,1.0,1.0
32736,1,1,1,0,,1,,,6.0,2000.0,1,Hombre,24,576,7,Universitaria,Superior,1,,1.0,,,3,1.0,2.0,,1.0,DOS MIL PESOS,,,,1.0,,,,,,2.0,,,2.0,2.0,2.0,2.0,2.0,2.0,2.0,2.0,2.0,2.0,2.0,2.0,2.0,2.0,2.0,5,6,0,1.0,1.0
32771,2,1,2,1,1.0,0,,,,,1,Hombre,24,576,6,Tecnica/tecnologica,Superior,2,,,,,3,,,,,,,,,,,,,,,,,,,,,,,,,,,,,,,,,9,6,0,1.0,1.0
32782,1,1,1,0,,1,12000.0,9.392661928770137,,2000.0,1,Hombre,28,784,5,Media,Media,1,,,1.0,,9,4.0,1.0,5.0,1.0,DOS MIL PESOS,,,,1.0,,1.0,1.0,,,1.0,1.0,,2.0,2.0,1.0,2.0,2.0,1.0,1.0,1.0,1.0,1.0,1.0,1.0,2.0,2.0,1.0,9,2,1,1.0,1.0
32789,1,1,1,1,1.0,0,,,,,2,Mujer,26,676,6,Tecnica/tecnologica,Superior,2,,,,,3,,,,,,,,,,,,,,,,,,,,,,,,,,,,,,,,,1,6,1,1.0,2.0
32823,1,1,1,0,,1,,,,,2,Mujer,28,784,7,Universitaria,Superior,2,,1.0,,,3,,,,,,,,,,,,,,,,,,,,,,,,,,,,,,,,,9,6,0,1.0,2.0
32825,3,1,3,0,,1,,,,,2,Mujer,40,1600,6,Tecnica/tecnologica,Superior,2,,1.0,,,3,,,,,,,,,,,,,,,,,,,,,,,,,,,,,,,,,9,5,1,1.0,2.0
32828,3,1,3,0,,1,,,,,2,Mujer,23,529,6,Tecnica/tecnologica,Superior,2,,1.0,,,3,,,,,,,,,,,,,,,,,,,,,,,,,,,,,,,,,9,6,0,1.0,2.0
32899,4,1,4,0,,1,,,,,1,Hombre,22,484,5,Media,Media,2,,1.0,,,3,,,,,,,,,,,,,,,,,,,,,,,,,,,,,,,,,9,6,0,1.0,1.0
32912,1,1,1,1,1.0,0,,,,,1,Hombre,47,2209,2,Preescolar,Baja,2,,,,,3,,,,,,,,,,,,,,,,,,,,,,,,,,,,,,,,,9,6,0,3.0,1.0
32933,1,1,1,0,,1,20000.0,9.903487552536127,7.0,2000.0,1,Hombre,41,1681,4,Basica secundaria,Media,1,,1.0,,,3,3.0,1.0,5.0,1.0,DOS MIL,,,,,,,1.0,,,2.0,,,2.0,2.0,2.0,2.0,2.0,1.0,2.0,2.0,2.0,2.0,2.0,2.0,2.0,2.0,2.0,9,5,2,1.0,1.0
32949,3,1,3,0,,1,,,,,2,Mujer,19,361,7,Universitaria,Superior,2,,1.0,,,3,,,,,,,,,,,,,,,,,,,,,,,,,,,,,,,,,9,6,0,1.0,2.0
32957,1,1,1,0,,1,,,,,1,Hombre,34,1156,6,Tecnica/tecnologica,Superior,2,,1.0,,,3,,,,,,,,,,,,,,,,,,,,,,,,,,,,,,,,,9,2,1,1.0,1.0
32960,2,1,2,0,,1,,,,,2,Mujer,38,1444,6,Tecnica/tecnologica,Superior,2,,1.0,,,3,,,,,,,,,,,,,,,,,,,,,,,,,,,,,,,,,9,6,1,1.0,2.0
32978,1,1,1,1,1.0,0,,,,,1,Hombre,42,1764,5,Media,Media,2,,,,,3,,,,,,,,,,,,,,,,,,,,,,,,,,,,,,,,,9,5,1,1.0,1.0
32983,2,1,2,1,1.0,0,,,,,2,Mujer,23,529,5,Media,Media,2,,,,,3,,,,,,,,,,,,,,,,,,,,,,,,,,,,,,,,,9,2,1,1.0,2.0
32985,2,1,2,1,1.0,0,,,,,1,Hombre,20,400,5,Media,Media,2,,,,,3,,,,,,,,,,,,,,,,,,,,,,,,,,,,,,,,,9,6,0,1.0,1.0
32993,2,1,2,0,,1,,,,,1,Hombre,56,3136,4,Basica secundaria,Media,2,,1.0,,,3,,,,,,,,,,,,,,,,,,,,,,,,,,,,,,,,,1,3,2,1.0,1.0
33021,2,1,2,0,,1,,,,,2,Mujer,30,900,6,Tecnica/tecnologica,Superior,2,,1.0,,,3,,,,,,,,,,,,,,,,,,,,,,,,,,,,,,,,,9,3,2,1.0,2.0
33053,3,1,3,0,,1,,,,,1,Hombre,26,676,4,Basica secundaria,Media,2,,1.0,,,3,,,,,,,,,,,,,,,,,,,,,,,,,,,,,,,,,9,2,2,1.0,1.0
33067,2,1,2,0,,1,,,,,1,Hombre,32,1024,4,Basica secundaria,Media,2,,1.0,,,3,,,,,,,,,,,,,,,,,,,,,,,,,,,,,,,,,1,6,0,1.0,1.0
33073,1,1,1,0,,1,,,,,1,Hombre,60,3600,5,Media,Media,2,,1.0,,,3,,,,,,,,,,,,,,,,,,,,,,,,,,,,,,,,,9,3,2,1.0,1.0
33076,1,1,1,0,,1,,,15.0,6000.0,1,Hombre,23,529,3,Basica primaria,Baja,1,,1.0,,,3,2.0,2.0,,1.0,SEIS MIL PESOS,,,,1.0,,,,,,2.0,,,2.0,2.0,2.0,2.0,2.0,1.0,1.0,2.0,2.0,2.0,1.0,2.0,1.0,2.0,2.0,5,1,1,1.0,1.0
33078,2,1,2,0,,1,,,,,1,Hombre,36,1296,7,Universitaria,Superior,2,,1.0,,,3,,,,,,,,,,,,,,,,,,,,,,,,,,,,,,,,,9,6,0,2.0,1.0
33099,1,1,1,1,1.0,0,,,,,2,Mujer,29,841,5,Media,Media,2,,,,,3,,,,,,,,,,,,,,,,,,,,,,,,,,,,,,,,,9,5,2,3.0,2.0
33105,2,1,2,0,,1,,,,,2,Mujer,44,1936,6,Tecnica/tecnologica,Superior,2,,1.0,,,3,,,,,,,,,,,,,,,,,,,,,,,,,,,,,,,,,9,3,3,1.0,2.0
33112,1,1,1,0,,1,,,,,1,Hombre,47,2209,3,Basica primaria,Baja,2,,1.0,,,3,,,,,,,,,,,,,,,,,,,,,,,,,,,,,,,,,9,6,1,1.0,1.0
33117,3,1,3,1,1.0,0,5000.0,8.517193191416238,1.0,5000.0,2,Mujer,14,196,3,Basica primaria,Baja,1,,1.0,,,3,3.0,1.0,4.0,1.0,CINCO MIL PESOS,,,,1.0,,,,,,2.0,,,1.0,1.0,1.0,1.0,2.0,1.0,2.0,1.0,2.0,1.0,1.0,1.0,1.0,1.0,1.0,3,6,0,,
33132,2,1,2,0,,1,,,,,1,Hombre,29,841,6,Tecnica/tecnologica,Superior,2,,1.0,,,3,,,,,,,,,,,,,,,,,,,,,,,,,,,,,,,,,9,2,0,1.0,1.0
33147,2,1,2,0,,1,,,,,1,Hombre,18,324,5,Media,Media,2,,1.0,,,3,,,,,,,,,,,,,,,,,,,,,,,,,,,,,,,,,9,6,0,1.0,1.0
33150,4,1,4,1,1.0,0,3000.0,8.006367567650246,4.0,2000.0,1,Hombre,29,841,5,Media,Media,1,,,,,2,4.0,1.0,4.0,1.0,dos mil,,,1.0,,,,,,,2.0,,,2.0,2.0,2.0,1.0,1.0,1.0,1.0,2.0,2.0,2.0,1.0,2.0,1.0,2.0,1.0,9,6,0,1.0,1.0
33151,2,1,2,0,,1,,,,,1,Hombre,31,961,7,Universitaria,Superior,2,,1.0,,,3,,,,,,,,,,,,,,,,,,,,,,,,,,,,,,,,,9,3,2,1.0,1.0
33161,1,1,1,0,,1,,,,,2,Mujer,51,2601,3,Basica primaria,Baja,2,,1.0,,,3,,,,,,,,,,,,,,,,,,,,,,,,,,,,,,,,,9,5,3,1.0,2.0
33183,7,1,7,0,,1,,,4.0,4000.0,1,Hombre,16,256,5,Media,Media,1,,1.0,,,2,2.0,2.0,,1.0,CUATRO MIL PESOS,,,,,,1.0,,,,2.0,,,2.0,2.0,2.0,2.0,2.0,2.0,2.0,2.0,2.0,2.0,2.0,2.0,2.0,2.0,2.0,9,6,0,,
33191,3,1,3,1,1.0,0,6000.0,8.699514748210191,2.0,2000.0,1,Hombre,21,441,5,Media,Media,1,,,,,1,2.0,1.0,2.0,1.0,DOS MIL PESOS,,,1.0,,,,,,,2.0,,,2.0,2.0,2.0,2.0,2.0,2.0,2.0,2.0,2.0,2.0,1.0,2.0,2.0,2.0,1.0,9,6,0,1.0,1.0
33207,3,1,3,1,1.0,0,40000.0,10.596634733096073,30.0,2000.0,1,Hombre,27,729,6,Tecnica/tecnologica,Superior,1,,1.0,,,3,5.0,1.0,30.0,1.0,DOS MIL PESOS,,,,,,1.0,,,,2.0,,,1.0,2.0,2.0,1.0,2.0,2.0,2.0,2.0,2.0,2.0,2.0,2.0,2.0,2.0,2.0,9,6,0,1.0,1.0
33211,1,1,1,0,,1,,,,,1,Hombre,20,400,7,Universitaria,Superior,2,,1.0,,,3,,,,,,,,,,,,,,,,,,,,,,,,,,,,,,,,,9,6,0,1.0,1.0
33231,2,1,2,0,,1,,,3.0,2000.0,1,Hombre,29,841,5,Media,Media,1,,1.0,,,2,2.0,2.0,,1.0,DOS MIL PESOS,,,,1.0,,,,,,2.0,,,2.0,2.0,2.0,2.0,2.0,2.0,2.0,2.0,2.0,2.0,2.0,2.0,2.0,2.0,2.0,9,6,0,1.0,1.0
33242,3,1,3,0,,1,,,,,1,Hombre,60,3600,6,Tecnica/tecnologica,Superior,2,,1.0,,,3,,,,,,,,,,,,,,,,,,,,,,,,,,,,,,,,,9,6,0,2.0,1.0
33281,2,1,2,1,1.0,0,40000.0,10.596634733096073,25.0,2000.0,1,Hombre,30,900,6,Tecnica/tecnologica,Superior,1,,,,,3,1.0,1.0,30.0,1.0,DOSMIL PESOS,,,,,,1.0,,,,2.0,,,1.0,2.0,2.0,2.0,2.0,2.0,2.0,1.0,2.0,2.0,2.0,2.0,2.0,2.0,2.0,9,6,0,1.0,1.0
33290,5,1,5,0,,1,50000.0,10.819778284410283,20.0,3000.0,1,Hombre,33,1089,6,Tecnica/tecnologica,Superior,1,,1.0,,,3,5.0,1.0,30.0,1.0,TRES MIL PESOS,,,1.0,1.0,,,,,,2.0,,,2.0,2.0,2.0,1.0,2.0,2.0,2.0,2.0,2.0,2.0,2.0,2.0,2.0,2.0,2.0,9,6,2,1.0,1.0
33291,1,1,1,0,,1,,,,,1,Hombre,29,841,7,Universitaria,Superior,2,,1.0,,,3,,,,,,,,,,,,,,,,,,,,,,,,,,,,,,,,,9,6,0,1.0,1.0
33303,3,1,3,0,,1,,,,,2,Mujer,29,841,6,Tecnica/tecnologica,Superior,2,,1.0,,,3,,,,,,,,,,,,,,,,,,,,,,,,,,,,,,,,,9,6,0,1.0,2.0
33313,3,1,3,1,1.0,0,,,,2000.0,1,Hombre,46,2116,4,Basica secundaria,Media,1,,1.0,1.0,,1,3.0,1.0,7.0,1.0,DOS MIL PESOS,,,1.0,1.0,,1.0,,,,2.0,,,2.0,2.0,2.0,2.0,2.0,2.0,2.0,2.0,2.0,2.0,2.0,2.0,2.0,2.0,2.0,9,6,0,1.0,1.0
33317,1,1,1,0,,1,,,,,1,Hombre,65,4225,1,Ninguno,Baja,2,,1.0,,,3,,,,,,,,,,,,,,,,,,,,,,,,,,,,,,,,,9,3,4,1.0,1.0
33337,1,1,1,1,1.0,0,150000.0,11.918390573078392,50.0,6000.0,1,Hombre,24,576,7,Universitaria,Superior,1,1.0,1.0,,,3,5.0,1.0,30.0,1.0,SEIS MIL PESOS,,,1.0,1.0,,,,,,1.0,1.0,,2.0,2.0,2.0,1.0,2.0,2.0,2.0,1.0,1.0,2.0,1.0,1.0,2.0,2.0,1.0,9,6,0,1.0,1.0
33394,1,1,1,0,,1,,,,,1,Hombre,27,729,4,Basica secundaria,Media,2,,1.0,,,3,,,,,,,,,,,,,,,,,,,,,,,,,,,,,,,,,9,3,1,1.0,1.0
33395,2,1,2,1,1.0,0,50000.0,10.819778284410283,10.0,5000.0,2,Mujer,21,441,7,Universitaria,Superior,1,1.0,,,,3,3.0,1.0,10.0,1.0,CINCO MIL,,,,1.0,,,,,,1.0,,,2.0,2.0,1.0,1.0,2.0,1.0,1.0,2.0,2.0,2.0,1.0,2.0,2.0,2.0,2.0,1,6,0,1.0,2.0
33411,3,1,3,0,,1,,,,,1,Hombre,34,1156,6,Tecnica/tecnologica,Superior,2,,1.0,,,3,,,,,,,,,,,,,,,,,,,,,,,,,,,,,,,,,9,6,0,1.0,1.0
33434,4,1,4,1,1.0,0,,,,,2,Mujer,23,529,5,Media,Media,2,,,,,3,,,,,,,,,,,,,,,,,,,,,,,,,,,,,,,,,5,2,3,1.0,2.0
33440,1,1,1,0,,1,,,,,1,Hombre,25,625,5,Media,Media,2,,1.0,,,3,,,,,,,,,,,,,,,,,,,,,,,,,,,,,,,,,9,6,0,1.0,1.0
33442,1,1,1,0,,1,,,,,1,Hombre,54,2916,6,Tecnica/tecnologica,Superior,2,,1.0,,,3,,,,,,,,,,,,,,,,,,,,,,,,,,,,,,,,,9,3,1,1.0,1.0
33448,2,1,2,0,,1,,,,,1,Hombre,34,1156,4,Basica secundaria,Media,2,,,1.0,,3,,,,,,,,,,,,,,,,,,,,,,,,,,,,,,,,,9,2,5,1.0,1.0
33464,1,1,1,1,1.0,0,,,,,2,Mujer,42,1764,5,Media,Media,2,,,,,3,,,,,,,,,,,,,,,,,,,,,,,,,,,,,,,,,9,5,2,1.0,2.0
33486,2,1,2,0,,1,,,,,1,Hombre,51,2601,4,Basica secundaria,Media,2,,1.0,,,3,,,,,,,,,,,,,,,,,,,,,,,,,,,,,,,,,9,2,3,1.0,1.0
33487,1,1,1,0,,1,10000.0,9.210340371976184,6.0,3000.0,1,Hombre,27,729,7,Universitaria,Superior,1,1.0,1.0,,,3,3.0,1.0,4.0,1.0,TRES MIL,,,,1.0,,,,,,1.0,,,2.0,2.0,2.0,2.0,2.0,2.0,2.0,2.0,1.0,2.0,2.0,2.0,2.0,1.0,2.0,9,1,3,2.0,1.0
33493,1,1,1,0,,1,,,,,1,Hombre,65,4225,5,Media,Media,2,,1.0,,,3,,,,,,,,,,,,,,,,,,,,,,,,,,,,,,,,,9,3,2,1.0,1.0
33503,1,1,1,1,1.0,0,,,,,2,Mujer,30,900,7,Universitaria,Superior,2,,1.0,,,3,,,,,,,,,,,,,,,,,,,,,,,,,,,,,,,,,9,6,0,1.0,2.0
33515,4,1,4,1,1.0,0,50000.0,10.819778284410283,50.0,3000.0,1,Hombre,39,1521,4,Basica secundaria,Media,1,,1.0,,,3,5.0,1.0,10.0,1.0,TRES MIL PESOS,,,,,,1.0,,,,2.0,,,1.0,2.0,2.0,2.0,2.0,2.0,2.0,2.0,2.0,2.0,2.0,2.0,2.0,2.0,2.0,9,6,3,1.0,1.0
33522,2,1,2,1,1.0,0,,,3.0,5000.0,1,Hombre,34,1156,7,Universitaria,Superior,1,1.0,,,,3,3.0,1.0,4.0,1.0,CINCO MIL,,,,1.0,,,,,,1.0,,,2.0,2.0,2.0,2.0,2.0,1.0,2.0,2.0,2.0,2.0,2.0,1.0,2.0,2.0,2.0,9,2,0,1.0,1.0
33527,1,1,1,0,,1,,,,,1,Hombre,51,2601,5,Media,Media,2,,1.0,,,3,,,,,,,,,,,,,,,,,,,,,,,,,,,,,,,,,9,3,0,1.0,1.0
33549,1,1,1,1,1.0,0,20000.0,9.903487552536127,10.0,2000.0,1,Hombre,24,576,7,Universitaria,Superior,1,1.0,1.0,,,3,4.0,1.0,20.0,1.0,DOS MIL,,,1.0,,,,,1.0,,1.0,,,1.0,1.0,2.0,2.0,2.0,2.0,1.0,2.0,2.0,2.0,1.0,2.0,2.0,2.0,1.0,9,6,0,1.0,1.0
33552,2,1,2,0,,1,,,,,1,Hombre,58,3364,4,Basica secundaria,Media,2,,1.0,,,3,,,,,,,,,,,,,,,,,,,,,,,,,,,,,,,,,5,3,1,1.0,1.0
33558,2,1,2,0,,1,,,,,1,Hombre,17,289,5,Media,Media,2,,1.0,,,3,,,,,,,,,,,,,,,,,,,,,,,,,,,,,,,,,9,6,0,,
33568,2,1,2,1,1.0,0,,,,,2,Mujer,31,961,7,Universitaria,Superior,2,,,,,3,,,,,,,,,,,,,,,,,,,,,,,,,,,,,,,,,9,3,1,1.0,2.0
33587,2,1,2,1,1.0,0,,,,,1,Hombre,25,625,7,Universitaria,Superior,2,,1.0,,,3,,,,,,,,,,,,,,,,,,,,,,,,,,,,,,,,,1,2,1,1.0,1.0
33589,1,1,1,1,1.0,0,,,,,1,Hombre,43,1849,6,Tecnica/tecnologica,Superior,2,,1.0,,,3,,,,,,,,,,,,,,,,,,,,,,,,,,,,,,,,,9,5,3,1.0,1.0
33594,3,1,3,1,1.0,0,,,1.0,5000.0,1,Hombre,22,484,7,Universitaria,Superior,1,1.0,1.0,1.0,,3,2.0,2.0,,1.0,CINCO MIL,,,1.0,,,,,,,1.0,,,2.0,2.0,2.0,2.0,2.0,2.0,2.0,2.0,2.0,2.0,2.0,2.0,2.0,2.0,2.0,9,6,0,1.0,1.0
33602,3,1,3,0,,1,8000.0,8.987196820661973,1.0,2000.0,1,Hombre,27,729,6,Tecnica/tecnologica,Superior,1,,1.0,,,3,4.0,1.0,4.0,1.0,DOS MIL PESOS,,,,1.0,,,,,,2.0,,,2.0,2.0,2.0,2.0,2.0,2.0,2.0,2.0,2.0,2.0,2.0,2.0,2.0,2.0,2.0,9,5,0,1.0,1.0
33611,1,1,1,0,,1,,,2.0,,1,Hombre,23,529,7,Universitaria,Superior,1,1.0,1.0,,,3,1.0,2.0,,2.0,,,,,1.0,,,,,,1.0,,,2.0,2.0,2.0,2.0,2.0,2.0,2.0,2.0,2.0,2.0,2.0,2.0,2.0,2.0,2.0,9,6,0,3.0,1.0
33614,1,1,1,0,,1,,,,,1,Hombre,54,2916,3,Basica primaria,Baja,2,,1.0,,,3,,,,,,,,,,,,,,,,,,,,,,,,,,,,,,,,,9,4,2,1.0,1.0
33618,3,1,3,1,1.0,0,32000.0,10.373491181781864,,4000.0,1,Hombre,24,576,6,Tecnica/tecnologica,Superior,1,,,,,3,5.0,1.0,30.0,1.0,CUATRO MIL PESOS,,,1.0,,,,,,,2.0,,,2.0,2.0,2.0,2.0,2.0,1.0,2.0,2.0,2.0,2.0,1.0,2.0,2.0,2.0,1.0,9,6,0,1.0,1.0
33631,1,1,1,0,,1,,,,,1,Hombre,65,4225,5,Media,Media,2,,1.0,,,3,,,,,,,,,,,,,,,,,,,,,,,,,,,,,,,,,9,2,4,1.0,1.0
33634,2,1,2,1,1.0,0,100000.0,11.512925464970229,70.0,2000.0,1,Hombre,26,676,5,Media,Media,1,,,,,3,5.0,1.0,30.0,1.0,DOS MIL PESOS,,,,,,,1.0,,,2.0,,,2.0,2.0,2.0,2.0,2.0,2.0,2.0,1.0,1.0,2.0,1.0,1.0,2.0,2.0,1.0,9,6,0,2.0,1.0
33652,6,1,6,0,,1,,,,,1,Hombre,20,400,5,Media,Media,2,,1.0,,,3,,,,,,,,,,,,,,,,,,,,,,,,,,,,,,,,,9,6,0,1.0,1.0
33654,2,1,2,1,1.0,0,12000.0,9.392661928770137,7.0,3000.0,1,Hombre,22,484,6,Tecnica/tecnologica,Superior,1,,,,,3,4.0,1.0,3.0,1.0,TRES MIL PESOS,,,1.0,,,,,,,1.0,,1.0,1.0,1.0,1.0,1.0,2.0,1.0,1.0,2.0,1.0,1.0,1.0,1.0,2.0,1.0,1.0,9,1,0,1.0,1.0
33657,3,1,3,1,1.0,0,15000.0,9.615805480084347,30.0,2000.0,1,Hombre,25,625,5,Media,Media,1,,,,,3,2.0,1.0,30.0,1.0,DOSMIL PESOS,,,1.0,,,,,,,9.0,,,2.0,2.0,2.0,1.0,1.0,2.0,2.0,2.0,2.0,2.0,1.0,2.0,2.0,2.0,1.0,9,6,1,1.0,1.0
33684,1,1,1,0,,1,,,,,1,Hombre,55,3025,8,Postgrado,Superior,2,,,,1.0,3,,,,,,,,,,,,,,,,,,,,,,,,,,,,,,,,,9,3,3,1.0,1.0
33688,3,1,3,0,,1,,,,,2,Mujer,31,961,5,Media,Media,2,,1.0,,,3,,,,,,,,,,,,,,,,,,,,,,,,,,,,,,,,,9,6,2,1.0,2.0
33695,1,1,1,1,1.0,0,,,,,1,Hombre,49,2401,6,Tecnica/tecnologica,Superior,2,,1.0,,,3,,,,,,,,,,,,,,,,,,,,,,,,,,,,,,,,,5,6,0,1.0,1.0
33730,4,1,4,0,,1,,,,,1,Hombre,28,784,6,Tecnica/tecnologica,Superior,2,,1.0,,,3,,,,,,,,,,,,,,,,,,,,,,,,,,,,,,,,,9,6,1,1.0,1.0
33759,2,1,2,1,1.0,0,,,,,1,Hombre,20,400,5,Media,Media,2,,1.0,,,3,,,,,,,,,,,,,,,,,,,,,,,,,,,,,,,,,5,6,1,1.0,1.0
33766,1,1,1,1,1.0,0,,,,,1,Hombre,34,1156,5,Media,Media,2,,,,,3,,,,,,,,,,,,,,,,,,,,,,,,,,,,,,,,,9,3,2,1.0,1.0
33796,1,1,1,1,1.0,0,2000.0,7.600902459542082,1.0,2000.0,2,Mujer,22,484,7,Universitaria,Superior,1,1.0,,,,1,2.0,1.0,1.0,1.0,DOS MIL,,,,1.0,,,,,,1.0,,,2.0,2.0,2.0,2.0,2.0,2.0,2.0,2.0,2.0,2.0,2.0,2.0,2.0,2.0,1.0,1,6,0,1.0,2.0
33812,2,1,2,1,1.0,0,,,,,1,Hombre,38,1444,7,Universitaria,Superior,2,,,,,3,,,,,,,,,,,,,,,,,,,,,,,,,,,,,,,,,9,5,1,1.0,1.0
33829,1,1,1,0,,1,,,,,2,Mujer,65,4225,3,Basica primaria,Baja,2,,1.0,,,3,,,,,,,,,,,,,,,,,,,,,,,,,,,,,,,,,9,4,4,1.0,2.0
33836,1,1,1,1,1.0,0,,,1.0,3000.0,2,Mujer,22,484,5,Media,Media,1,,,,,2,3.0,2.0,,1.0,TRES MIL PESOS,,,1.0,,,,,,,2.0,,,2.0,2.0,2.0,2.0,2.0,1.0,2.0,2.0,2.0,2.0,2.0,2.0,2.0,2.0,2.0,9,1,3,1.0,2.0
33844,3,1,3,1,1.0,0,,,,,2,Mujer,21,441,7,Universitaria,Superior,2,,,,,3,,,,,,,,,,,,,,,,,,,,,,,,,,,,,,,,,9,6,0,1.0,2.0
33853,1,1,1,1,1.0,0,40000.0,10.596634733096073,20.0,2000.0,1,Hombre,19,361,7,Universitaria,Superior,1,,,,,2,4.0,1.0,30.0,1.0,DOS MIL,,,1.0,,,,,,,2.0,,,2.0,2.0,2.0,2.0,2.0,2.0,2.0,2.0,1.0,1.0,2.0,2.0,2.0,2.0,2.0,9,6,0,1.0,1.0
33891,1,1,1,0,,1,,,,,2,Mujer,46,2116,8,Postgrado,Superior,2,,,,1.0,3,,,,,,,,,,,,,,,,,,,,,,,,,,,,,,,,,9,6,1,1.0,2.0
33893,1,1,1,0,,1,,,,,1,Hombre,43,1849,3,Basica primaria,Baja,2,,1.0,,,3,,,,,,,,,,,,,,,,,,,,,,,,,,,,,,,,,9,3,3,1.0,1.0
33937,1,1,1,0,,1,,,,,1,Hombre,64,4096,3,Basica primaria,Baja,2,,1.0,,,3,,,,,,,,,,,,,,,,,,,,,,,,,,,,,,,,,9,3,4,1.0,1.0
33957,1,1,1,0,,1,,,,,1,Hombre,65,4225,7,Universitaria,Superior,2,,1.0,,,3,,,,,,,,,,,,,,,,,,,,,,,,,,,,,,,,,9,3,3,1.0,1.0
33965,3,1,3,0,,1,,,,,1,Hombre,16,256,4,Basica secundaria,Media,2,,,,1.0,3,,,,,,,,,,,,,,,,,,,,,,,,,,,,,,,,,9,6,0,,
33974,1,1,1,0,,1,30000.0,10.308952660644293,60.0,1000.0,1,Hombre,44,1936,3,Basica primaria,Baja,1,,1.0,,,3,5.0,1.0,30.0,1.0,MIL PESOS,,,,1.0,,,,,,2.0,,,2.0,1.0,2.0,1.0,2.0,2.0,2.0,1.0,1.0,1.0,1.0,1.0,2.0,2.0,2.0,9,6,3,1.0,1.0
34017,1,1,1,0,,1,,,,,1,Hombre,26,676,5,Media,Media,2,,1.0,,,3,,,,,,,,,,,,,,,,,,,,,,,,,,,,,,,,,9,2,2,1.0,1.0
34040,1,1,1,1,1.0,0,,,,,1,Hombre,37,1369,5,Media,Media,2,,,,,3,,,,,,,,,,,,,,,,,,,,,,,,,,,,,,,,,9,3,2,1.0,1.0
34053,1,1,1,0,,1,,,,,1,Hombre,18,324,3,Basica primaria,Baja,2,,1.0,,,3,,,,,,,,,,,,,,,,,,,,,,,,,,,,,,,,,9,1,0,1.0,1.0
34103,2,1,2,0,,1,,,,,2,Mujer,24,576,7,Universitaria,Superior,2,,1.0,,,3,,,,,,,,,,,,,,,,,,,,,,,,,,,,,,,,,9,3,0,1.0,2.0
34105,1,1,1,0,,1,,,,,1,Hombre,35,1225,5,Media,Media,2,,1.0,,,3,,,,,,,,,,,,,,,,,,,,,,,,,,,,,,,,,1,6,2,1.0,1.0
34114,3,1,3,0,,1,,,,,2,Mujer,25,625,7,Universitaria,Superior,2,,1.0,,,3,,,,,,,,,,,,,,,,,,,,,,,,,,,,,,,,,9,6,6,1.0,2.0
34121,2,1,2,1,1.0,0,120000.0,11.695247021764184,150.0,3000.0,2,Mujer,32,1024,3,Basica primaria,Baja,1,,,,,3,5.0,1.0,30.0,1.0, TRES MIL PESOS,,,,,,1.0,,,,2.0,,,2.0,2.0,2.0,2.0,2.0,1.0,2.0,1.0,1.0,2.0,2.0,1.0,2.0,2.0,1.0,9,2,6,1.0,2.0
34146,3,1,3,1,1.0,0,,,7.0,2000.0,1,Hombre,46,2116,4,Basica secundaria,Media,1,,1.0,,,3,2.0,2.0,,1.0,DOS MIL PESOS,,,1.0,1.0,,,,,,2.0,,,2.0,1.0,2.0,1.0,1.0,1.0,2.0,2.0,2.0,2.0,2.0,2.0,1.0,2.0,2.0,9,6,0,1.0,1.0
34169,2,1,2,1,1.0,0,,,,,1,Hombre,35,1225,6,Tecnica/tecnologica,Superior,2,,,,,3,,,,,,,,,,,,,,,,,,,,,,,,,,,,,,,,,9,6,0,1.0,1.0
34195,2,1,2,0,,1,,,,,2,Mujer,60,3600,5,Media,Media,2,,1.0,,,3,,,,,,,,,,,,,,,,,,,,,,,,,,,,,,,,,9,5,4,1.0,2.0
34200,2,1,2,0,,1,,,,,1,Hombre,43,1849,3,Basica primaria,Baja,2,,1.0,,,3,,,,,,,,,,,,,,,,,,,,,,,,,,,,,,,,,9,2,8,1.0,1.0
34202,1,1,1,1,1.0,0,,,,,1,Hombre,24,576,5,Media,Media,2,,,,,3,,,,,,,,,,,,,,,,,,,,,,,,,,,,,,,,,9,1,0,1.0,1.0
34204,2,1,2,1,1.0,0,10000.0,9.210340371976184,6.0,2500.0,1,Hombre,26,676,6,Tecnica/tecnologica,Superior,1,,,,,3,5.0,1.0,30.0,1.0,DOS MIL QUINIENTOS,,,1.0,,,,,,,2.0,,,1.0,1.0,1.0,1.0,1.0,1.0,1.0,1.0,1.0,1.0,1.0,2.0,2.0,1.0,1.0,9,6,2,1.0,1.0
34212,1,1,1,0,,1,,,,,1,Hombre,23,529,5,Media,Media,2,,1.0,,,3,,,,,,,,,,,,,,,,,,,,,,,,,,,,,,,,,9,2,0,1.0,1.0
34250,1,1,1,0,,1,,,,,1,Hombre,41,1681,7,Universitaria,Superior,2,,1.0,,,3,,,,,,,,,,,,,,,,,,,,,,,,,,,,,,,,,9,3,3,1.0,1.0
34253,2,1,2,0,,1,,,,,2,Mujer,32,1024,8,Postgrado,Superior,2,,1.0,,,3,,,,,,,,,,,,,,,,,,,,,,,,,,,,,,,,,9,3,1,1.0,2.0
34258,2,1,2,0,,1,,,,,1,Hombre,39,1521,5,Media,Media,2,,1.0,,,3,,,,,,,,,,,,,,,,,,,,,,,,,,,,,,,,,1,2,2,1.0,1.0
34269,3,1,3,1,1.0,0,,,2.0,5000.0,2,Mujer,28,784,5,Media,Media,1,,,,,2,2.0,2.0,,1.0,CINCO MIL,,,,1.0,,,,,,2.0,,,2.0,2.0,2.0,2.0,2.0,1.0,2.0,2.0,2.0,2.0,2.0,2.0,2.0,2.0,1.0,9,6,0,1.0,2.0
34285,3,1,3,1,1.0,0,,,,,2,Mujer,16,256,5,Media,Media,2,,,,,3,,,,,,,,,,,,,,,,,,,,,,,,,,,,,,,,,9,6,0,,
34310,2,1,2,1,1.0,0,,,1.0,,2,Mujer,22,484,5,Media,Media,1,,1.0,,,3,4.0,2.0,,2.0,,,,,1.0,,,,,,2.0,,,2.0,2.0,2.0,2.0,2.0,2.0,2.0,2.0,2.0,2.0,2.0,2.0,2.0,2.0,2.0,9,2,0,1.0,2.0
34338,3,1,3,0,,1,,,,,1,Hombre,29,841,6,Tecnica/tecnologica,Superior,2,,1.0,,,3,,,,,,,,,,,,,,,,,,,,,,,,,,,,,,,,,9,6,0,1.0,1.0
34357,1,1,1,0,,1,,,,,2,Mujer,57,3249,5,Media,Media,2,,1.0,,,3,,,,,,,,,,,,,,,,,,,,,,,,,,,,,,,,,9,6,1,1.0,2.0
34377,3,1,3,0,,1,,,,,1,Hombre,35,1225,5,Media,Media,2,,1.0,,,3,,,,,,,,,,,,,,,,,,,,,,,,,,,,,,,,,9,6,0,1.0,1.0
34387,4,1,4,1,1.0,0,,,2.0,2000.0,2,Mujer,18,324,4,Basica secundaria,Media,1,,,,,3,2.0,2.0,,1.0,DOS MIL PESOS,,,,1.0,,,,,,2.0,,,1.0,1.0,2.0,1.0,1.0,1.0,1.0,1.0,1.0,1.0,1.0,1.0,1.0,1.0,1.0,5,5,0,1.0,2.0
34393,1,1,1,0,,1,,,,,1,Hombre,31,961,7,Universitaria,Superior,2,,1.0,,,3,,,,,,,,,,,,,,,,,,,,,,,,,,,,,,,,,9,6,0,1.0,1.0
34416,1,1,1,0,,1,,,1.0,,2,Mujer,28,784,7,Universitaria,Superior,1,,1.0,,,3,1.0,2.0,,2.0,,,,,1.0,,,,,,2.0,,,2.0,2.0,2.0,2.0,2.0,2.0,2.0,2.0,2.0,2.0,2.0,2.0,2.0,2.0,2.0,9,6,0,1.0,2.0
34417,1,1,1,0,,1,,,,,2,Mujer,24,576,8,Postgrado,Superior,2,,,1.0,,3,,,,,,,,,,,,,,,,,,,,,,,,,,,,,,,,,9,6,0,1.0,2.0
34424,2,1,2,1,1.0,0,,,,,1,Hombre,31,961,4,Basica secundaria,Media,2,,,,,3,,,,,,,,,,,,,,,,,,,,,,,,,,,,,,,,,5,2,0,1.0,1.0
34433,2,1,2,1,1.0,0,150000.0,11.918390573078392,1.0,3000.0,1,Hombre,22,484,5,Media,Media,1,,,,,3,5.0,1.0,30.0,1.0,TRES MIL PESOS,,,1.0,,,,,,,2.0,,,2.0,2.0,2.0,2.0,2.0,2.0,2.0,2.0,2.0,2.0,2.0,2.0,2.0,2.0,2.0,9,6,0,1.0,1.0
34443,1,1,1,0,,1,,,,,1,Hombre,33,1089,8,Postgrado,Superior,2,,1.0,,,3,,,,,,,,,,,,,,,,,,,,,,,,,,,,,,,,,1,2,0,1.0,1.0
34483,2,1,2,0,,1,,,,,2,Mujer,42,1764,7,Universitaria,Superior,2,,1.0,,,3,,,,,,,,,,,,,,,,,,,,,,,,,,,,,,,,,9,3,2,1.0,2.0
34485,2,1,2,0,,1,,,6.0,2000.0,2,Mujer,20,400,5,Media,Media,1,1.0,1.0,,,3,2.0,2.0,,1.0,DOS MIL PESOS,,,,1.0,,,,,,1.0,,,2.0,1.0,2.0,2.0,2.0,1.0,2.0,1.0,1.0,2.0,2.0,2.0,2.0,1.0,2.0,9,2,1,1.0,2.0
34489,1,1,1,0,,1,,,,,2,Mujer,36,1296,7,Universitaria,Superior,2,,1.0,,,3,,,,,,,,,,,,,,,,,,,,,,,,,,,,,,,,,9,6,0,1.0,2.0
34535,2,1,2,0,,1,,,,,2,Mujer,27,729,8,Postgrado,Superior,2,,1.0,,,3,,,,,,,,,,,,,,,,,,,,,,,,,,,,,,,,,9,1,0,1.0,2.0
34548,3,1,3,1,1.0,0,3000.0,8.006367567650246,1.0,3000.0,1,Hombre,23,529,5,Media,Media,1,1.0,,,,3,3.0,1.0,1.0,1.0,TRES MIL PESOS,,,1.0,1.0,,,1.0,,,1.0,,,2.0,2.0,2.0,2.0,2.0,2.0,2.0,2.0,2.0,2.0,2.0,2.0,2.0,2.0,2.0,9,6,0,3.0,1.0
34550,1,1,1,0,,1,,,,,1,Hombre,51,2601,4,Basica secundaria,Media,2,,1.0,,,3,,,,,,,,,,,,,,,,,,,,,,,,,,,,,,,,,9,3,4,1.0,1.0
34555,1,1,1,0,,1,,,,,1,Hombre,40,1600,7,Universitaria,Superior,2,,1.0,,,3,,,,,,,,,,,,,,,,,,,,,,,,,,,,,,,,,9,3,2,1.0,1.0
34559,3,1,3,0,,1,,,,,2,Mujer,23,529,5,Media,Media,2,,1.0,,,3,,,,,,,,,,,,,,,,,,,,,,,,,,,,,,,,,9,6,0,1.0,2.0
34561,5,1,5,1,1.0,0,,,,,1,Hombre,30,900,6,Tecnica/tecnologica,Superior,2,,1.0,,,3,,,,,,,,,,,,,,,,,,,,,,,,,,,,,,,,,9,2,2,1.0,1.0
34562,3,1,3,0,,1,,,,,1,Hombre,29,841,6,Tecnica/tecnologica,Superior,2,,1.0,,,2,,,,,,,,,,,,,,,,,,,,,,,,,,,,,,,,,9,6,1,1.0,1.0
34583,1,1,1,1,1.0,0,20000.0,9.903487552536127,2.0,2000.0,1,Hombre,19,361,4,Basica secundaria,Media,1,,,,,1,4.0,1.0,99.0,1.0,DOS MIL,,,,1.0,,,,,,2.0,,,2.0,2.0,2.0,2.0,2.0,2.0,2.0,2.0,2.0,2.0,2.0,2.0,2.0,2.0,2.0,1,2,2,1.0,1.0
34598,2,1,2,1,1.0,0,35000.0,10.46310334047155,30.0,2000.0,1,Hombre,43,1849,5,Media,Media,1,,1.0,1.0,,3,5.0,1.0,30.0,1.0,DOS MIL PESOS,,,,1.0,,,,,,2.0,,,2.0,2.0,1.0,2.0,2.0,1.0,2.0,2.0,1.0,2.0,2.0,2.0,2.0,2.0,1.0,9,6,1,1.0,1.0
34603,2,1,2,1,1.0,0,30000.0,10.308952660644293,10.0,2000.0,2,Mujer,30,900,3,Basica primaria,Baja,1,1.0,1.0,,,3,5.0,1.0,30.0,1.0,treinta mil pesos,,,,1.0,,,,,,1.0,,,2.0,2.0,2.0,2.0,2.0,2.0,2.0,2.0,2.0,2.0,2.0,2.0,2.0,2.0,2.0,9,1,1,1.0,2.0
34613,1,1,1,1,1.0,0,30000.0,10.308952660644293,4.0,1000.0,1,Hombre,54,2916,4,Basica secundaria,Media,1,1.0,1.0,,,1,5.0,1.0,30.0,1.0,MIL,,,,1.0,,,,,,1.0,1.0,,2.0,2.0,1.0,1.0,2.0,1.0,2.0,2.0,2.0,2.0,2.0,2.0,2.0,2.0,2.0,9,6,2,1.0,2.0
34624,3,1,3,1,1.0,0,,,1.0,3000.0,2,Mujer,28,784,7,Universitaria,Superior,1,,,,,3,2.0,2.0,,1.0,TRES MIL PESOS,,,,1.0,,,,,,2.0,,,2.0,2.0,2.0,2.0,2.0,2.0,2.0,2.0,2.0,2.0,2.0,2.0,2.0,2.0,2.0,9,6,0,1.0,2.0
34630,2,1,2,1,1.0,0,5000.0,8.517193191416238,3.0,2500.0,1,Hombre,25,625,5,Media,Media,1,,,,,3,4.0,1.0,3.0,1.0,DOS MIL QUINIENTOS PESOS,,,,1.0,,,,,,2.0,,,2.0,2.0,2.0,2.0,2.0,2.0,2.0,1.0,2.0,2.0,1.0,2.0,2.0,2.0,2.0,9,6,0,1.0,1.0
34654,2,1,2,1,1.0,0,60000.0,11.002099841204238,30.0,2000.0,1,Hombre,20,400,5,Media,Media,1,1.0,,,,3,5.0,1.0,30.0,1.0,DOS MIL PESOS,,,1.0,,,,,,,1.0,,,2.0,2.0,2.0,2.0,2.0,2.0,2.0,2.0,1.0,1.0,1.0,1.0,2.0,1.0,1.0,2,6,0,1.0,1.0
34661,1,1,1,0,,1,,,,,1,Hombre,52,2704,7,Universitaria,Superior,2,,,,1.0,3,,,,,,,,,,,,,,,,,,,,,,,,,,,,,,,,,9,3,0,1.0,1.0
34679,2,1,2,1,1.0,0,,,1.0,,2,Mujer,35,1225,7,Universitaria,Superior,1,1.0,1.0,1.0,,3,2.0,2.0,,2.0,,,,,1.0,,,,,,1.0,,,2.0,2.0,2.0,2.0,2.0,2.0,2.0,2.0,2.0,2.0,2.0,2.0,2.0,2.0,2.0,9,6,1,1.0,2.0
34682,1,1,1,1,1.0,0,300000.0,12.611537753638338,100.0,2000.0,1,Hombre,25,625,4,Basica secundaria,Media,1,,,,,3,5.0,1.0,30.0,1.0,DOS MIL PESOS,,,,,1.0,,,,,2.0,,,2.0,2.0,2.0,1.0,2.0,1.0,1.0,1.0,2.0,2.0,1.0,1.0,2.0,2.0,1.0,9,6,1,1.0,1.0
34688,4,1,4,1,1.0,0,,,,,1,Hombre,34,1156,4,Basica secundaria,Media,2,,,,,3,,,,,,,,,,,,,,,,,,,,,,,,,,,,,,,,,9,2,2,1.0,1.0
34691,2,1,2,1,1.0,0,30000.0,10.308952660644293,30.0,2000.0,1,Hombre,27,729,5,Media,Media,1,,,,,3,5.0,1.0,30.0,1.0,DOS MIL PESOS,,,1.0,,,,,,,2.0,,,2.0,2.0,2.0,2.0,2.0,1.0,2.0,2.0,2.0,2.0,2.0,1.0,2.0,2.0,1.0,1,6,0,1.0,1.0
34693,2,1,2,0,,1,,,,,1,Hombre,61,3721,3,Basica primaria,Baja,2,,1.0,,,3,,,,,,,,,,,,,,,,,,,,,,,,,,,,,,,,,5,5,5,1.0,1.0
34697,1,1,1,1,1.0,0,15000.0,9.615805480084347,4.0,3000.0,1,Hombre,21,441,3,Basica primaria,Baja,1,,1.0,,,3,4.0,1.0,4.0,1.0,TRES MIL PESOS,,,1.0,1.0,1.0,,,,,2.0,,,2.0,2.0,2.0,2.0,2.0,2.0,2.0,2.0,2.0,2.0,2.0,2.0,2.0,2.0,2.0,9,2,2,1.0,1.0
34700,1,1,1,0,,1,,,,,2,Mujer,42,1764,8,Postgrado,Superior,2,,1.0,,,3,,,,,,,,,,,,,,,,,,,,,,,,,,,,,,,,,9,3,1,1.0,2.0
34713,1,1,1,1,1.0,0,,,1.0,,1,Hombre,37,1369,6,Tecnica/tecnologica,Superior,1,,,,,3,2.0,2.0,,2.0,,,,,,,1.0,,,,2.0,,,2.0,2.0,2.0,2.0,2.0,2.0,2.0,2.0,2.0,2.0,1.0,2.0,2.0,2.0,2.0,9,6,2,1.0,1.0
34718,1,1,1,1,1.0,0,40000.0,10.596634733096073,30.0,5000.0,1,Hombre,34,1156,7,Universitaria,Superior,1,,,1.0,,3,5.0,1.0,30.0,1.0,CINCO MIL,,,,,1.0,,,,,2.0,,,2.0,2.0,2.0,2.0,2.0,2.0,2.0,2.0,1.0,1.0,2.0,1.0,2.0,2.0,1.0,9,2,0,1.0,1.0
34739,2,1,2,1,1.0,0,,,,,1,Hombre,26,676,7,Universitaria,Superior,2,,1.0,,,3,,,,,,,,,,,,,,,,,,,,,,,,,,,,,,,,,9,6,0,1.0,1.0
34744,3,1,3,1,1.0,0,,,,,1,Hombre,21,441,7,Universitaria,Superior,2,,,,,3,,,,,,,,,,,,,,,,,,,,,,,,,,,,,,,,,9,6,0,1.0,1.0
34745,1,1,1,1,1.0,0,,,,,2,Mujer,26,676,6,Tecnica/tecnologica,Superior,2,,1.0,,,3,,,,,,,,,,,,,,,,,,,,,,,,,,,,,,,,,9,6,0,1.0,2.0
34771,2,1,2,0,,1,,,,,1,Hombre,39,1521,4,Basica secundaria,Media,2,,1.0,,,3,,,,,,,,,,,,,,,,,,,,,,,,,,,,,,,,,9,3,2,1.0,1.0
34778,1,1,1,1,1.0,0,,,,,1,Hombre,21,441,5,Media,Media,2,,,,,3,,,,,,,,,,,,,,,,,,,,,,,,,,,,,,,,,1,6,0,1.0,1.0
34781,3,1,3,1,1.0,0,30000.0,10.308952660644293,30.0,1000.0,1,Hombre,13,169,4,Basica secundaria,Media,1,,,,,3,5.0,1.0,30.0,1.0,MIL PESOS,,,,,,1.0,,,,2.0,,,1.0,2.0,2.0,1.0,2.0,1.0,2.0,2.0,1.0,1.0,1.0,1.0,2.0,2.0,1.0,9,6,0,,
34787,2,1,2,0,,1,20000.0,9.903487552536127,2.0,10000.0,1,Hombre,54,2916,7,Universitaria,Superior,1,,1.0,,,3,3.0,1.0,1.0,1.0,DIEZ MIL PESOS,,,,1.0,,,,,,2.0,,,2.0,2.0,2.0,2.0,2.0,2.0,2.0,2.0,2.0,2.0,2.0,2.0,2.0,2.0,2.0,9,3,0,1.0,1.0
34805,3,1,3,0,,1,,,,,2,Mujer,16,256,6,Tecnica/tecnologica,Superior,2,,1.0,,,3,,,,,,,,,,,,,,,,,,,,,,,,,,,,,,,,,9,6,0,,
34814,4,1,4,0,,1,,,1.0,,2,Mujer,20,400,7,Universitaria,Superior,1,,,,1.0,3,1.0,2.0,,2.0,,,,,,,1.0,,,,2.0,,,2.0,2.0,2.0,2.0,2.0,2.0,2.0,2.0,2.0,2.0,2.0,2.0,2.0,2.0,2.0,9,6,0,1.0,2.0
34878,1,1,1,0,,1,,,,,2,Mujer,22,484,5,Media,Media,2,,1.0,,,3,,,,,,,,,,,,,,,,,,,,,,,,,,,,,,,,,9,6,0,1.0,2.0
34887,3,1,3,1,1.0,0,,,,,2,Mujer,28,784,6,Tecnica/tecnologica,Superior,2,,,,,3,,,,,,,,,,,,,,,,,,,,,,,,,,,,,,,,,9,6,0,1.0,2.0
34903,1,1,1,0,,1,,,,,1,Hombre,63,3969,6,Tecnica/tecnologica,Superior,2,,,,1.0,3,,,,,,,,,,,,,,,,,,,,,,,,,,,,,,,,,9,3,1,1.0,1.0
34912,6,1,6,0,,1,60000.0,11.002099841204238,40.0,3000.0,1,Hombre,22,484,5,Media,Media,1,,1.0,,,3,4.0,1.0,20.0,1.0,TRES MIL PESOS,,,,1.0,,,,,,2.0,,,1.0,2.0,2.0,1.0,2.0,2.0,2.0,2.0,2.0,2.0,2.0,2.0,2.0,2.0,2.0,9,6,0,1.0,1.0
34916,1,1,1,1,1.0,0,,,3.0,4000.0,2,Mujer,43,1849,7,Universitaria,Superior,1,1.0,1.0,,,9,3.0,2.0,,1.0,CUATRO MIL PESOS,,,,1.0,,1.0,1.0,,,1.0,,,2.0,2.0,2.0,1.0,2.0,2.0,2.0,2.0,2.0,2.0,2.0,2.0,2.0,2.0,2.0,9,2,2,1.0,2.0
34962,1,1,1,1,1.0,0,,,5.0,5000.0,2,Mujer,22,484,5,Media,Media,1,,,,,3,2.0,2.0,,1.0,CINCO MIL PESOS,,,1.0,1.0,,,,,,2.0,,,2.0,2.0,2.0,2.0,2.0,2.0,2.0,2.0,2.0,2.0,1.0,2.0,2.0,2.0,2.0,9,1,1,1.0,2.0
34997,1,1,1,0,,1,30000.0,10.308952660644293,15.0,2000.0,1,Hombre,40,1600,3,Basica primaria,Baja,1,,1.0,,,3,3.0,1.0,99.0,1.0,DOS MIL PESOS,,,,1.0,,,,,,2.0,,,2.0,2.0,2.0,2.0,2.0,2.0,2.0,2.0,2.0,2.0,2.0,2.0,2.0,2.0,2.0,5,5,4,1.0,1.0
35020,1,1,1,1,1.0,0,,,,,1,Hombre,22,484,5,Media,Media,2,,,,,3,,,,,,,,,,,,,,,,,,,,,,,,,,,,,,,,,9,1,0,1.0,1.0
35029,3,1,3,0,,1,,,,,1,Hombre,27,729,7,Universitaria,Superior,2,,1.0,,,3,,,,,,,,,,,,,,,,,,,,,,,,,,,,,,,,,9,6,1,1.0,1.0
35035,2,1,2,1,1.0,0,,,17.0,2000.0,1,Hombre,25,625,7,Universitaria,Superior,1,1.0,1.0,,,3,4.0,2.0,,1.0,DOS MIL PESOS,,,1.0,,,,,,,1.0,,,2.0,2.0,2.0,2.0,2.0,2.0,2.0,2.0,2.0,2.0,1.0,2.0,2.0,2.0,2.0,9,6,0,1.0,1.0
35041,3,1,3,0,,1,,,,,2,Mujer,21,441,5,Media,Media,2,,1.0,,,3,,,,,,,,,,,,,,,,,,,,,,,,,,,,,,,,,9,6,0,1.0,2.0
35056,1,1,1,1,1.0,0,,,,,1,Hombre,39,1521,5,Media,Media,2,,,,,3,,,,,,,,,,,,,,,,,,,,,,,,,,,,,,,,,9,3,2,1.0,1.0
35077,3,1,3,1,1.0,0,,,,,1,Hombre,57,3249,4,Basica secundaria,Media,2,,,,,3,,,,,,,,,,,,,,,,,,,,,,,,,,,,,,,,,9,5,1,1.0,1.0
35102,1,1,1,0,,1,,,,,1,Hombre,27,729,5,Media,Media,2,,1.0,,,3,,,,,,,,,,,,,,,,,,,,,,,,,,,,,,,,,9,2,2,1.0,1.0
35112,2,1,2,0,,1,,,,,1,Hombre,25,625,6,Tecnica/tecnologica,Superior,2,,1.0,,,3,,,,,,,,,,,,,,,,,,,,,,,,,,,,,,,,,1,6,0,1.0,1.0
35119,1,1,1,0,,1,,,,,1,Hombre,30,900,5,Media,Media,2,,1.0,,,3,,,,,,,,,,,,,,,,,,,,,,,,,,,,,,,,,9,3,2,1.0,1.0
35134,2,1,2,0,,1,,,,,1,Hombre,26,676,5,Media,Media,2,,1.0,,,3,,,,,,,,,,,,,,,,,,,,,,,,,,,,,,,,,9,6,0,1.0,1.0
35160,1,1,1,1,1.0,0,20000.0,9.903487552536127,20.0,2000.0,1,Hombre,27,729,5,Media,Media,1,,1.0,,,3,4.0,1.0,10.0,1.0,DOS MIL PESOS,,,1.0,,,,,,,2.0,,,2.0,2.0,2.0,2.0,1.0,2.0,2.0,2.0,1.0,1.0,2.0,1.0,2.0,2.0,2.0,9,6,0,1.0,1.0
35162,5,1,5,1,1.0,0,22000.0,9.998797732340453,2.0,6000.0,1,Hombre,18,324,5,Media,Media,1,1.0,1.0,,,3,3.0,1.0,5.0,1.0,SEIS MIL,,,1.0,,,,,,,1.0,,,2.0,2.0,2.0,2.0,2.0,2.0,2.0,2.0,2.0,2.0,2.0,2.0,2.0,2.0,2.0,9,6,0,1.0,1.0
35169,1,1,1,0,,1,,,,,1,Hombre,35,1225,5,Media,Media,2,,,1.0,,3,,,,,,,,,,,,,,,,,,,,,,,,,,,,,,,,,9,2,2,1.0,1.0
35170,3,1,3,0,,1,,,,,1,Hombre,51,2601,6,Tecnica/tecnologica,Superior,2,,1.0,,,3,,,,,,,,,,,,,,,,,,,,,,,,,,,,,,,,,9,6,0,1.0,1.0
35177,3,1,3,0,,1,,,,,2,Mujer,36,1296,8,Postgrado,Superior,2,,1.0,,,3,,,,,,,,,,,,,,,,,,,,,,,,,,,,,,,,,9,6,1,1.0,2.0
35239,3,1,3,1,1.0,0,,,,,1,Hombre,22,484,7,Universitaria,Superior,2,,,,,3,,,,,,,,,,,,,,,,,,,,,,,,,,,,,,,,,9,6,0,1.0,1.0
35251,3,1,3,1,1.0,0,,,,,1,Hombre,18,324,4,Basica secundaria,Media,2,,1.0,,,3,,,,,,,,,,,,,,,,,,,,,,,,,,,,,,,,,9,6,0,1.0,1.0
35272,2,1,2,0,,1,,,,,2,Mujer,20,400,7,Universitaria,Superior,2,,1.0,,,3,,,,,,,,,,,,,,,,,,,,,,,,,,,,,,,,,9,2,0,1.0,2.0
35325,2,1,2,1,1.0,0,,,,,1,Hombre,19,361,4,Basica secundaria,Media,2,,,,,3,,,,,,,,,,,,,,,,,,,,,,,,,,,,,,,,,9,5,0,1.0,1.0
35347,1,1,1,1,1.0,0,,,,,1,Hombre,37,1369,6,Tecnica/tecnologica,Superior,2,,,,,3,,,,,,,,,,,,,,,,,,,,,,,,,,,,,,,,,9,1,1,1.0,1.0
35407,1,1,1,0,,1,,,,,1,Hombre,30,900,7,Universitaria,Superior,2,,1.0,1.0,,3,,,,,,,,,,,,,,,,,,,,,,,,,,,,,,,,,9,6,0,1.0,1.0
35409,1,1,1,1,1.0,0,,,,,1,Hombre,27,729,7,Universitaria,Superior,2,,,,,3,,,,,,,,,,,,,,,,,,,,,,,,,,,,,,,,,9,6,0,1.0,1.0
35425,4,1,4,0,,1,,,,,1,Hombre,60,3600,5,Media,Media,2,,1.0,,,3,,,,,,,,,,,,,,,,,,,,,,,,,,,,,,,,,9,2,3,1.0,1.0
35433,1,1,1,0,,1,,,,,1,Hombre,46,2116,5,Media,Media,2,,1.0,,,3,,,,,,,,,,,,,,,,,,,,,,,,,,,,,,,,,9,4,3,1.0,1.0
35452,3,1,3,0,,1,,,,,1,Hombre,26,676,5,Media,Media,2,,1.0,,,3,,,,,,,,,,,,,,,,,,,,,,,,,,,,,,,,,1,6,0,1.0,1.0
35465,1,1,1,0,,1,,,,,1,Hombre,43,1849,5,Media,Media,2,,1.0,,,3,,,,,,,,,,,,,,,,,,,,,,,,,,,,,,,,,9,2,0,1.0,1.0
35514,1,1,1,1,1.0,0,,,,,1,Hombre,64,4096,8,Postgrado,Superior,2,,1.0,,,3,,,,,,,,,,,,,,,,,,,,,,,,,,,,,,,,,9,3,2,1.0,1.0
35589,1,1,1,0,,1,,,,,2,Mujer,23,529,7,Universitaria,Superior,2,,1.0,,,3,,,,,,,,,,,,,,,,,,,,,,,,,,,,,,,,,9,6,0,1.0,2.0
35598,1,1,1,1,1.0,0,,,,,1,Hombre,28,784,5,Media,Media,2,,1.0,,,3,,,,,,,,,,,,,,,,,,,,,,,,,,,,,,,,,1,6,0,1.0,1.0
35604,1,1,1,0,,1,,,,,1,Hombre,52,2704,7,Universitaria,Superior,2,,1.0,,,3,,,,,,,,,,,,,,,,,,,,,,,,,,,,,,,,,9,3,4,1.0,1.0
35608,1,1,1,0,,1,,,,,1,Hombre,21,441,6,Tecnica/tecnologica,Superior,2,,1.0,,,3,,,,,,,,,,,,,,,,,,,,,,,,,,,,,,,,,9,6,0,1.0,1.0
35617,5,1,5,0,,1,,,4.0,10000.0,1,Hombre,20,400,4,Basica secundaria,Media,1,,1.0,,,3,2.0,2.0,,1.0,DIEZ MIL PESOS UN MOÑO,,,,1.0,,,,,,2.0,,,2.0,2.0,1.0,2.0,2.0,2.0,2.0,2.0,2.0,2.0,2.0,2.0,2.0,2.0,2.0,9,6,0,1.0,1.0
35629,1,1,1,0,,1,,,,,2,Mujer,24,576,7,Universitaria,Superior,2,,1.0,,,3,,,,,,,,,,,,,,,,,,,,,,,,,,,,,,,,,9,2,0,1.0,2.0
35635,1,1,1,0,,1,,,,,1,Hombre,52,2704,5,Media,Media,2,,1.0,,,3,,,,,,,,,,,,,,,,,,,,,,,,,,,,,,,,,9,5,2,1.0,1.0
35640,1,1,1,0,,1,,,,,1,Hombre,63,3969,5,Media,Media,2,,1.0,,,3,,,,,,,,,,,,,,,,,,,,,,,,,,,,,,,,,9,4,2,1.0,1.0
35657,3,1,3,0,,1,,,1.0,2000.0,1,Hombre,17,289,6,Tecnica/tecnologica,Superior,1,,1.0,,,2,1.0,2.0,,1.0,DOS MIL PESOS,,,,1.0,,,,,,2.0,,,2.0,2.0,2.0,2.0,2.0,2.0,2.0,2.0,2.0,2.0,2.0,2.0,2.0,2.0,2.0,9,6,0,,
35671,1,1,1,0,,1,,,,,1,Hombre,35,1225,7,Universitaria,Superior,2,,1.0,,,3,,,,,,,,,,,,,,,,,,,,,,,,,,,,,,,,,9,1,0,1.0,1.0
35696,1,1,1,0,,1,,,,,1,Hombre,51,2601,7,Universitaria,Superior,2,,1.0,,,3,,,,,,,,,,,,,,,,,,,,,,,,,,,,,,,,,9,3,1,1.0,1.0
35703,1,1,1,1,1.0,0,,,,,1,Hombre,48,2304,6,Tecnica/tecnologica,Superior,2,,1.0,1.0,,3,,,,,,,,,,,,,,,,,,,,,,,,,,,,,,,,,9,6,0,2.0,1.0
35733,1,1,1,0,,1,,,,,2,Mujer,28,784,6,Tecnica/tecnologica,Superior,2,,1.0,,,3,,,,,,,,,,,,,,,,,,,,,,,,,,,,,,,,,9,6,1,1.0,2.0
35762,2,1,2,0,,1,,,,,2,Mujer,46,2116,7,Universitaria,Superior,2,,1.0,,,3,,,,,,,,,,,,,,,,,,,,,,,,,,,,,,,,,9,3,3,1.0,2.0
35809,1,1,1,0,,1,,,,,2,Mujer,25,625,7,Universitaria,Superior,2,,1.0,,,3,,,,,,,,,,,,,,,,,,,,,,,,,,,,,,,,,9,5,1,1.0,2.0
35819,1,1,1,0,,1,,,,,1,Hombre,48,2304,5,Media,Media,2,,1.0,,,3,,,,,,,,,,,,,,,,,,,,,,,,,,,,,,,,,9,6,3,1.0,1.0
35841,2,1,2,0,,1,,,,,1,Hombre,57,3249,5,Media,Media,2,,1.0,,,3,,,,,,,,,,,,,,,,,,,,,,,,,,,,,,,,,9,5,0,1.0,1.0
35847,1,1,1,0,,1,,,,,1,Hombre,37,1369,4,Basica secundaria,Media,2,,1.0,,,3,,,,,,,,,,,,,,,,,,,,,,,,,,,,,,,,,9,1,3,1.0,1.0
35853,2,1,2,0,,1,,,,,2,Mujer,32,1024,6,Tecnica/tecnologica,Superior,2,,,,1.0,3,,,,,,,,,,,,,,,,,,,,,,,,,,,,,,,,,9,3,0,1.0,2.0
35879,1,1,1,0,,1,,,,,2,Mujer,43,1849,4,Basica secundaria,Media,2,,1.0,,,3,,,,,,,,,,,,,,,,,,,,,,,,,,,,,,,,,9,6,2,1.0,2.0
35928,1,1,1,0,,1,,,,,1,Hombre,35,1225,5,Media,Media,2,,1.0,,,3,,,,,,,,,,,,,,,,,,,,,,,,,,,,,,,,,9,2,2,1.0,1.0
35937,1,1,1,0,,1,,,,,2,Mujer,25,625,5,Media,Media,2,,1.0,,,3,,,,,,,,,,,,,,,,,,,,,,,,,,,,,,,,,9,6,0,1.0,2.0
35947,2,1,2,0,,1,,,1.0,,2,Mujer,21,441,6,Tecnica/tecnologica,Superior,1,,1.0,,,2,3.0,2.0,,2.0,,,,,1.0,,,,,,2.0,,,2.0,2.0,2.0,2.0,2.0,2.0,2.0,2.0,2.0,2.0,2.0,2.0,2.0,2.0,2.0,9,2,1,1.0,2.0
35996,2,1,2,1,1.0,0,30000.0,10.308952660644293,10.0,10000.0,1,Hombre,29,841,4,Basica secundaria,Media,1,,,,,1,3.0,1.0,10.0,1.0,DIEZ MIL PESOS,,,,1.0,,,,,,2.0,,,2.0,2.0,2.0,2.0,2.0,1.0,1.0,1.0,2.0,2.0,1.0,2.0,1.0,2.0,1.0,1,2,1,1.0,1.0
36015,5,1,5,1,1.0,0,,,,,2,Mujer,53,2809,4,Basica secundaria,Media,2,,,,,3,,,,,,,,,,,,,,,,,,,,,,,,,,,,,,,,,9,4,4,1.0,2.0
36017,5,1,5,0,,1,,,,,2,Mujer,21,441,4,Basica secundaria,Media,2,,1.0,,,3,,,,,,,,,,,,,,,,,,,,,,,,,,,,,,,,,9,6,2,1.0,2.0
36018,1,1,1,0,,1,2000.0,7.600902459542082,1.0,2000.0,1,Hombre,20,400,4,Basica secundaria,Media,1,,1.0,,,3,2.0,1.0,1.0,1.0,DOS MIL PESOS,,,1.0,1.0,,1.0,,,,2.0,,,2.0,2.0,2.0,2.0,2.0,2.0,2.0,2.0,2.0,2.0,2.0,2.0,2.0,2.0,2.0,9,2,0,1.0,1.0
36038,6,1,6,0,,1,,,,,2,Mujer,61,3721,4,Basica secundaria,Media,2,,1.0,,,3,,,,,,,,,,,,,,,,,,,,,,,,,,,,,,,,,9,2,3,1.0,2.0
36041,2,1,2,1,1.0,0,10000.0,9.210340371976184,20.0,4000.0,1,Hombre,18,324,5,Media,Media,1,,,,,3,2.0,1.0,20.0,1.0,CUATRO MIL PESOS,,,,1.0,,,,,,2.0,,,2.0,2.0,2.0,2.0,2.0,1.0,1.0,2.0,2.0,1.0,1.0,2.0,2.0,1.0,1.0,9,6,0,1.0,1.0
36078,1,1,1,1,1.0,0,1000.0,6.907755278982137,1.0,10000.0,2,Mujer,45,2025,5,Media,Media,1,,,,,3,2.0,1.0,2.0,1.0,DIEZ MIL PESOS,,,,1.0,,,,,,2.0,,,2.0,2.0,2.0,2.0,2.0,2.0,2.0,2.0,2.0,2.0,2.0,2.0,2.0,2.0,2.0,9,2,2,1.0,2.0
36091,1,1,1,0,,1,,,,,1,Hombre,40,1600,3,Basica primaria,Baja,2,,1.0,,,3,,,,,,,,,,,,,,,,,,,,,,,,,,,,,,,,,1,2,3,1.0,1.0
36094,1,1,1,1,1.0,0,,,,,2,Mujer,31,961,6,Tecnica/tecnologica,Superior,2,,,,,3,,,,,,,,,,,,,,,,,,,,,,,,,,,,,,,,,9,5,2,1.0,2.0
36100,1,1,1,0,,1,,,,,2,Mujer,61,3721,3,Basica primaria,Baja,2,,1.0,,,3,,,,,,,,,,,,,,,,,,,,,,,,,,,,,,,,,9,6,2,1.0,2.0
36103,2,1,2,1,1.0,0,15000.0,9.615805480084347,15.0,1000.0,1,Hombre,20,400,7,Universitaria,Superior,1,1.0,1.0,,,3,5.0,1.0,20.0,1.0,MIL PESOS,,,,,,,,,1.0,1.0,,,2.0,2.0,1.0,1.0,2.0,2.0,2.0,2.0,2.0,2.0,1.0,2.0,2.0,2.0,2.0,9,6,0,1.0,1.0
36112,2,1,2,1,1.0,0,,,,,1,Hombre,28,784,7,Universitaria,Superior,2,,,,,3,,,,,,,,,,,,,,,,,,,,,,,,,,,,,,,,,9,2,1,1.0,1.0
36128,3,1,3,1,1.0,0,,,,,1,Hombre,32,1024,6,Tecnica/tecnologica,Superior,2,,,,,3,,,,,,,,,,,,,,,,,,,,,,,,,,,,,,,,,9,2,1,1.0,1.0
36138,4,1,4,1,1.0,0,,,,,1,Hombre,19,361,3,Basica primaria,Baja,2,,,,,3,,,,,,,,,,,,,,,,,,,,,,,,,,,,,,,,,9,6,0,1.0,1.0
36146,3,1,3,1,1.0,0,,,,,2,Mujer,20,400,7,Universitaria,Superior,2,,,,,3,,,,,,,,,,,,,,,,,,,,,,,,,,,,,,,,,9,6,0,1.0,2.0
36148,2,1,2,0,,1,,,,,2,Mujer,53,2809,7,Universitaria,Superior,2,,,1.0,,3,,,,,,,,,,,,,,,,,,,,,,,,,,,,,,,,,9,3,1,1.0,2.0
36151,1,1,1,0,,1,,,,,2,Mujer,48,2304,1,Ninguno,Baja,2,,1.0,,,3,,,,,,,,,,,,,,,,,,,,,,,,,,,,,,,,,9,1,3,1.0,2.0
36156,1,1,1,1,1.0,0,,,,,1,Hombre,26,676,5,Media,Media,2,,,,,3,,,,,,,,,,,,,,,,,,,,,,,,,,,,,,,,,9,6,0,1.0,1.0
36167,1,1,1,1,1.0,0,,,,,1,Hombre,44,1936,6,Tecnica/tecnologica,Superior,2,,,,,3,,,,,,,,,,,,,,,,,,,,,,,,,,,,,,,,,9,5,2,1.0,1.0
36182,3,1,3,1,1.0,0,20000.0,9.903487552536127,2.0,500.0,2,Mujer,28,784,5,Media,Media,1,1.0,1.0,,1.0,3,5.0,1.0,30.0,1.0,QUINIENTOS,,,,1.0,,,,,,1.0,1.0,,2.0,2.0,2.0,2.0,2.0,2.0,2.0,2.0,2.0,2.0,2.0,2.0,2.0,2.0,2.0,9,6,3,1.0,2.0
36185,1,1,1,0,,1,,,,,1,Hombre,32,1024,5,Media,Media,2,,1.0,,,3,,,,,,,,,,,,,,,,,,,,,,,,,,,,,,,,,1,3,1,1.0,1.0
36274,2,1,2,0,,1,40000.0,10.596634733096073,60.0,2000.0,1,Hombre,27,729,6,Tecnica/tecnologica,Superior,1,,1.0,,,3,5.0,1.0,30.0,1.0,DOS MIL PESOS,,,,,,1.0,,,,2.0,,,2.0,2.0,2.0,1.0,2.0,2.0,2.0,2.0,1.0,2.0,1.0,2.0,2.0,1.0,1.0,9,1,0,1.0,1.0
36275,2,1,2,0,,1,,,,,1,Hombre,36,1296,5,Media,Media,2,,1.0,,,3,,,,,,,,,,,,,,,,,,,,,,,,,,,,,,,,,5,2,2,1.0,1.0
36315,1,1,1,0,,1,,,,,2,Mujer,43,1849,5,Media,Media,2,,1.0,,,3,,,,,,,,,,,,,,,,,,,,,,,,,,,,,,,,,9,6,2,1.0,2.0
36332,2,1,2,0,,1,,,,,1,Hombre,40,1600,7,Universitaria,Superior,2,,1.0,,,3,,,,,,,,,,,,,,,,,,,,,,,,,,,,,,,,,9,2,1,1.0,1.0
36340,2,1,2,1,1.0,0,,,,,2,Mujer,26,676,5,Media,Media,2,,,,,3,,,,,,,,,,,,,,,,,,,,,,,,,,,,,,,,,9,2,2,1.0,2.0
36346,2,1,2,1,1.0,0,,,,,2,Mujer,42,1764,5,Media,Media,2,,,,,3,,,,,,,,,,,,,,,,,,,,,,,,,,,,,,,,,9,2,2,1.0,2.0
36376,3,1,3,0,,1,,,,,2,Mujer,30,900,4,Basica secundaria,Media,2,,1.0,,,3,,,,,,,,,,,,,,,,,,,,,,,,,,,,,,,,,9,5,3,1.0,2.0
36391,2,1,2,1,1.0,0,,,,,1,Hombre,57,3249,5,Media,Media,2,,,,,3,,,,,,,,,,,,,,,,,,,,,,,,,,,,,,,,,9,3,1,1.0,1.0
36397,2,1,2,1,1.0,0,,,,,2,Mujer,32,1024,8,Postgrado,Superior,2,,,,,3,,,,,,,,,,,,,,,,,,,,,,,,,,,,,,,,,9,2,1,1.0,2.0
36431,2,1,2,1,1.0,0,,,,,1,Hombre,48,2304,1,Ninguno,Baja,2,,,,,3,,,,,,,,,,,,,,,,,,,,,,,,,,,,,,,,,1,2,5,1.0,1.0
36432,2,1,2,0,,1,,,,,2,Mujer,48,2304,4,Basica secundaria,Media,2,,1.0,,,3,,,,,,,,,,,,,,,,,,,,,,,,,,,,,,,,,9,2,5,1.0,2.0
36456,1,1,1,0,,1,,,,,1,Hombre,54,2916,7,Universitaria,Superior,2,,1.0,,,3,,,,,,,,,,,,,,,,,,,,,,,,,,,,,,,,,9,3,2,1.0,1.0
36510,1,1,1,1,1.0,0,,,,,2,Mujer,25,625,3,Basica primaria,Baja,2,,,,,3,,,,,,,,,,,,,,,,,,,,,,,,,,,,,,,,,9,5,2,1.0,2.0
36513,1,1,1,1,1.0,0,8000.0,8.987196820661973,5.0,1000.0,1,Hombre,39,1521,6,Tecnica/tecnologica,Superior,1,1.0,1.0,1.0,1.0,3,4.0,1.0,4.0,1.0,MIL PESOS MCTE,,,1.0,,,,,,,1.0,,,2.0,2.0,2.0,2.0,2.0,1.0,1.0,2.0,1.0,2.0,1.0,1.0,2.0,2.0,2.0,9,2,2,1.0,1.0
36530,3,1,3,1,1.0,0,,,,,2,Mujer,17,289,5,Media,Media,2,,,,,3,,,,,,,,,,,,,,,,,,,,,,,,,,,,,,,,,9,6,0,,
36536,2,1,2,0,,1,,,,,1,Hombre,39,1521,8,Postgrado,Superior,2,,1.0,,,3,,,,,,,,,,,,,,,,,,,,,,,,,,,,,,,,,9,2,1,1.0,1.0
36590,4,1,4,0,,1,,,,,1,Hombre,44,1936,5,Media,Media,2,,1.0,,,3,,,,,,,,,,,,,,,,,,,,,,,,,,,,,,,,,9,6,0,1.0,1.0
36676,1,1,1,1,1.0,0,10000.0,9.210340371976184,4.0,2000.0,1,Hombre,32,1024,6,Tecnica/tecnologica,Superior,1,,,,,3,3.0,1.0,3.0,1.0,DOS MIL PESOS,,,,1.0,,,,,,2.0,,,2.0,2.0,2.0,2.0,2.0,2.0,2.0,2.0,2.0,2.0,2.0,2.0,2.0,2.0,2.0,9,6,0,1.0,1.0
36720,3,1,3,1,1.0,0,30000.0,10.308952660644293,15.0,5000.0,1,Hombre,42,1764,4,Basica secundaria,Media,1,,,,,3,4.0,1.0,5.0,1.0,CINCO MIL PESOS,,,,1.0,,,,,,2.0,,,1.0,1.0,1.0,1.0,1.0,1.0,1.0,1.0,1.0,1.0,1.0,1.0,1.0,1.0,1.0,9,6,0,1.0,1.0
36760,4,1,4,1,1.0,0,,,2.0,5000.0,1,Hombre,22,484,5,Media,Media,1,,,,,3,1.0,2.0,,1.0,CINCO MIL PESOS,,,1.0,,,,,,,2.0,,,2.0,2.0,2.0,2.0,2.0,2.0,2.0,2.0,2.0,2.0,2.0,2.0,2.0,2.0,2.0,9,2,1,1.0,1.0
36784,4,1,4,0,,1,,,,,2,Mujer,21,441,7,Universitaria,Superior,2,,1.0,,,3,,,,,,,,,,,,,,,,,,,,,,,,,,,,,,,,,9,6,0,3.0,2.0
36795,4,1,4,1,1.0,0,100000.0,11.512925464970229,5.0,2000.0,1,Hombre,22,484,7,Universitaria,Superior,1,1.0,1.0,1.0,,3,5.0,1.0,30.0,1.0,DOS MIL PESOS,,,,,,,,,1.0,1.0,,,2.0,2.0,2.0,2.0,2.0,1.0,2.0,2.0,2.0,2.0,2.0,2.0,2.0,2.0,2.0,9,6,0,1.0,1.0
36822,2,1,2,1,1.0,0,200000.0,12.206072645530174,60.0,2000.0,2,Mujer,28,784,7,Universitaria,Superior,1,1.0,1.0,1.0,,3,5.0,1.0,30.0,1.0,DOS MIL PESOS,,,,1.0,1.0,,,,,1.0,,,2.0,2.0,2.0,1.0,2.0,2.0,2.0,2.0,1.0,2.0,2.0,2.0,2.0,2.0,2.0,5,2,1,1.0,2.0
36830,1,1,1,0,,1,,,,,2,Mujer,37,1369,7,Universitaria,Superior,1,1.0,,,1.0,3,3.0,2.0,,2.0,,,,,1.0,,,,,,1.0,,,2.0,2.0,2.0,2.0,2.0,2.0,2.0,2.0,2.0,2.0,2.0,2.0,2.0,2.0,1.0,9,5,0,3.0,2.0
36843,1,1,1,1,1.0,0,,,,,2,Mujer,33,1089,5,Media,Media,2,,1.0,,,3,,,,,,,,,,,,,,,,,,,,,,,,,,,,,,,,,9,1,2,1.0,2.0
36854,3,1,3,0,,1,,,,,1,Hombre,29,841,6,Tecnica/tecnologica,Superior,2,,1.0,,,3,,,,,,,,,,,,,,,,,,,,,,,,,,,,,,,,,9,4,3,1.0,1.0
36925,1,1,1,1,1.0,0,,,,,1,Hombre,30,900,5,Media,Media,2,,,,,3,,,,,,,,,,,,,,,,,,,,,,,,,,,,,,,,,9,2,1,1.0,1.0
36929,1,1,1,1,1.0,0,,,,,2,Mujer,33,1089,5,Media,Media,2,,,,,3,,,,,,,,,,,,,,,,,,,,,,,,,,,,,,,,,9,6,3,1.0,2.0
36935,3,1,3,1,1.0,0,,,,,2,Mujer,30,900,6,Tecnica/tecnologica,Superior,2,,1.0,,,3,,,,,,,,,,,,,,,,,,,,,,,,,,,,,,,,,9,2,0,1.0,2.0
37014,1,1,1,1,1.0,0,,,3.0,4000.0,2,Mujer,30,900,5,Media,Media,1,1.0,,,,3,3.0,2.0,,1.0,CUATRO MIL PESOS,,,,1.0,,,,,,1.0,,,2.0,2.0,2.0,2.0,2.0,2.0,2.0,2.0,2.0,2.0,2.0,2.0,2.0,2.0,2.0,9,6,0,2.0,2.0
37018,9,1,9,0,,1,,,,,1,Hombre,35,1225,7,Universitaria,Superior,2,,1.0,,,3,,,,,,,,,,,,,,,,,,,,,,,,,,,,,,,,,9,3,2,1.0,1.0
37025,1,1,1,1,1.0,0,,,1.0,5000.0,2,Mujer,31,961,7,Universitaria,Superior,1,1.0,1.0,1.0,,3,2.0,2.0,,1.0,cinco mil,,,,1.0,,,,,,1.0,,,2.0,2.0,2.0,2.0,2.0,1.0,2.0,2.0,2.0,2.0,2.0,2.0,2.0,2.0,2.0,9,6,0,1.0,2.0
37028,3,1,3,0,,1,,,10.0,5000.0,1,Hombre,16,256,5,Media,Media,1,,1.0,,,2,1.0,2.0,,1.0,CINCO MIL,,,,1.0,,,,,,2.0,,,2.0,2.0,1.0,2.0,2.0,2.0,2.0,2.0,1.0,1.0,2.0,2.0,2.0,2.0,2.0,9,6,0,,
37043,2,1,2,0,,1,,,,,2,Mujer,37,1369,7,Universitaria,Superior,2,,1.0,,,3,,,,,,,,,,,,,,,,,,,,,,,,,,,,,,,,,9,5,3,1.0,2.0
37057,3,1,3,0,,1,,,,,1,Hombre,59,3481,3,Basica primaria,Baja,2,,1.0,,,3,,,,,,,,,,,,,,,,,,,,,,,,,,,,,,,,,9,6,0,1.0,1.0
37060,1,1,1,0,,1,,,,,2,Mujer,29,841,3,Basica primaria,Baja,2,,1.0,,,3,,,,,,,,,,,,,,,,,,,,,,,,,,,,,,,,,9,6,2,1.0,2.0
37070,2,1,2,1,1.0,0,100000.0,11.512925464970229,30.0,,1,Hombre,21,441,5,Media,Media,1,1.0,1.0,1.0,,3,5.0,1.0,30.0,2.0,,,,1.0,,,,,,,1.0,,,2.0,2.0,2.0,1.0,2.0,1.0,1.0,1.0,1.0,1.0,1.0,1.0,1.0,1.0,1.0,9,6,1,1.0,1.0
37074,2,1,2,0,,1,,,,,1,Hombre,36,1296,6,Tecnica/tecnologica,Superior,2,,1.0,,,3,,,,,,,,,,,,,,,,,,,,,,,,,,,,,,,,,9,5,2,1.0,1.0
37090,1,1,1,1,1.0,0,200000.0,12.206072645530174,35.0,4000.0,2,Mujer,20,400,5,Media,Media,1,,1.0,1.0,1.0,3,5.0,1.0,30.0,1.0,CUATRO MIL PESOS,,,,1.0,,1.0,,,,2.0,,,1.0,2.0,1.0,1.0,2.0,1.0,2.0,2.0,1.0,1.0,1.0,2.0,1.0,2.0,2.0,9,6,1,1.0,2.0
37108,5,1,5,0,,1,,,,,2,Mujer,52,2704,3,Basica primaria,Baja,2,,1.0,,,3,,,,,,,,,,,,,,,,,,,,,,,,,,,,,,,,,5,3,4,1.0,2.0
37146,4,1,4,1,1.0,0,,,,,2,Mujer,19,361,6,Tecnica/tecnologica,Superior,2,,,,,3,,,,,,,,,,,,,,,,,,,,,,,,,,,,,,,,,9,6,0,1.0,2.0
37161,1,1,1,0,,1,,,,,1,Hombre,59,3481,2,Preescolar,Baja,2,,1.0,,,3,,,,,,,,,,,,,,,,,,,,,,,,,,,,,,,,,9,2,3,1.0,1.0
37171,3,1,3,1,1.0,0,,,,,1,Hombre,30,900,6,Tecnica/tecnologica,Superior,2,,,,,3,,,,,,,,,,,,,,,,,,,,,,,,,,,,,,,,,9,2,1,1.0,1.0
37177,2,1,2,1,1.0,0,,,,,2,Mujer,28,784,6,Tecnica/tecnologica,Superior,2,,,,,3,,,,,,,,,,,,,,,,,,,,,,,,,,,,,,,,,9,2,1,1.0,2.0
37182,1,1,1,0,,1,,,,,1,Hombre,38,1444,6,Tecnica/tecnologica,Superior,2,,1.0,,,3,,,,,,,,,,,,,,,,,,,,,,,,,,,,,,,,,9,2,3,1.0,1.0
37200,1,1,1,0,,1,,,,,2,Mujer,43,1849,8,Postgrado,Superior,2,,1.0,,,3,,,,,,,,,,,,,,,,,,,,,,,,,,,,,,,,,9,6,0,1.0,2.0
37201,1,1,1,1,1.0,0,60000.0,11.002099841204238,60.0,2000.0,1,Hombre,28,784,6,Tecnica/tecnologica,Superior,1,,,,,3,5.0,1.0,30.0,1.0,DOS MIL PESOS,,,,1.0,,,,,,1.0,1.0,,1.0,1.0,1.0,1.0,1.0,1.0,1.0,1.0,1.0,1.0,1.0,1.0,1.0,1.0,1.0,9,6,0,1.0,1.0
37212,1,1,1,0,,1,,,,,1,Hombre,44,1936,6,Tecnica/tecnologica,Superior,2,,1.0,,,3,,,,,,,,,,,,,,,,,,,,,,,,,,,,,,,,,9,3,2,1.0,1.0
37217,2,1,2,0,,1,,,,,2,Mujer,38,1444,5,Media,Media,2,,1.0,,,3,,,,,,,,,,,,,,,,,,,,,,,,,,,,,,,,,9,2,2,1.0,2.0
37239,3,1,3,0,,1,,,,,2,Mujer,36,1296,4,Basica secundaria,Media,2,,1.0,,,3,,,,,,,,,,,,,,,,,,,,,,,,,,,,,,,,,9,6,3,1.0,2.0
37243,2,1,2,0,,1,,,,,2,Mujer,17,289,4,Basica secundaria,Media,2,,1.0,,,3,,,,,,,,,,,,,,,,,,,,,,,,,,,,,,,,,9,6,0,,
37251,4,1,4,1,1.0,0,,,1.0,,2,Mujer,19,361,6,Tecnica/tecnologica,Superior,1,,,,,3,1.0,2.0,,2.0,,,,,1.0,,,,,,2.0,,,2.0,2.0,2.0,2.0,2.0,2.0,2.0,2.0,2.0,2.0,2.0,2.0,2.0,2.0,2.0,9,6,0,1.0,2.0
37264,3,1,3,0,,1,,,,,1,Hombre,33,1089,4,Basica secundaria,Media,2,,1.0,,,3,,,,,,,,,,,,,,,,,,,,,,,,,,,,,,,,,9,2,1,1.0,1.0
37290,2,1,2,0,,1,,,,,1,Hombre,32,1024,5,Media,Media,2,,1.0,,,3,,,,,,,,,,,,,,,,,,,,,,,,,,,,,,,,,9,1,3,1.0,1.0
37328,1,1,1,1,1.0,0,,,,,1,Hombre,40,1600,4,Basica secundaria,Media,2,,,,,3,,,,,,,,,,,,,,,,,,,,,,,,,,,,,,,,,1,5,3,1.0,1.0
37331,2,1,2,0,,1,,,,,1,Hombre,53,2809,1,Ninguno,Baja,2,,1.0,,,3,,,,,,,,,,,,,,,,,,,,,,,,,,,,,,,,,9,2,0,1.0,1.0
37332,3,1,3,1,1.0,0,,,,,1,Hombre,19,361,5,Media,Media,2,,,,,3,,,,,,,,,,,,,,,,,,,,,,,,,,,,,,,,,9,6,0,1.0,1.0
37350,2,1,2,0,,1,,,,,1,Hombre,35,1225,6,Tecnica/tecnologica,Superior,2,,1.0,,,3,,,,,,,,,,,,,,,,,,,,,,,,,,,,,,,,,9,6,0,1.0,1.0
37354,3,1,3,0,,1,,,,,1,Hombre,27,729,5,Media,Media,2,,1.0,,,3,,,,,,,,,,,,,,,,,,,,,,,,,,,,,,,,,9,6,0,1.0,1.0
37359,3,1,3,1,1.0,0,,,1.0,3000.0,1,Hombre,24,576,7,Universitaria,Superior,1,,1.0,1.0,,3,1.0,2.0,,1.0,TRES MIL PESOS,1.0,,1.0,1.0,,1.0,1.0,,,2.0,,,2.0,1.0,2.0,1.0,1.0,1.0,1.0,1.0,1.0,1.0,1.0,1.0,1.0,2.0,2.0,9,3,0,1.0,1.0
37361,3,1,3,1,1.0,0,,,60.0,1000.0,1,Hombre,22,484,4,Basica secundaria,Media,1,,1.0,,,3,5.0,1.0,30.0,1.0,MIL PESOS,,,,1.0,,,,,,2.0,,,2.0,2.0,2.0,2.0,2.0,1.0,1.0,1.0,1.0,1.0,2.0,2.0,1.0,1.0,2.0,9,6,0,1.0,1.0
37366,1,1,1,0,,1,80000.0,11.289781913656018,40.0,2000.0,1,Hombre,49,2401,6,Tecnica/tecnologica,Superior,1,,1.0,,,3,5.0,1.0,30.0,1.0,DOS MIL PESOS,,,1.0,1.0,,1.0,,,,2.0,,,2.0,2.0,2.0,2.0,2.0,2.0,2.0,2.0,1.0,2.0,1.0,1.0,2.0,2.0,1.0,9,6,2,1.0,1.0
37378,1,1,1,1,1.0,0,,,,,1,Hombre,49,2401,6,Tecnica/tecnologica,Superior,2,,,,,3,,,,,,,,,,,,,,,,,,,,,,,,,,,,,,,,,5,5,0,2.0,1.0
37382,3,1,3,0,,1,120000.0,11.695247021764184,60.0,2000.0,1,Hombre,45,2025,4,Basica secundaria,Media,1,,1.0,,,3,5.0,1.0,30.0,1.0,DOS MIL PESOS,,,1.0,,,,,,,2.0,,,2.0,1.0,2.0,1.0,2.0,2.0,2.0,1.0,2.0,2.0,2.0,2.0,2.0,2.0,1.0,9,6,1,1.0,1.0
37391,2,1,2,0,,1,,,1.0,4000.0,2,Mujer,27,729,6,Tecnica/tecnologica,Superior,1,,1.0,,,3,1.0,2.0,,1.0,CUATRO MIL,,,1.0,,,,,,,2.0,,,2.0,2.0,2.0,2.0,2.0,2.0,2.0,2.0,2.0,2.0,2.0,2.0,2.0,2.0,2.0,9,2,0,2.0,2.0
37396,1,1,1,1,1.0,0,20000.0,9.903487552536127,5.0,4000.0,1,Hombre,21,441,4,Basica secundaria,Media,1,,,,,3,4.0,1.0,7.0,1.0,CUATRO MIL PESOS,,,,,,1.0,,,,2.0,,,2.0,1.0,2.0,2.0,2.0,2.0,2.0,2.0,2.0,2.0,2.0,2.0,2.0,2.0,2.0,9,6,0,1.0,1.0
37409,4,1,4,1,1.0,0,,,,,1,Hombre,19,361,5,Media,Media,2,,,,,3,,,,,,,,,,,,,,,,,,,,,,,,,,,,,,,,,9,6,0,1.0,1.0
37428,1,1,1,1,1.0,0,60000.0,11.002099841204238,60.0,4000.0,1,Hombre,25,625,7,Universitaria,Superior,1,,,1.0,1.0,3,5.0,1.0,30.0,1.0,CUATRO MIL PESOS,,,1.0,1.0,,1.0,,,,2.0,,,2.0,1.0,2.0,1.0,1.0,1.0,1.0,2.0,1.0,1.0,1.0,1.0,1.0,2.0,1.0,9,1,0,1.0,1.0
37440,1,1,1,0,,1,,,,,1,Hombre,31,961,8,Postgrado,Superior,2,,,1.0,,3,,,,,,,,,,,,,,,,,,,,,,,,,,,,,,,,,9,1,1,1.0,1.0
37457,2,1,2,1,1.0,0,,,,,1,Hombre,19,361,7,Universitaria,Superior,2,,,,,3,,,,,,,,,,,,,,,,,,,,,,,,,,,,,,,,,9,6,0,1.0,1.0
37462,1,1,1,0,,1,,,,,1,Hombre,63,3969,1,Ninguno,Baja,2,,1.0,,,3,,,,,,,,,,,,,,,,,,,,,,,,,,,,,,,,,1,5,7,1.0,1.0
37492,1,1,1,0,,1,,,,,1,Hombre,38,1444,8,Postgrado,Superior,2,,1.0,,,3,,,,,,,,,,,,,,,,,,,,,,,,,,,,,,,,,9,6,0,1.0,1.0
37542,3,1,3,1,1.0,0,,,,,1,Hombre,25,625,5,Media,Media,2,,,,,3,,,,,,,,,,,,,,,,,,,,,,,,,,,,,,,,,9,2,1,1.0,1.0
37556,3,1,3,1,1.0,0,,,1.0,7000.0,1,Hombre,18,324,7,Universitaria,Superior,1,1.0,,,,2,9.0,2.0,,1.0,SIETEMIL PESOS,,,1.0,,,,,,,1.0,,,2.0,2.0,2.0,2.0,2.0,2.0,2.0,2.0,2.0,2.0,2.0,2.0,2.0,2.0,2.0,9,6,0,1.0,1.0
37570,5,1,5,1,1.0,0,,,,,1,Hombre,30,900,5,Media,Media,2,,1.0,,,3,,,,,,,,,,,,,,,,,,,,,,,,,,,,,,,,,9,2,1,1.0,1.0
37573,3,1,3,1,1.0,0,,,,,1,Hombre,22,484,5,Media,Media,2,,,,,3,,,,,,,,,,,,,,,,,,,,,,,,,,,,,,,,,9,5,1,1.0,1.0
37610,3,1,3,1,1.0,0,,,,,2,Mujer,20,400,5,Media,Media,2,,,,,3,,,,,,,,,,,,,,,,,,,,,,,,,,,,,,,,,9,6,0,1.0,2.0
37659,5,1,5,1,1.0,0,,,,,1,Hombre,43,1849,3,Basica primaria,Baja,2,,,,,3,,,,,,,,,,,,,,,,,,,,,,,,,,,,,,,,,9,3,2,1.0,2.0
37671,1,1,1,1,1.0,0,,,,,1,Hombre,28,784,6,Tecnica/tecnologica,Superior,2,,,,,3,,,,,,,,,,,,,,,,,,,,,,,,,,,,,,,,,9,2,0,1.0,1.0
37678,1,1,1,0,,1,,,,,1,Hombre,55,3025,7,Universitaria,Superior,2,,1.0,,,3,,,,,,,,,,,,,,,,,,,,,,,,,,,,,,,,,9,1,0,1.0,1.0
37709,2,1,2,1,1.0,0,,,,,2,Mujer,52,2704,8,Postgrado,Superior,2,,,,,3,,,,,,,,,,,,,,,,,,,,,,,,,,,,,,,,,9,2,0,1.0,2.0
37738,1,1,1,1,1.0,0,,,,,1,Hombre,53,2809,8,Postgrado,Superior,2,,,,,3,,,,,,,,,,,,,,,,,,,,,,,,,,,,,,,,,9,3,2,1.0,1.0
37741,2,1,2,1,1.0,0,,,,,1,Hombre,25,625,7,Universitaria,Superior,2,,,,,3,,,,,,,,,,,,,,,,,,,,,,,,,,,,,,,,,9,6,0,1.0,1.0
37765,3,1,3,1,1.0,0,,,,,1,Hombre,25,625,7,Universitaria,Superior,2,,,,,3,,,,,,,,,,,,,,,,,,,,,,,,,,,,,,,,,9,6,0,1.0,1.0
37780,1,1,1,1,1.0,0,,,,,2,Mujer,25,625,4,Basica secundaria,Media,2,,,,,3,,,,,,,,,,,,,,,,,,,,,,,,,,,,,,,,,9,1,2,1.0,2.0
37787,3,1,3,0,,1,,,,,1,Hombre,20,400,6,Tecnica/tecnologica,Superior,2,,,,1.0,3,,,,,,,,,,,,,,,,,,,,,,,,,,,,,,,,,5,5,0,1.0,1.0
37808,1,1,1,1,1.0,0,80000.0,11.289781913656018,30.0,,1,Hombre,40,1600,6,Tecnica/tecnologica,Superior,1,,1.0,1.0,,3,5.0,1.0,30.0,2.0,,,,,,1.0,,,,,2.0,,,2.0,2.0,2.0,2.0,2.0,1.0,2.0,2.0,1.0,2.0,2.0,2.0,2.0,2.0,2.0,9,1,1,1.0,1.0
37834,3,1,3,1,1.0,0,,,,,1,Hombre,28,784,7,Universitaria,Superior,2,,,,,3,,,,,,,,,,,,,,,,,,,,,,,,,,,,,,,,,9,1,0,1.0,1.0
37857,1,1,1,1,1.0,0,120000.0,11.695247021764184,40.0,3000.0,1,Hombre,30,900,5,Media,Media,1,1.0,,,,3,5.0,1.0,30.0,1.0,TRES MIL PESOS,,,,1.0,,,,,,1.0,,,1.0,1.0,1.0,2.0,2.0,1.0,1.0,2.0,1.0,1.0,1.0,1.0,2.0,2.0,1.0,9,5,0,1.0,1.0
37858,2,1,2,0,,1,5000.0,8.517193191416238,6.0,2000.0,1,Hombre,35,1225,3,Basica primaria,Baja,1,,,1.0,,3,4.0,1.0,15.0,1.0,DOS MIL,,,,,1.0,,,,,2.0,,,2.0,2.0,2.0,2.0,2.0,2.0,2.0,2.0,2.0,2.0,2.0,2.0,2.0,2.0,2.0,9,6,0,1.0,1.0
37867,2,1,2,0,,1,,,1.0,,1,Hombre,27,729,6,Tecnica/tecnologica,Superior,1,,1.0,,,1,2.0,1.0,1.0,2.0,,,,,1.0,,,,,,2.0,,,2.0,2.0,2.0,2.0,2.0,1.0,2.0,2.0,2.0,2.0,2.0,2.0,2.0,2.0,2.0,1,1,0,1.0,1.0
37872,1,1,1,0,,1,,,,,1,Hombre,27,729,5,Media,Media,2,,1.0,,,3,,,,,,,,,,,,,,,,,,,,,,,,,,,,,,,,,9,6,1,1.0,1.0
37924,4,1,4,1,1.0,0,100000.0,11.512925464970229,10.0,2000.0,1,Hombre,18,324,5,Media,Media,1,1.0,1.0,1.0,,2,3.0,1.0,10.0,1.0,DOS MIL PESOS,,1.0,,,,,,,,1.0,,,2.0,2.0,2.0,2.0,2.0,1.0,1.0,2.0,2.0,2.0,2.0,2.0,2.0,2.0,2.0,9,6,0,1.0,1.0
37928,2,1,2,0,,1,,,,,2,Mujer,54,2916,5,Media,Media,2,,1.0,,,3,,,,,,,,,,,,,,,,,,,,,,,,,,,,,,,,,9,3,1,1.0,2.0
37933,4,1,4,0,,1,,,,,1,Hombre,24,576,7,Universitaria,Superior,2,,1.0,,,3,,,,,,,,,,,,,,,,,,,,,,,,,,,,,,,,,9,6,0,1.0,1.0
37935,3,1,3,1,1.0,0,,,,,1,Hombre,20,400,4,Basica secundaria,Media,2,,,,,3,,,,,,,,,,,,,,,,,,,,,,,,,,,,,,,,,1,3,0,1.0,1.0
37939,2,1,2,1,1.0,0,,,,,1,Hombre,23,529,7,Universitaria,Superior,2,,,,,3,,,,,,,,,,,,,,,,,,,,,,,,,,,,,,,,,9,6,0,1.0,1.0
37950,3,1,3,0,,1,,,,,2,Mujer,41,1681,7,Universitaria,Superior,2,,1.0,,,3,,,,,,,,,,,,,,,,,,,,,,,,,,,,,,,,,9,5,1,1.0,2.0
37992,5,1,5,1,1.0,0,50000.0,10.819778284410283,30.0,3000.0,1,Hombre,22,484,4,Basica secundaria,Media,1,,1.0,,,1,5.0,1.0,30.0,1.0,TRES MIL PESOS,,,,1.0,1.0,,,,,2.0,,,2.0,2.0,2.0,2.0,2.0,2.0,2.0,2.0,2.0,2.0,2.0,2.0,2.0,2.0,2.0,9,6,0,1.0,1.0
38050,1,1,1,0,,1,,,,,2,Mujer,60,3600,4,Basica secundaria,Media,2,,1.0,,,3,,,,,,,,,,,,,,,,,,,,,,,,,,,,,,,,,9,4,2,1.0,2.0
38072,9,1,9,0,,1,,,,,2,Mujer,19,361,5,Media,Media,2,,1.0,,,3,,,,,,,,,,,,,,,,,,,,,,,,,,,,,,,,,5,6,0,1.0,2.0
38084,1,1,1,1,1.0,0,,,,,2,Mujer,27,729,8,Postgrado,Superior,2,,,,,3,,,,,,,,,,,,,,,,,,,,,,,,,,,,,,,,,9,6,0,1.0,2.0
38085,2,1,2,0,,1,,,,,2,Mujer,62,3844,3,Basica primaria,Baja,2,,1.0,,,3,,,,,,,,,,,,,,,,,,,,,,,,,,,,,,,,,9,2,2,1.0,2.0
38116,1,1,1,0,,1,,,,,1,Hombre,23,529,7,Universitaria,Superior,2,,1.0,,,3,,,,,,,,,,,,,,,,,,,,,,,,,,,,,,,,,9,6,0,1.0,1.0
38155,1,1,1,1,1.0,0,,,,,1,Hombre,65,4225,4,Basica secundaria,Media,2,,1.0,1.0,,3,,,,,,,,,,,,,,,,,,,,,,,,,,,,,,,,,9,5,0,1.0,1.0
38161,4,1,4,0,,1,4000.0,8.294049640102028,2.0,2000.0,2,Mujer,25,625,6,Tecnica/tecnologica,Superior,1,,1.0,,,3,3.0,1.0,2.0,1.0,DOS MIL,,,,1.0,,,,,,2.0,,,2.0,2.0,2.0,2.0,2.0,2.0,2.0,2.0,2.0,2.0,2.0,2.0,2.0,2.0,2.0,9,6,1,1.0,2.0
38231,1,1,1,1,1.0,0,180000.0,12.100712129872347,30.0,2500.0,1,Hombre,32,1024,5,Media,Media,1,,,,,3,5.0,1.0,30.0,1.0,DOS MIL QUINIENTOS,,,1.0,,,,,,,2.0,,,2.0,1.0,2.0,1.0,2.0,1.0,2.0,2.0,2.0,2.0,1.0,1.0,2.0,2.0,1.0,9,1,1,1.0,1.0
38237,4,1,4,1,1.0,0,,,,,1,Hombre,21,441,6,Tecnica/tecnologica,Superior,2,,,,,3,,,,,,,,,,,,,,,,,,,,,,,,,,,,,,,,,9,6,0,1.0,1.0
38265,1,1,1,0,,1,,,,,1,Hombre,40,1600,4,Basica secundaria,Media,2,,1.0,,,3,,,,,,,,,,,,,,,,,,,,,,,,,,,,,,,,,9,6,1,1.0,1.0
38333,1,1,1,1,1.0,0,,,,,2,Mujer,19,361,6,Tecnica/tecnologica,Superior,2,,,,,3,,,,,,,,,,,,,,,,,,,,,,,,,,,,,,,,,9,2,1,1.0,2.0
38374,1,1,1,0,,1,,,,,1,Hombre,29,841,5,Media,Media,2,,1.0,,,3,,,,,,,,,,,,,,,,,,,,,,,,,,,,,,,,,9,2,1,1.0,1.0
38376,6,1,6,0,,1,,,,,1,Hombre,15,225,4,Basica secundaria,Media,2,,1.0,,,3,,,,,,,,,,,,,,,,,,,,,,,,,,,,,,,,,1,6,0,,
38397,3,1,3,0,,1,,,,,1,Hombre,19,361,6,Tecnica/tecnologica,Superior,2,,1.0,,,3,,,,,,,,,,,,,,,,,,,,,,,,,,,,,,,,,9,6,0,1.0,1.0
38424,1,1,1,0,,1,,,,,1,Hombre,51,2601,6,Tecnica/tecnologica,Superior,2,,1.0,,,3,,,,,,,,,,,,,,,,,,,,,,,,,,,,,,,,,9,3,1,1.0,1.0
38505,1,1,1,0,,1,,,1.0,,1,Hombre,41,1681,4,Basica secundaria,Media,1,,1.0,,,3,2.0,2.0,,2.0,,,,,1.0,,,,,,2.0,,,2.0,2.0,2.0,2.0,2.0,1.0,2.0,2.0,2.0,2.0,2.0,2.0,2.0,2.0,2.0,1,2,5,1.0,1.0
38514,3,1,3,0,,1,,,,,2,Mujer,21,441,6,Tecnica/tecnologica,Superior,2,,,,1.0,3,,,,,,,,,,,,,,,,,,,,,,,,,,,,,,,,,9,6,0,1.0,2.0
38515,1,1,1,1,1.0,0,50000.0,10.819778284410283,13.0,2000.0,1,Hombre,28,784,3,Basica primaria,Baja,1,,,,,3,4.0,1.0,20.0,1.0,DOS MIL PESOS,,,1.0,,,,,,,2.0,,,2.0,1.0,1.0,1.0,2.0,1.0,1.0,1.0,2.0,2.0,1.0,1.0,1.0,2.0,1.0,5,5,0,1.0,1.0
38535,4,1,4,1,1.0,0,100000.0,11.512925464970229,90.0,1000.0,1,Hombre,26,676,6,Tecnica/tecnologica,Superior,1,1.0,,,,3,5.0,1.0,30.0,1.0,MIL PESOS,,,1.0,,,,,,,1.0,,,2.0,2.0,2.0,1.0,2.0,2.0,2.0,2.0,1.0,1.0,2.0,2.0,2.0,2.0,1.0,9,6,0,1.0,1.0
38549,1,1,1,0,,1,,,,,1,Hombre,37,1369,8,Postgrado,Superior,2,,,,1.0,3,,,,,,,,,,,,,,,,,,,,,,,,,,,,,,,,,9,2,1,1.0,1.0
38563,3,1,3,1,1.0,0,300000.0,12.611537753638338,150.0,1000.0,1,Hombre,24,576,5,Media,Media,1,,1.0,1.0,,3,5.0,1.0,30.0,1.0,MIL PESOS,,,1.0,,,,,,,2.0,,,1.0,1.0,1.0,1.0,1.0,1.0,1.0,1.0,1.0,1.0,2.0,1.0,1.0,1.0,1.0,9,6,1,1.0,1.0
38581,1,1,1,0,,1,,,,,1,Hombre,65,4225,4,Basica secundaria,Media,2,,1.0,,,3,,,,,,,,,,,,,,,,,,,,,,,,,,,,,,,,,9,2,1,1.0,1.0
38586,2,1,2,0,,1,,,,,1,Hombre,41,1681,6,Tecnica/tecnologica,Superior,2,,1.0,,,3,,,,,,,,,,,,,,,,,,,,,,,,,,,,,,,,,9,6,0,1.0,1.0
38604,1,1,1,1,1.0,0,20000.0,9.903487552536127,4.0,,1,Hombre,34,1156,5,Media,Media,1,,1.0,,,3,3.0,1.0,5.0,2.0,,,,,,,,,,1.0,2.0,,,2.0,2.0,2.0,2.0,2.0,2.0,2.0,2.0,2.0,2.0,1.0,2.0,2.0,2.0,2.0,9,6,1,1.0,1.0
38634,7,1,7,0,,1,,,,,2,Mujer,19,361,5,Media,Media,2,,1.0,,,3,,,,,,,,,,,,,,,,,,,,,,,,,,,,,,,,,9,2,0,1.0,2.0
38637,3,1,3,0,,1,,,,,1,Hombre,55,3025,8,Postgrado,Superior,2,,1.0,,,3,,,,,,,,,,,,,,,,,,,,,,,,,,,,,,,,,9,6,1,1.0,1.0
38642,1,1,1,0,,1,,,,,1,Hombre,52,2704,4,Basica secundaria,Media,2,,1.0,,,3,,,,,,,,,,,,,,,,,,,,,,,,,,,,,,,,,9,2,1,1.0,1.0
38647,2,1,2,0,,1,,,,,2,Mujer,20,400,5,Media,Media,2,,1.0,,,3,,,,,,,,,,,,,,,,,,,,,,,,,,,,,,,,,1,2,1,1.0,2.0
38676,2,1,2,0,,1,,,,,2,Mujer,22,484,4,Basica secundaria,Media,2,,1.0,,,3,,,,,,,,,,,,,,,,,,,,,,,,,,,,,,,,,9,2,0,1.0,2.0
38691,3,1,3,1,1.0,0,,,1.0,5000.0,2,Mujer,19,361,4,Basica secundaria,Media,1,,,,,3,3.0,2.0,,1.0,CINCO MIL PESOS,,,,1.0,,,,,,2.0,,,2.0,2.0,2.0,1.0,2.0,2.0,2.0,2.0,2.0,2.0,1.0,1.0,2.0,2.0,2.0,9,1,0,1.0,2.0
38703,1,1,1,0,,1,,,,,2,Mujer,45,2025,7,Universitaria,Superior,2,,1.0,,,3,,,,,,,,,,,,,,,,,,,,,,,,,,,,,,,,,9,5,2,1.0,2.0
38746,2,1,2,1,1.0,0,,,,,2,Mujer,40,1600,6,Tecnica/tecnologica,Superior,2,,,,,3,,,,,,,,,,,,,,,,,,,,,,,,,,,,,,,,,9,2,1,1.0,2.0
38771,1,1,1,0,,1,,,,,1,Hombre,44,1936,7,Universitaria,Superior,2,,1.0,,,3,,,,,,,,,,,,,,,,,,,,,,,,,,,,,,,,,5,3,1,1.0,1.0
38775,6,1,6,0,,1,,,2.0,3500.0,2,Mujer,28,784,5,Media,Media,1,,1.0,,,3,1.0,2.0,,1.0,TRES MIL QUINIENTOS PESOS,,,1.0,1.0,,1.0,,,,2.0,,,2.0,2.0,2.0,2.0,2.0,2.0,2.0,2.0,2.0,2.0,2.0,2.0,2.0,2.0,2.0,9,6,0,1.0,2.0
38782,2,1,2,1,1.0,0,,,1.0,2000.0,1,Hombre,13,169,3,Basica primaria,Baja,1,,,,,2,1.0,2.0,,1.0,DOS MIL,,,,1.0,,,,,,2.0,,,2.0,2.0,2.0,2.0,2.0,2.0,2.0,2.0,2.0,2.0,2.0,2.0,2.0,2.0,2.0,5,6,0,,
38790,3,1,3,1,1.0,0,30000.0,10.308952660644293,12.0,1000.0,1,Hombre,20,400,4,Basica secundaria,Media,1,1.0,,,,3,2.0,1.0,30.0,1.0,MIL PESOS,,,1.0,1.0,,1.0,,,,1.0,,,1.0,1.0,1.0,1.0,1.0,1.0,1.0,1.0,2.0,2.0,1.0,1.0,1.0,1.0,1.0,9,6,0,1.0,1.0
38791,1,1,1,1,1.0,0,,,,,1,Hombre,28,784,4,Basica secundaria,Media,2,,,,,3,,,,,,,,,,,,,,,,,,,,,,,,,,,,,,,,,5,5,0,1.0,1.0
38792,1,1,1,1,1.0,0,,,,,1,Hombre,31,961,8,Postgrado,Superior,2,,1.0,,,3,,,,,,,,,,,,,,,,,,,,,,,,,,,,,,,,,9,2,1,1.0,1.0
38793,1,1,1,1,1.0,0,,,,,2,Mujer,23,529,7,Universitaria,Superior,2,,,,,3,,,,,,,,,,,,,,,,,,,,,,,,,,,,,,,,,9,6,0,1.0,2.0
38801,2,1,2,1,1.0,0,20000.0,9.903487552536127,50.0,3000.0,1,Hombre,19,361,5,Media,Media,1,1.0,1.0,1.0,,3,4.0,1.0,20.0,1.0,TRESMIL PESOS,1.0,1.0,1.0,1.0,1.0,1.0,1.0,1.0,,1.0,,,2.0,2.0,2.0,2.0,2.0,2.0,2.0,2.0,1.0,1.0,2.0,1.0,2.0,2.0,1.0,9,6,0,1.0,1.0
38803,1,1,1,0,,1,,,,,2,Mujer,22,484,5,Media,Media,2,,1.0,,,3,,,,,,,,,,,,,,,,,,,,,,,,,,,,,,,,,9,2,1,1.0,2.0
38804,1,1,1,0,,1,,,,,2,Mujer,34,1156,5,Media,Media,2,,1.0,,,3,,,,,,,,,,,,,,,,,,,,,,,,,,,,,,,,,1,5,2,3.0,3.0
38814,1,1,1,1,1.0,0,400000.0,12.89921982609012,50.0,6000.0,1,Hombre,29,841,7,Universitaria,Superior,1,1.0,,,,3,5.0,1.0,30.0,1.0,SEIS MIL,,,,1.0,,,,,,1.0,,,1.0,1.0,1.0,1.0,2.0,1.0,2.0,1.0,1.0,1.0,1.0,1.0,1.0,1.0,1.0,9,6,0,1.0,1.0
38820,1,1,1,1,1.0,0,2000.0,7.600902459542082,1.0,2000.0,1,Hombre,36,1296,5,Media,Media,1,,,,,1,3.0,1.0,3.0,1.0,DOS MIL PESOS,,,,1.0,,,,,,2.0,,,2.0,2.0,2.0,2.0,2.0,2.0,2.0,2.0,2.0,2.0,2.0,2.0,2.0,2.0,2.0,5,2,3,1.0,1.0
38826,1,1,1,0,,1,150000.0,11.918390573078392,60.0,5000.0,1,Hombre,44,1936,6,Tecnica/tecnologica,Superior,1,,1.0,,,3,5.0,1.0,30.0,1.0,CINCO MIL PESOS,,,1.0,,,,,,,2.0,,,2.0,2.0,2.0,2.0,2.0,1.0,1.0,1.0,2.0,1.0,1.0,1.0,1.0,2.0,1.0,9,2,2,1.0,1.0
38827,4,1,4,0,,1,5000.0,8.517193191416238,,5000.0,2,Mujer,19,361,5,Media,Media,1,1.0,,1.0,,1,3.0,1.0,5.0,1.0,CINCO MIL PESOS,,,,1.0,,,,,,1.0,,,2.0,2.0,2.0,2.0,2.0,2.0,2.0,2.0,2.0,2.0,2.0,2.0,2.0,2.0,2.0,9,6,0,1.0,2.0
38835,1,1,1,0,,1,,,1.0,,1,Hombre,25,625,7,Universitaria,Superior,1,,,1.0,,3,1.0,2.0,,2.0,,,,,,,1.0,,,,2.0,,,2.0,2.0,2.0,2.0,2.0,2.0,2.0,2.0,2.0,2.0,2.0,2.0,2.0,2.0,2.0,9,6,0,1.0,1.0
38843,3,1,3,1,1.0,0,24000.0,10.085809109330082,3.0,8000.0,2,Mujer,14,196,3,Basica primaria,Baja,1,,,,,2,4.0,1.0,15.0,1.0,OCHO MIL PESOS,,,,1.0,,,,,,2.0,,,1.0,2.0,1.0,1.0,2.0,1.0,1.0,1.0,1.0,1.0,1.0,1.0,1.0,1.0,1.0,9,6,0,,
38867,2,1,2,0,,1,,,,,1,Hombre,24,576,5,Media,Media,2,,1.0,,,3,,,,,,,,,,,,,,,,,,,,,,,,,,,,,,,,,9,2,1,1.0,1.0
38906,1,1,1,1,1.0,0,,,,,1,Hombre,36,1296,7,Universitaria,Superior,2,,,,,3,,,,,,,,,,,,,,,,,,,,,,,,,,,,,,,,,9,6,1,1.0,1.0
38928,1,1,1,1,1.0,0,,,,,1,Hombre,34,1156,7,Universitaria,Superior,2,,,,,3,,,,,,,,,,,,,,,,,,,,,,,,,,,,,,,,,9,2,0,1.0,1.0
38947,1,1,1,0,,1,,,,,2,Mujer,39,1521,3,Basica primaria,Baja,2,,1.0,,,3,,,,,,,,,,,,,,,,,,,,,,,,,,,,,,,,,9,6,4,1.0,2.0
38970,2,1,2,0,,1,,,,,2,Mujer,44,1936,3,Basica primaria,Baja,2,,1.0,,,3,,,,,,,,,,,,,,,,,,,,,,,,,,,,,,,,,9,2,3,1.0,2.0
38982,1,1,1,1,1.0,0,,,,,1,Hombre,63,3969,7,Universitaria,Superior,2,,,,,2,,,,,,,,,,,,,,,,,,,,,,,,,,,,,,,,,9,6,0,1.0,1.0
39001,3,1,3,1,1.0,0,20000.0,9.903487552536127,10.0,2000.0,2,Mujer,43,1849,5,Media,Media,1,,,,,3,5.0,1.0,30.0,1.0,DOS MIL PESOS,,,,1.0,,,,,,2.0,,,2.0,2.0,2.0,2.0,2.0,2.0,2.0,2.0,2.0,2.0,1.0,2.0,2.0,2.0,2.0,9,6,1,1.0,2.0
39010,3,1,3,0,,1,,,,,1,Hombre,24,576,7,Universitaria,Superior,2,,,,1.0,3,,,,,,,,,,,,,,,,,,,,,,,,,,,,,,,,,9,6,0,1.0,1.0
39049,1,1,1,0,,1,,,,,2,Mujer,24,576,6,Tecnica/tecnologica,Superior,2,,1.0,,,3,,,,,,,,,,,,,,,,,,,,,,,,,,,,,,,,,9,1,1,1.0,2.0
39060,4,1,4,0,,1,,,,,1,Hombre,22,484,6,Tecnica/tecnologica,Superior,2,,1.0,,,3,,,,,,,,,,,,,,,,,,,,,,,,,,,,,,,,,1,6,0,1.0,1.0
39066,2,1,2,1,1.0,0,15000.0,9.615805480084347,3.0,3000.0,1,Hombre,27,729,6,Tecnica/tecnologica,Superior,1,1.0,,,,9,3.0,1.0,3.0,1.0,TRES MIL PESOS,,,,1.0,,,,,,1.0,,,1.0,2.0,2.0,1.0,2.0,2.0,2.0,2.0,1.0,2.0,2.0,2.0,1.0,2.0,2.0,9,6,0,1.0,1.0
39069,3,1,3,0,,1,,,1.0,2000.0,1,Hombre,20,400,7,Universitaria,Superior,1,,1.0,,,3,3.0,2.0,,1.0,DOS MIL PESOS MCTE,,,,1.0,,,,,,2.0,,,2.0,2.0,2.0,2.0,2.0,2.0,2.0,2.0,2.0,2.0,2.0,2.0,2.0,2.0,2.0,9,6,0,1.0,1.0
39074,1,1,1,1,1.0,0,,,,,1,Hombre,21,441,5,Media,Media,2,,1.0,1.0,1.0,3,,,,,,,,,,,,,,,,,,,,,,,,,,,,,,,,,9,6,0,1.0,1.0
39076,1,1,1,1,1.0,0,15000.0,9.615805480084347,3.0,5000.0,1,Hombre,37,1369,5,Media,Media,1,,1.0,,,3,5.0,1.0,7.0,1.0,CINCO MIL PESOS,,,1.0,1.0,,,,,,2.0,,,1.0,1.0,2.0,2.0,2.0,1.0,2.0,1.0,1.0,1.0,1.0,1.0,1.0,1.0,1.0,9,6,0,1.0,1.0
39089,3,1,3,0,,1,,,,,2,Mujer,20,400,5,Media,Media,2,,1.0,,,3,,,,,,,,,,,,,,,,,,,,,,,,,,,,,,,,,9,6,0,3.0,2.0
39104,2,1,2,1,1.0,0,,,,,1,Hombre,42,1764,7,Universitaria,Superior,2,,,,,3,,,,,,,,,,,,,,,,,,,,,,,,,,,,,,,,,9,2,2,1.0,1.0
39122,1,1,1,0,,1,,,1.0,,1,Hombre,42,1764,3,Basica primaria,Baja,1,,1.0,,,3,2.0,2.0,,2.0,,,,,1.0,,,,,,2.0,,,2.0,2.0,2.0,2.0,2.0,2.0,2.0,2.0,2.0,2.0,2.0,2.0,2.0,2.0,2.0,9,6,0,2.0,3.0
39126,1,1,1,1,1.0,0,,,,,1,Hombre,35,1225,7,Universitaria,Superior,2,,,,,3,,,,,,,,,,,,,,,,,,,,,,,,,,,,,,,,,9,1,0,1.0,1.0
39204,1,1,1,0,,1,,,,,1,Hombre,30,900,8,Postgrado,Superior,2,,1.0,,,3,,,,,,,,,,,,,,,,,,,,,,,,,,,,,,,,,9,3,0,1.0,1.0
39208,6,1,6,0,,1,,,,,1,Hombre,39,1521,4,Basica secundaria,Media,2,,1.0,,,9,,,,,,,,,,,,,,,,,,,,,,,,,,,,,,,,,9,6,0,1.0,1.0
39241,1,1,1,0,,1,30000.0,10.308952660644293,30.0,1000.0,1,Hombre,28,784,4,Basica secundaria,Media,1,,1.0,,,3,5.0,1.0,30.0,1.0,MIL PESOS,,,1.0,,,,,,,2.0,,,2.0,2.0,2.0,1.0,2.0,2.0,1.0,2.0,2.0,2.0,2.0,1.0,2.0,2.0,2.0,9,6,4,1.0,1.0
39242,3,1,3,1,1.0,0,,,1.0,2000.0,1,Hombre,23,529,5,Media,Media,1,,,,,3,3.0,1.0,7.0,1.0,DOS MIL PESOS,,,,1.0,,,,,,2.0,,,2.0,2.0,2.0,2.0,2.0,2.0,2.0,2.0,2.0,2.0,1.0,2.0,2.0,2.0,1.0,9,6,0,1.0,1.0
39266,1,1,1,0,,1,,,,,1,Hombre,44,1936,5,Media,Media,2,,1.0,,,3,,,,,,,,,,,,,,,,,,,,,,,,,,,,,,,,,9,5,3,1.0,1.0
39279,2,1,2,1,1.0,0,,,,,2,Mujer,18,324,4,Basica secundaria,Media,2,,,,,3,,,,,,,,,,,,,,,,,,,,,,,,,,,,,,,,,9,6,1,1.0,2.0
39286,1,1,1,0,,1,,,,,1,Hombre,38,1444,4,Basica secundaria,Media,2,,,1.0,,3,,,,,,,,,,,,,,,,,,,,,,,,,,,,,,,,,1,2,1,1.0,1.0
39297,1,1,1,1,1.0,0,,,,,2,Mujer,45,2025,5,Media,Media,2,,,,,3,,,,,,,,,,,,,,,,,,,,,,,,,,,,,,,,,9,2,2,2.0,2.0
39319,1,1,1,0,,1,,,,,1,Hombre,40,1600,8,Postgrado,Superior,2,,,,1.0,3,,,,,,,,,,,,,,,,,,,,,,,,,,,,,,,,,5,3,0,1.0,1.0
39391,1,1,1,0,,1,,,3.0,,1,Hombre,59,3481,4,Basica secundaria,Media,1,,1.0,1.0,,3,3.0,1.0,3.0,2.0,,,,,1.0,,,,,,2.0,,,2.0,2.0,2.0,2.0,2.0,1.0,1.0,2.0,1.0,2.0,1.0,2.0,2.0,2.0,2.0,9,6,0,1.0,1.0
39418,4,1,4,0,,1,,,,,1,Hombre,21,441,6,Tecnica/tecnologica,Superior,2,,1.0,,,3,,,,,,,,,,,,,,,,,,,,,,,,,,,,,,,,,9,6,0,1.0,1.0
39428,1,1,1,1,1.0,0,,,,,1,Hombre,37,1369,6,Tecnica/tecnologica,Superior,2,,1.0,,,3,,,,,,,,,,,,,,,,,,,,,,,,,,,,,,,,,9,2,3,1.0,1.0
39430,4,1,4,1,1.0,0,,,,,2,Mujer,64,4096,4,Basica secundaria,Media,2,,,,,3,,,,,,,,,,,,,,,,,,,,,,,,,,,,,,,,,9,4,4,1.0,2.0
39445,4,1,4,0,,1,,,,,1,Hombre,32,1024,5,Media,Media,2,,1.0,,,3,,,,,,,,,,,,,,,,,,,,,,,,,,,,,,,,,9,6,0,1.0,1.0
39447,1,1,1,0,,1,,,,,1,Hombre,39,1521,5,Media,Media,2,,1.0,,,3,,,,,,,,,,,,,,,,,,,,,,,,,,,,,,,,,1,5,2,1.0,1.0
39509,2,1,2,1,1.0,0,30000.0,10.308952660644293,30.0,1000.0,1,Hombre,39,1521,3,Basica primaria,Baja,1,,1.0,1.0,1.0,3,5.0,1.0,30.0,1.0,MIL PESOS,,,1.0,,,,,,,2.0,,,2.0,2.0,2.0,2.0,1.0,2.0,1.0,2.0,1.0,2.0,2.0,2.0,2.0,1.0,1.0,9,6,1,1.0,1.0
39514,1,1,1,0,,1,,,,,1,Hombre,33,1089,7,Universitaria,Superior,2,,1.0,,,3,,,,,,,,,,,,,,,,,,,,,,,,,,,,,,,,,9,2,0,1.0,1.0
39565,1,1,1,0,,1,,,,,1,Hombre,39,1521,5,Media,Media,2,,1.0,,,3,,,,,,,,,,,,,,,,,,,,,,,,,,,,,,,,,9,6,3,1.0,1.0
39568,1,1,1,0,,1,,,,,2,Mujer,30,900,5,Media,Media,2,,1.0,,,3,,,,,,,,,,,,,,,,,,,,,,,,,,,,,,,,,9,6,0,1.0,2.0
39577,2,1,2,0,,1,,,15.0,2500.0,1,Hombre,35,1225,7,Universitaria,Superior,1,,1.0,,,3,2.0,2.0,,1.0,DOS MIL QUINIENTOS,,,,1.0,,,,,,2.0,,,2.0,2.0,2.0,2.0,2.0,2.0,2.0,2.0,2.0,2.0,2.0,2.0,2.0,2.0,2.0,9,1,0,2.0,1.0
39610,5,1,5,1,1.0,0,50000.0,10.819778284410283,15.0,4000.0,1,Hombre,23,529,6,Tecnica/tecnologica,Superior,1,1.0,1.0,1.0,,3,4.0,1.0,13.0,1.0,CUATRO MIL PESOS HASTA CINCO MIL PESOS,,,,,,,1.0,,,1.0,,,1.0,2.0,2.0,2.0,2.0,2.0,1.0,2.0,2.0,2.0,1.0,1.0,2.0,1.0,2.0,9,6,0,1.0,1.0
39629,1,1,1,0,,1,,,,,1,Hombre,28,784,7,Universitaria,Superior,2,,1.0,,,3,,,,,,,,,,,,,,,,,,,,,,,,,,,,,,,,,9,6,0,2.0,1.0
39693,2,1,2,0,,1,,,,,2,Mujer,29,841,5,Media,Media,2,,1.0,,,3,,,,,,,,,,,,,,,,,,,,,,,,,,,,,,,,,9,2,1,1.0,2.0
39703,2,1,2,0,,1,,,,,2,Mujer,26,676,5,Media,Media,2,,1.0,,,3,,,,,,,,,,,,,,,,,,,,,,,,,,,,,,,,,9,2,2,1.0,2.0
39706,3,1,3,0,,1,,,,,2,Mujer,41,1681,6,Tecnica/tecnologica,Superior,2,,1.0,,,3,,,,,,,,,,,,,,,,,,,,,,,,,,,,,,,,,9,6,0,1.0,2.0
39719,1,1,1,0,,1,,,15.0,6000.0,1,Hombre,18,324,5,Media,Media,1,1.0,1.0,,,3,3.0,2.0,,1.0,SEIS MIL PESOS,,,,1.0,,,,,,1.0,,,2.0,2.0,2.0,2.0,2.0,2.0,2.0,2.0,2.0,2.0,2.0,2.0,2.0,2.0,2.0,9,6,0,1.0,1.0
39734,1,1,1,0,,1,,,,,1,Hombre,29,841,5,Media,Media,2,,1.0,,,3,,,,,,,,,,,,,,,,,,,,,,,,,,,,,,,,,1,2,1,1.0,1.0
39741,9,1,9,0,,1,12000.0,9.392661928770137,6.0,2000.0,2,Mujer,24,576,5,Media,Media,1,,1.0,,,1,3.0,1.0,6.0,1.0,DOS MIL PESOS,,,,1.0,,,,,,2.0,,,2.0,2.0,2.0,2.0,2.0,2.0,2.0,1.0,2.0,2.0,1.0,1.0,2.0,2.0,1.0,9,2,3,1.0,2.0
39760,2,1,2,0,,1,,,,,2,Mujer,28,784,4,Basica secundaria,Media,2,,1.0,,,3,,,,,,,,,,,,,,,,,,,,,,,,,,,,,,,,,9,6,2,1.0,2.0
39771,1,1,1,1,1.0,0,20000.0,9.903487552536127,30.0,10000.0,1,Hombre,32,1024,8,Postgrado,Superior,1,,1.0,1.0,,3,4.0,1.0,20.0,1.0,DIEZ MIL PESOS,,,,1.0,,,,,,2.0,,,2.0,2.0,2.0,2.0,2.0,1.0,1.0,2.0,2.0,2.0,2.0,2.0,2.0,2.0,1.0,9,6,0,2.0,1.0
39826,2,1,2,1,1.0,0,,,,,1,Hombre,48,2304,5,Media,Media,2,,,,,3,,,,,,,,,,,,,,,,,,,,,,,,,,,,,,,,,9,6,1,1.0,1.0
39829,1,1,1,0,,1,,,,,1,Hombre,26,676,5,Media,Media,2,,1.0,,,3,,,,,,,,,,,,,,,,,,,,,,,,,,,,,,,,,9,2,1,1.0,1.0
39839,2,1,2,1,1.0,0,60000.0,11.002099841204238,30.0,2000.0,1,Hombre,25,625,5,Media,Media,1,1.0,1.0,,,3,4.0,1.0,15.0,1.0,DOS MIL PESOS,,,,1.0,,,,,,1.0,,,1.0,2.0,2.0,1.0,1.0,2.0,2.0,2.0,2.0,2.0,1.0,1.0,1.0,1.0,1.0,9,5,1,1.0,1.0
39846,1,1,1,0,,1,,,,,1,Hombre,51,2601,6,Tecnica/tecnologica,Superior,2,,1.0,,,3,,,,,,,,,,,,,,,,,,,,,,,,,,,,,,,,,9,2,5,1.0,1.0
39880,2,1,2,0,,1,5000.0,8.517193191416238,3.0,1000.0,1,Hombre,47,2209,3,Basica primaria,Baja,1,,1.0,,,3,2.0,1.0,8.0,1.0,MIL PESOS,,,,1.0,,,,,,2.0,,,1.0,2.0,2.0,2.0,2.0,1.0,2.0,1.0,2.0,2.0,1.0,1.0,1.0,2.0,1.0,9,6,0,1.0,1.0
39898,3,1,3,1,1.0,0,,,,,1,Hombre,28,784,6,Tecnica/tecnologica,Superior,2,,1.0,1.0,,3,,,,,,,,,,,,,,,,,,,,,,,,,,,,,,,,,9,6,0,1.0,1.0
39904,3,1,3,1,1.0,0,,,,,2,Mujer,21,441,3,Basica primaria,Baja,2,,,,,3,,,,,,,,,,,,,,,,,,,,,,,,,,,,,,,,,9,2,0,1.0,2.0
39909,4,1,4,1,1.0,0,,,,,2,Mujer,24,576,6,Tecnica/tecnologica,Superior,2,,,,,3,,,,,,,,,,,,,,,,,,,,,,,,,,,,,,,,,9,2,1,1.0,2.0
39918,4,1,4,0,,1,,,,,2,Mujer,19,361,5,Media,Media,2,,1.0,,,3,,,,,,,,,,,,,,,,,,,,,,,,,,,,,,,,,9,1,1,1.0,2.0
39935,1,1,1,1,1.0,0,,,,,1,Hombre,38,1444,7,Universitaria,Superior,2,,1.0,,,3,,,,,,,,,,,,,,,,,,,,,,,,,,,,,,,,,9,3,2,1.0,1.0
39987,1,1,1,0,,1,,,,,1,Hombre,32,1024,7,Universitaria,Superior,2,,1.0,,,3,,,,,,,,,,,,,,,,,,,,,,,,,,,,,,,,,9,1,0,1.0,1.0
40014,3,1,3,1,1.0,0,,,,,1,Hombre,28,784,7,Universitaria,Superior,2,,,,,3,,,,,,,,,,,,,,,,,,,,,,,,,,,,,,,,,9,6,0,1.0,1.0
40051,6,1,6,1,1.0,0,,,5.0,2000.0,2,Mujer,33,1089,5,Media,Media,1,1.0,,,,3,2.0,2.0,,1.0,DOS MIL PESOS,,,1.0,1.0,,,,,,1.0,,,2.0,2.0,2.0,2.0,2.0,2.0,2.0,2.0,2.0,2.0,2.0,2.0,2.0,2.0,2.0,9,1,0,1.0,2.0
40054,1,1,1,0,,1,,,,,2,Mujer,57,3249,3,Basica primaria,Baja,2,,1.0,,,3,,,,,,,,,,,,,,,,,,,,,,,,,,,,,,,,,5,6,3,1.0,2.0
40057,3,1,3,1,1.0,0,,,40.0,1000.0,2,Mujer,19,361,5,Media,Media,1,,,,,3,2.0,2.0,,1.0,MIL PESOS,,,1.0,,,,,,,2.0,,,1.0,2.0,2.0,2.0,2.0,2.0,2.0,2.0,2.0,2.0,2.0,2.0,2.0,2.0,2.0,9,6,1,1.0,2.0
40060,1,1,1,1,1.0,0,,,,,2,Mujer,28,784,4,Basica secundaria,Media,2,,1.0,1.0,,3,,,,,,,,,,,,,,,,,,,,,,,,,,,,,,,,,9,6,2,1.0,2.0
40089,2,1,2,1,1.0,0,,,2.0,500.0,1,Hombre,18,324,3,Basica primaria,Baja,1,,,,,3,4.0,2.0,,1.0,QUINIENTOS PESOS,,,,1.0,,,,,,2.0,,,2.0,2.0,2.0,2.0,2.0,1.0,2.0,2.0,2.0,2.0,2.0,2.0,2.0,2.0,2.0,9,6,0,1.0,1.0
40121,1,1,1,0,,1,,,,,1,Hombre,40,1600,4,Basica secundaria,Media,2,,1.0,,,3,,,,,,,,,,,,,,,,,,,,,,,,,,,,,,,,,9,2,7,1.0,1.0
40141,3,1,3,0,,1,,,,,1,Hombre,45,2025,7,Universitaria,Superior,2,,1.0,,,3,,,,,,,,,,,,,,,,,,,,,,,,,,,,,,,,,9,6,0,1.0,1.0
40154,1,1,1,0,,1,,,,,1,Hombre,63,3969,1,Ninguno,Baja,2,,1.0,,,3,,,,,,,,,,,,,,,,,,,,,,,,,,,,,,,,,9,2,6,1.0,1.0
40170,1,1,1,0,,1,,,,,1,Hombre,58,3364,4,Basica secundaria,Media,2,,1.0,,,3,,,,,,,,,,,,,,,,,,,,,,,,,,,,,,,,,9,5,3,1.0,1.0
40171,4,1,4,0,,1,,,,,1,Hombre,14,196,3,Basica primaria,Baja,2,,1.0,,,3,,,,,,,,,,,,,,,,,,,,,,,,,,,,,,,,,9,6,0,,
40192,2,1,2,1,1.0,0,,,5.0,4000.0,1,Hombre,29,841,6,Tecnica/tecnologica,Superior,1,,,,,3,4.0,2.0,,1.0,CUATRO MIL,,,1.0,,,,,,,2.0,,,1.0,1.0,2.0,2.0,2.0,2.0,2.0,2.0,2.0,1.0,2.0,2.0,2.0,1.0,2.0,9,6,0,1.0,1.0
40212,2,1,2,0,,1,,,,,1,Hombre,53,2809,5,Media,Media,2,,1.0,,,3,,,,,,,,,,,,,,,,,,,,,,,,,,,,,,,,,9,5,2,1.0,1.0
40226,1,1,1,0,,1,,,,,1,Hombre,26,676,5,Media,Media,2,,1.0,,,3,,,,,,,,,,,,,,,,,,,,,,,,,,,,,,,,,9,1,0,1.0,1.0
40234,1,1,1,0,,1,,,1.0,,2,Mujer,27,729,7,Universitaria,Superior,1,1.0,1.0,,,3,2.0,2.0,,2.0,,,,,1.0,,,,,,1.0,,,2.0,2.0,2.0,2.0,2.0,2.0,2.0,2.0,2.0,2.0,2.0,2.0,2.0,2.0,2.0,9,6,0,3.0,2.0
40252,1,1,1,1,1.0,0,60000.0,11.002099841204238,60.0,2000.0,1,Hombre,30,900,4,Basica secundaria,Media,1,,1.0,,,3,5.0,1.0,30.0,1.0,DOS MIL PESOS,,,1.0,,,,,,,2.0,,,2.0,2.0,2.0,2.0,2.0,1.0,1.0,2.0,2.0,2.0,2.0,2.0,2.0,2.0,1.0,5,2,0,1.0,1.0
40255,2,1,2,1,1.0,0,100000.0,11.512925464970229,30.0,3000.0,1,Hombre,21,441,7,Universitaria,Superior,1,1.0,1.0,,,3,5.0,1.0,30.0,1.0,TRES MIL PESOS,,,1.0,1.0,1.0,,,,,1.0,,,2.0,2.0,2.0,2.0,2.0,2.0,2.0,2.0,2.0,2.0,2.0,2.0,2.0,2.0,2.0,9,6,1,2.0,1.0
40273,1,1,1,0,,1,,,,,1,Hombre,51,2601,4,Basica secundaria,Media,2,,1.0,,,3,,,,,,,,,,,,,,,,,,,,,,,,,,,,,,,,,9,3,1,1.0,1.0
40285,1,1,1,0,,1,,,,,1,Hombre,57,3249,3,Basica primaria,Baja,2,,1.0,,1.0,3,,,,,,,,,,,,,,,,,,,,,,,,,,,,,,,,,9,6,3,1.0,1.0
40317,4,1,4,0,,1,,,,,1,Hombre,34,1156,7,Universitaria,Superior,2,,1.0,,,3,,,,,,,,,,,,,,,,,,,,,,,,,,,,,,,,,9,6,1,1.0,1.0
40320,2,1,2,1,1.0,0,,,,,1,Hombre,31,961,8,Postgrado,Superior,2,,,,,3,,,,,,,,,,,,,,,,,,,,,,,,,,,,,,,,,9,6,0,1.0,1.0
40340,1,1,1,0,,1,,,,,1,Hombre,44,1936,6,Tecnica/tecnologica,Superior,2,,1.0,,,3,,,,,,,,,,,,,,,,,,,,,,,,,,,,,,,,,9,6,0,1.0,1.0
40345,1,1,1,0,,1,,,,,1,Hombre,35,1225,3,Basica primaria,Baja,2,,1.0,,,3,,,,,,,,,,,,,,,,,,,,,,,,,,,,,,,,,9,2,3,1.0,1.0
40391,1,1,1,0,,1,,,,,1,Hombre,29,841,6,Tecnica/tecnologica,Superior,2,,1.0,,,3,,,,,,,,,,,,,,,,,,,,,,,,,,,,,,,,,9,2,1,1.0,1.0
40407,3,1,3,1,1.0,0,6000.0,8.699514748210191,3.0,2000.0,1,Hombre,21,441,5,Media,Media,1,,,,,3,3.0,1.0,3.0,1.0,DOS MIL PESOS,,,,1.0,,,,,,2.0,,,2.0,2.0,2.0,1.0,2.0,2.0,2.0,2.0,2.0,2.0,2.0,2.0,2.0,2.0,2.0,9,5,1,1.0,1.0
40436,1,1,1,0,,1,,,,,1,Hombre,38,1444,5,Media,Media,2,,1.0,,,3,,,,,,,,,,,,,,,,,,,,,,,,,,,,,,,,,9,6,3,1.0,1.0
40446,3,1,3,1,1.0,0,,,,,2,Mujer,19,361,6,Tecnica/tecnologica,Superior,2,,,,,3,,,,,,,,,,,,,,,,,,,,,,,,,,,,,,,,,1,6,0,1.0,2.0
40468,1,1,1,0,,1,,,,,1,Hombre,36,1296,8,Postgrado,Superior,2,,1.0,,,3,,,,,,,,,,,,,,,,,,,,,,,,,,,,,,,,,9,3,0,1.0,1.0
40488,1,1,1,1,1.0,0,50000.0,10.819778284410283,25.0,3000.0,2,Mujer,22,484,7,Universitaria,Superior,1,,1.0,,1.0,3,4.0,1.0,20.0,1.0,TRES MIL PESOS,,,1.0,1.0,,,1.0,,,2.0,,,2.0,2.0,2.0,2.0,2.0,2.0,2.0,2.0,1.0,1.0,1.0,2.0,2.0,2.0,2.0,9,6,0,1.0,2.0
40494,1,1,1,1,1.0,0,,,,,2,Mujer,21,441,5,Media,Media,2,,1.0,,,3,,,,,,,,,,,,,,,,,,,,,,,,,,,,,,,,,9,2,1,1.0,2.0
40505,1,1,1,0,,1,,,,,1,Hombre,54,2916,8,Postgrado,Superior,2,,1.0,,,3,,,,,,,,,,,,,,,,,,,,,,,,,,,,,,,,,9,3,1,1.0,1.0
40507,1,1,1,0,,1,,,,,2,Mujer,25,625,6,Tecnica/tecnologica,Superior,2,,1.0,,,3,,,,,,,,,,,,,,,,,,,,,,,,,,,,,,,,,9,3,2,1.0,2.0
40517,3,1,3,0,,1,,,,,1,Hombre,19,361,7,Universitaria,Superior,2,,,,1.0,3,,,,,,,,,,,,,,,,,,,,,,,,,,,,,,,,,9,6,0,1.0,1.0
40518,2,1,2,1,1.0,0,240000.0,12.388394202324129,150.0,1000.0,1,Hombre,45,2025,5,Media,Media,1,,1.0,1.0,1.0,3,5.0,1.0,30.0,1.0,MIL PESOS,,,1.0,,,,,,,2.0,,,2.0,2.0,2.0,2.0,2.0,2.0,2.0,2.0,2.0,2.0,2.0,2.0,2.0,2.0,2.0,5,6,0,1.0,1.0
40523,1,1,1,1,1.0,0,15000.0,9.615805480084347,20.0,1300.0,1,Hombre,30,900,4,Basica secundaria,Media,1,1.0,1.0,,,3,5.0,1.0,30.0,1.0,MIL TRECIENTOS,1.0,,,1.0,,,,,,1.0,,,2.0,2.0,2.0,2.0,2.0,2.0,2.0,2.0,1.0,1.0,1.0,2.0,2.0,2.0,1.0,9,2,0,1.0,1.0
40524,1,1,1,0,,1,,,,,1,Hombre,58,3364,8,Postgrado,Superior,2,,1.0,,,3,,,,,,,,,,,,,,,,,,,,,,,,,,,,,,,,,9,5,1,1.0,1.0
40541,1,1,1,1,1.0,0,15000.0,9.615805480084347,120.0,,2,Mujer,38,1444,7,Universitaria,Superior,1,1.0,1.0,1.0,1.0,3,5.0,1.0,30.0,2.0,,,,,,1.0,,,,,1.0,,,2.0,2.0,2.0,2.0,2.0,2.0,2.0,2.0,2.0,2.0,2.0,2.0,2.0,2.0,2.0,9,5,0,1.0,2.0
40542,1,1,1,0,,1,,,,,1,Hombre,53,2809,4,Basica secundaria,Media,2,,1.0,,,3,,,,,,,,,,,,,,,,,,,,,,,,,,,,,,,,,9,5,1,1.0,1.0
40550,1,1,1,1,1.0,0,30000.0,10.308952660644293,120.0,10000.0,1,Hombre,27,729,6,Tecnica/tecnologica,Superior,1,1.0,1.0,1.0,,3,5.0,1.0,30.0,1.0,CIEN MIL PESOS,,,,1.0,,,,,,1.0,,,2.0,2.0,2.0,1.0,2.0,1.0,1.0,2.0,2.0,2.0,2.0,1.0,2.0,2.0,1.0,9,6,0,1.0,1.0
40576,2,1,2,1,1.0,0,,,,,1,Hombre,40,1600,8,Postgrado,Superior,2,,,,,3,,,,,,,,,,,,,,,,,,,,,,,,,,,,,,,,,9,2,0,1.0,1.0
40615,1,1,1,0,,1,,,,,1,Hombre,19,361,5,Media,Media,2,,1.0,,,3,,,,,,,,,,,,,,,,,,,,,,,,,,,,,,,,,9,6,0,1.0,1.0
40633,3,1,3,1,1.0,0,,,20.0,5000.0,1,Hombre,37,1369,5,Media,Media,1,1.0,1.0,,,3,4.0,1.0,15.0,1.0,CINCO MIL PESOS,,,1.0,1.0,,,1.0,,,1.0,,,2.0,2.0,2.0,1.0,2.0,1.0,2.0,2.0,1.0,1.0,2.0,2.0,2.0,2.0,1.0,9,6,3,1.0,1.0
40638,6,1,6,1,1.0,0,,,,,2,Mujer,16,256,5,Media,Media,2,,,,,3,,,,,,,,,,,,,,,,,,,,,,,,,,,,,,,,,9,6,0,,
40667,1,1,1,1,1.0,0,100000.0,11.512925464970229,10.0,2000.0,1,Hombre,24,576,5,Media,Media,1,1.0,1.0,,,3,5.0,1.0,30.0,1.0,DOS MIL PESOS,,,1.0,,,,,,,1.0,,,2.0,2.0,2.0,1.0,2.0,1.0,2.0,2.0,1.0,1.0,1.0,1.0,2.0,2.0,2.0,9,1,0,1.0,1.0
40680,2,1,2,0,,1,320000.0,12.676076274775909,82.0,4000.0,1,Hombre,62,3844,5,Media,Media,1,,1.0,,,3,5.0,1.0,30.0,1.0,CUATRO MIL PESOS,,,1.0,,,,,,,2.0,,,2.0,2.0,2.0,2.0,2.0,1.0,2.0,1.0,1.0,1.0,1.0,1.0,1.0,1.0,1.0,9,2,3,1.0,1.0
40682,1,1,1,0,,1,,,,,1,Hombre,35,1225,5,Media,Media,2,,1.0,,,3,,,,,,,,,,,,,,,,,,,,,,,,,,,,,,,,,9,3,1,1.0,1.0
40700,2,1,2,0,,1,6000.0,8.699514748210191,4.0,2000.0,1,Hombre,42,1764,4,Basica secundaria,Media,1,,1.0,,,1,3.0,1.0,2.0,1.0,DOS MIL PESOS,,,,1.0,,,,,,2.0,,,2.0,2.0,2.0,2.0,2.0,2.0,2.0,2.0,2.0,2.0,2.0,2.0,2.0,2.0,2.0,9,3,1,1.0,1.0
40705,1,1,1,1,1.0,0,30000.0,10.308952660644293,30.0,1000.0,1,Hombre,23,529,5,Media,Media,1,1.0,,,,3,5.0,1.0,30.0,1.0,MIL PESOS,,,1.0,1.0,1.0,1.0,,,,1.0,,,1.0,2.0,1.0,1.0,1.0,1.0,1.0,2.0,1.0,2.0,2.0,1.0,1.0,2.0,2.0,9,6,0,1.0,1.0
40710,2,1,2,1,1.0,0,20000.0,9.903487552536127,120.0,2000.0,2,Mujer,23,529,4,Basica secundaria,Media,1,,1.0,1.0,,3,4.0,1.0,30.0,1.0,DOS MIL PESOS,,,,1.0,,,,,,2.0,,,2.0,2.0,2.0,2.0,2.0,1.0,1.0,1.0,1.0,2.0,1.0,2.0,2.0,2.0,1.0,9,6,2,2.0,2.0
40718,1,1,1,0,,1,,,,,1,Hombre,38,1444,5,Media,Media,2,,1.0,,,3,,,,,,,,,,,,,,,,,,,,,,,,,,,,,,,,,9,2,2,1.0,1.0
40725,1,1,1,0,,1,,,,,2,Mujer,24,576,8,Postgrado,Superior,2,,1.0,,,3,,,,,,,,,,,,,,,,,,,,,,,,,,,,,,,,,9,6,0,1.0,2.0
40726,6,1,6,1,1.0,0,,,2.0,,1,Hombre,16,256,4,Basica secundaria,Media,1,,,,,3,3.0,1.0,2.0,2.0,,,,,1.0,,,,,,2.0,,,2.0,2.0,2.0,1.0,2.0,1.0,2.0,2.0,2.0,2.0,1.0,1.0,2.0,2.0,1.0,9,6,0,,
40748,4,1,4,0,,1,,,,,2,Mujer,26,676,5,Media,Media,2,,1.0,,,3,,,,,,,,,,,,,,,,,,,,,,,,,,,,,,,,,9,6,1,1.0,2.0
40749,2,1,2,0,,1,,,,,2,Mujer,33,1089,7,Universitaria,Superior,2,,1.0,,,3,,,,,,,,,,,,,,,,,,,,,,,,,,,,,,,,,9,3,1,1.0,2.0
40770,1,1,1,1,1.0,0,60000.0,11.002099841204238,40.0,2000.0,1,Hombre,35,1225,7,Universitaria,Superior,1,1.0,,,,3,5.0,1.0,30.0,1.0,DOS MIL PESOS,,,,,,1.0,,,,1.0,,,2.0,2.0,2.0,2.0,2.0,1.0,1.0,1.0,1.0,1.0,1.0,2.0,1.0,2.0,1.0,9,1,0,1.0,1.0
40790,3,1,3,0,,1,,,,,1,Hombre,32,1024,5,Media,Media,2,,1.0,,,3,,,,,,,,,,,,,,,,,,,,,,,,,,,,,,,,,9,6,0,1.0,1.0
40822,1,1,1,1,1.0,0,,,,,1,Hombre,41,1681,8,Postgrado,Superior,2,,,,,3,,,,,,,,,,,,,,,,,,,,,,,,,,,,,,,,,9,3,1,1.0,1.0
40832,3,1,3,1,1.0,0,80000.0,11.289781913656018,80.0,1000.0,1,Hombre,22,484,4,Basica secundaria,Media,1,,1.0,,,3,3.0,1.0,30.0,1.0,MIL,,,1.0,1.0,,,,,,2.0,,,1.0,1.0,1.0,1.0,2.0,1.0,1.0,2.0,2.0,2.0,1.0,2.0,2.0,2.0,2.0,9,6,1,1.0,1.0
40833,1,1,1,0,,1,,,,,1,Hombre,55,3025,4,Basica secundaria,Media,2,,1.0,,,3,,,,,,,,,,,,,,,,,,,,,,,,,,,,,,,,,9,5,3,1.0,1.0
40837,1,1,1,0,,1,,,,,1,Hombre,49,2401,4,Basica secundaria,Media,2,,1.0,,,3,,,,,,,,,,,,,,,,,,,,,,,,,,,,,,,,,9,5,2,1.0,1.0
40853,1,1,1,0,,1,40000.0,10.596634733096073,20.0,2000.0,1,Hombre,43,1849,5,Media,Media,1,,1.0,,,3,5.0,1.0,30.0,1.0,DOS MIL PESOS,,,,,,1.0,,,,2.0,,,2.0,2.0,2.0,2.0,2.0,1.0,1.0,2.0,1.0,2.0,2.0,1.0,2.0,1.0,1.0,1,6,1,1.0,1.0
40888,1,1,1,0,,1,,,,,1,Hombre,36,1296,8,Postgrado,Superior,2,,1.0,,,3,,,,,,,,,,,,,,,,,,,,,,,,,,,,,,,,,9,6,0,1.0,1.0
40920,4,1,4,0,,1,,,,,1,Hombre,24,576,3,Basica primaria,Baja,2,,1.0,,,3,,,,,,,,,,,,,,,,,,,,,,,,,,,,,,,,,9,2,2,1.0,1.0
40922,2,1,2,0,,1,,,,,1,Hombre,63,3969,3,Basica primaria,Baja,2,,1.0,,,3,,,,,,,,,,,,,,,,,,,,,,,,,,,,,,,,,9,2,6,1.0,1.0
40934,1,1,1,1,1.0,0,,,1.0,2000.0,1,Hombre,45,2025,3,Basica primaria,Baja,1,,,,,3,1.0,2.0,,1.0,DOS MIL PESOS,,,,1.0,,,,,,2.0,,,2.0,2.0,2.0,2.0,2.0,2.0,2.0,2.0,2.0,2.0,2.0,2.0,2.0,2.0,2.0,9,3,2,1.0,1.0
40938,1,1,1,0,,1,,,,,1,Hombre,47,2209,5,Media,Media,2,,1.0,,,3,,,,,,,,,,,,,,,,,,,,,,,,,,,,,,,,,9,5,2,1.0,1.0
40950,2,1,2,1,1.0,0,200000.0,12.206072645530174,10.0,5000.0,1,Hombre,30,900,5,Media,Media,1,1.0,,,,3,4.0,1.0,5.0,1.0,CINCO MIL,,,,1.0,,,,,,1.0,,,1.0,1.0,1.0,1.0,2.0,2.0,2.0,2.0,1.0,1.0,1.0,1.0,2.0,1.0,2.0,9,6,0,1.0,1.0
40952,2,1,2,0,,1,,,1.0,,1,Hombre,27,729,7,Universitaria,Superior,1,,1.0,,,3,2.0,2.0,,2.0,,,,,1.0,,,,,,2.0,,,2.0,2.0,2.0,2.0,2.0,2.0,2.0,2.0,2.0,2.0,2.0,2.0,2.0,2.0,2.0,9,6,0,1.0,1.0
40978,5,1,5,1,1.0,0,,,,,2,Mujer,27,729,4,Basica secundaria,Media,2,,1.0,,,3,,,,,,,,,,,,,,,,,,,,,,,,,,,,,,,,,9,5,2,1.0,2.0
40984,1,1,1,1,1.0,0,60000.0,11.002099841204238,3.0,2000.0,2,Mujer,42,1764,5,Media,Media,1,,1.0,1.0,,3,5.0,1.0,30.0,1.0,DOS MIL PESOS,,,1.0,,,,,,,2.0,,,2.0,1.0,2.0,2.0,2.0,2.0,2.0,1.0,1.0,1.0,1.0,1.0,2.0,1.0,1.0,9,6,0,1.0,2.0
40995,2,1,2,0,,1,,,,,1,Hombre,25,625,4,Basica secundaria,Media,2,,1.0,,,3,,,,,,,,,,,,,,,,,,,,,,,,,,,,,,,,,9,2,0,1.0,1.0
41004,2,1,2,0,,1,,,,,1,Hombre,36,1296,5,Media,Media,2,,1.0,,,3,,,,,,,,,,,,,,,,,,,,,,,,,,,,,,,,,9,2,2,1.0,1.0
41006,1,1,1,0,,1,,,,,1,Hombre,21,441,7,Universitaria,Superior,2,,1.0,,,3,,,,,,,,,,,,,,,,,,,,,,,,,,,,,,,,,9,6,0,1.0,1.0
41014,1,1,1,0,,1,,,,,1,Hombre,30,900,5,Media,Media,2,,1.0,,,3,,,,,,,,,,,,,,,,,,,,,,,,,,,,,,,,,1,6,0,1.0,1.0
41016,2,1,2,1,1.0,0,40000.0,10.596634733096073,,5000.0,1,Hombre,21,441,4,Basica secundaria,Media,1,,,,,3,5.0,1.0,30.0,1.0,CINCO MIL PESOS,,,,,1.0,,,,,2.0,,,1.0,2.0,2.0,2.0,2.0,2.0,1.0,2.0,2.0,2.0,2.0,2.0,1.0,2.0,1.0,1,6,0,1.0,1.0
41048,3,1,3,1,1.0,0,,,1.0,,1,Hombre,24,576,5,Media,Media,1,,,,,2,2.0,2.0,,2.0,,,,,1.0,,,,,,2.0,,,2.0,2.0,2.0,2.0,2.0,2.0,2.0,2.0,2.0,2.0,2.0,2.0,2.0,2.0,2.0,9,6,0,1.0,1.0
41061,1,1,1,0,,1,,,,,2,Mujer,52,2704,3,Basica primaria,Baja,2,,1.0,,,3,,,,,,,,,,,,,,,,,,,,,,,,,,,,,,,,,9,4,2,1.0,2.0
41066,1,1,1,0,,1,,,,,2,Mujer,38,1444,5,Media,Media,2,,1.0,,,3,,,,,,,,,,,,,,,,,,,,,,,,,,,,,,,,,9,6,2,1.0,2.0
41077,2,1,2,0,,1,,,,,2,Mujer,45,2025,5,Media,Media,2,,1.0,,,3,,,,,,,,,,,,,,,,,,,,,,,,,,,,,,,,,5,3,3,1.0,2.0
41137,1,1,1,1,1.0,0,,,,,1,Hombre,31,961,5,Media,Media,2,,,,,3,,,,,,,,,,,,,,,,,,,,,,,,,,,,,,,,,1,2,3,1.0,1.0
41144,1,1,1,1,1.0,0,,,,,1,Hombre,33,1089,6,Tecnica/tecnologica,Superior,2,,1.0,,,3,,,,,,,,,,,,,,,,,,,,,,,,,,,,,,,,,9,2,0,1.0,1.0
41237,3,1,3,1,1.0,0,,,,,1,Hombre,18,324,5,Media,Media,2,,,,,3,,,,,,,,,,,,,,,,,,,,,,,,,,,,,,,,,9,6,0,1.0,1.0
41240,1,1,1,0,,1,,,1.0,,2,Mujer,43,1849,4,Basica secundaria,Media,1,,1.0,,,2,2.0,2.0,,2.0,,,,,1.0,,,,,,2.0,,,2.0,2.0,2.0,2.0,2.0,2.0,2.0,2.0,2.0,2.0,2.0,2.0,2.0,2.0,2.0,9,6,1,1.0,2.0
41253,1,1,1,1,1.0,0,,,,,1,Hombre,28,784,5,Media,Media,2,,1.0,,,3,,,,,,,,,,,,,,,,,,,,,,,,,,,,,,,,,9,2,2,1.0,1.0
41255,2,1,2,0,,1,,,,,2,Mujer,21,441,7,Universitaria,Superior,2,,1.0,,,3,,,,,,,,,,,,,,,,,,,,,,,,,,,,,,,,,9,6,0,1.0,2.0
41267,2,1,2,0,,1,,,,,1,Hombre,60,3600,3,Basica primaria,Baja,2,,1.0,,,3,,,,,,,,,,,,,,,,,,,,,,,,,,,,,,,,,9,3,2,1.0,1.0
41274,1,1,1,1,1.0,0,,,,,2,Mujer,25,625,8,Postgrado,Superior,2,,,,,3,,,,,,,,,,,,,,,,,,,,,,,,,,,,,,,,,9,6,0,1.0,2.0
41275,1,1,1,0,,1,,,,,1,Hombre,37,1369,5,Media,Media,2,,1.0,,,3,,,,,,,,,,,,,,,,,,,,,,,,,,,,,,,,,9,2,1,1.0,1.0
41281,1,1,1,0,,1,,,,,1,Hombre,65,4225,3,Basica primaria,Baja,2,,1.0,,,3,,,,,,,,,,,,,,,,,,,,,,,,,,,,,,,,,9,6,0,1.0,1.0
41295,1,1,1,0,,1,60000.0,11.002099841204238,15.0,3000.0,1,Hombre,35,1225,5,Media,Media,1,,1.0,,,1,4.0,1.0,13.0,1.0,TRES MIL PESOS,,,,1.0,,,,,,2.0,,,2.0,2.0,2.0,2.0,2.0,2.0,2.0,2.0,2.0,2.0,1.0,1.0,2.0,2.0,2.0,9,1,0,1.0,1.0
41321,3,1,3,1,1.0,0,,,,,1,Hombre,31,961,5,Media,Media,2,,1.0,,,3,,,,,,,,,,,,,,,,,,,,,,,,,,,,,,,,,9,6,0,1.0,1.0
41343,2,1,2,1,1.0,0,,,3.0,2500.0,2,Mujer,28,784,6,Tecnica/tecnologica,Superior,1,1.0,1.0,,,3,9.0,2.0,,1.0,DOS MIL QUINIENTOS,,,,1.0,1.0,,,,,1.0,,,2.0,2.0,2.0,2.0,2.0,2.0,2.0,2.0,2.0,2.0,2.0,2.0,2.0,2.0,2.0,9,2,2,1.0,2.0
41363,1,1,1,0,,1,,,,,1,Hombre,50,2500,6,Tecnica/tecnologica,Superior,2,,1.0,,,3,,,,,,,,,,,,,,,,,,,,,,,,,,,,,,,,,9,2,1,1.0,1.0
41381,2,1,2,0,,1,,,,,2,Mujer,17,289,5,Media,Media,2,,1.0,,,3,,,,,,,,,,,,,,,,,,,,,,,,,,,,,,,,,9,6,0,,
41385,1,1,1,0,,1,,,4.0,3000.0,2,Mujer,32,1024,6,Tecnica/tecnologica,Superior,1,,1.0,,,3,4.0,1.0,4.0,1.0,tres mil pesos,,,,1.0,,,,,,2.0,,,1.0,1.0,1.0,2.0,2.0,2.0,2.0,2.0,2.0,2.0,1.0,1.0,2.0,2.0,1.0,9,5,3,1.0,2.0
41397,3,1,3,0,,1,,,,,2,Mujer,36,1296,5,Media,Media,2,,1.0,,,3,,,,,,,,,,,,,,,,,,,,,,,,,,,,,,,,,9,5,1,1.0,2.0
41409,2,1,2,0,,1,,,,,2,Mujer,39,1521,8,Postgrado,Superior,2,,1.0,,,3,,,,,,,,,,,,,,,,,,,,,,,,,,,,,,,,,9,2,1,1.0,2.0
41425,1,1,1,0,,1,,,,,2,Mujer,31,961,8,Postgrado,Superior,2,,1.0,,,3,,,,,,,,,,,,,,,,,,,,,,,,,,,,,,,,,9,6,0,1.0,2.0
41434,2,1,2,1,1.0,0,100000.0,11.512925464970229,60.0,3000.0,1,Hombre,20,400,3,Basica primaria,Baja,1,1.0,,,,3,5.0,1.0,30.0,1.0,TRES MIL PESOS,,,,1.0,,,,,,1.0,,,2.0,1.0,2.0,1.0,2.0,2.0,2.0,2.0,2.0,2.0,1.0,1.0,1.0,1.0,1.0,9,6,0,1.0,1.0
41462,1,1,1,0,,1,,,,,2,Mujer,58,3364,3,Basica primaria,Baja,2,,,,1.0,3,,,,,,,,,,,,,,,,,,,,,,,,,,,,,,,,,1,5,4,1.0,2.0
41468,4,1,4,1,1.0,0,,,,,1,Hombre,18,324,5,Media,Media,2,,,,,3,,,,,,,,,,,,,,,,,,,,,,,,,,,,,,,,,9,6,0,1.0,1.0
41477,1,1,1,1,1.0,0,,,2.0,5000.0,1,Hombre,27,729,6,Tecnica/tecnologica,Superior,1,1.0,,,,3,2.0,2.0,,1.0,CINCO MIL PESOS,,,,1.0,,,,,,1.0,1.0,,2.0,2.0,2.0,2.0,2.0,2.0,2.0,2.0,2.0,2.0,2.0,2.0,2.0,2.0,2.0,1,2,1,1.0,1.0
41478,1,1,1,0,,1,2000.0,7.600902459542082,2.0,1000.0,1,Hombre,56,3136,3,Basica primaria,Baja,1,,,,1.0,3,3.0,1.0,1.0,1.0,MIL PESOS,,,,,1.0,,,,,2.0,,,2.0,1.0,1.0,2.0,2.0,1.0,2.0,2.0,2.0,2.0,1.0,2.0,2.0,2.0,1.0,1,6,1,1.0,1.0
41486,2,1,2,1,1.0,0,270000.0,12.506177237980511,70.0,3000.0,1,Hombre,27,729,5,Media,Media,1,1.0,1.0,1.0,,3,5.0,1.0,30.0,1.0,TRES MIL PESOS,,,1.0,1.0,,,,,,1.0,,,2.0,1.0,2.0,1.0,2.0,2.0,2.0,1.0,1.0,2.0,2.0,2.0,2.0,2.0,1.0,9,5,1,1.0,1.0
41497,1,1,1,0,,1,,,,,1,Hombre,58,3364,5,Media,Media,2,,1.0,,,3,,,,,,,,,,,,,,,,,,,,,,,,,,,,,,,,,9,6,3,1.0,1.0
41507,3,1,3,0,,1,,,,,1,Hombre,29,841,5,Media,Media,2,,1.0,,,3,,,,,,,,,,,,,,,,,,,,,,,,,,,,,,,,,9,6,0,1.0,1.0
41514,3,1,3,1,1.0,0,25000.0,10.126631103850338,3.0,10000.0,1,Hombre,18,324,5,Media,Media,1,,,,,1,2.0,1.0,3.0,1.0,diez mil pesos,,,,1.0,,,,,,2.0,,,1.0,1.0,2.0,2.0,2.0,2.0,2.0,2.0,2.0,2.0,2.0,2.0,2.0,2.0,2.0,9,6,0,1.0,1.0
41524,3,1,3,1,1.0,0,,,20.0,2000.0,1,Hombre,18,324,5,Media,Media,1,,,,,3,2.0,2.0,,1.0,DOS MIL,,,1.0,,,,,,,2.0,,,1.0,2.0,2.0,1.0,2.0,2.0,2.0,2.0,1.0,2.0,2.0,1.0,2.0,2.0,2.0,9,6,0,1.0,1.0
41558,2,1,2,0,,1,,,,,2,Mujer,43,1849,7,Universitaria,Superior,2,,1.0,,,3,,,,,,,,,,,,,,,,,,,,,,,,,,,,,,,,,9,3,1,1.0,2.0
41561,1,1,1,0,,1,1000.0,6.907755278982137,,,1,Hombre,45,2025,7,Universitaria,Superior,1,,1.0,,,3,3.0,1.0,1.0,2.0,,,,,1.0,,,,,,2.0,,,2.0,2.0,2.0,2.0,2.0,2.0,1.0,2.0,2.0,2.0,2.0,2.0,2.0,2.0,1.0,9,3,1,1.0,1.0
41572,1,1,1,1,1.0,0,,,,,2,Mujer,36,1296,4,Basica secundaria,Media,2,,,,,3,,,,,,,,,,,,,,,,,,,,,,,,,,,,,,,,,9,2,2,1.0,2.0
41603,5,1,5,0,,1,6000.0,8.699514748210191,1.0,1000.0,1,Hombre,18,324,4,Basica secundaria,Media,1,,,,1.0,3,2.0,1.0,1.0,1.0,MIL PESOS,,,,1.0,,,,,,2.0,,,2.0,2.0,2.0,2.0,2.0,2.0,2.0,2.0,2.0,2.0,2.0,2.0,2.0,2.0,2.0,9,1,0,1.0,1.0
41605,1,1,1,0,,1,,,,,1,Hombre,65,4225,3,Basica primaria,Baja,2,,1.0,,,3,,,,,,,,,,,,,,,,,,,,,,,,,,,,,,,,,9,2,4,1.0,1.0
41659,2,1,2,0,,1,,,,,1,Hombre,29,841,7,Universitaria,Superior,2,,1.0,,,3,,,,,,,,,,,,,,,,,,,,,,,,,,,,,,,,,9,6,0,1.0,1.0
41666,1,1,1,0,,1,,,,,1,Hombre,57,3249,7,Universitaria,Superior,2,,1.0,,,3,,,,,,,,,,,,,,,,,,,,,,,,,,,,,,,,,1,2,2,1.0,1.0
41705,2,1,2,0,,1,6000.0,8.699514748210191,3.0,2000.0,1,Hombre,23,529,5,Media,Media,1,,1.0,,,3,4.0,1.0,2.0,1.0,DOS MIL PESOS,,,,1.0,,,,,,2.0,,,2.0,2.0,2.0,2.0,2.0,2.0,2.0,2.0,2.0,2.0,2.0,2.0,2.0,2.0,2.0,9,6,0,3.0,1.0
41710,1,1,1,0,,1,,,,,1,Hombre,37,1369,7,Universitaria,Superior,2,,1.0,,,3,,,,,,,,,,,,,,,,,,,,,,,,,,,,,,,,,9,3,1,1.0,2.0
41725,2,1,2,0,,1,,,,,1,Hombre,26,676,7,Universitaria,Superior,2,,,,1.0,3,,,,,,,,,,,,,,,,,,,,,,,,,,,,,,,,,9,1,0,1.0,1.0
41732,1,1,1,0,,1,,,,,1,Hombre,35,1225,4,Basica secundaria,Media,2,,1.0,,,3,,,,,,,,,,,,,,,,,,,,,,,,,,,,,,,,,9,2,2,1.0,1.0
41781,1,1,1,1,1.0,0,30000.0,10.308952660644293,20.0,5000.0,1,Hombre,25,625,5,Media,Media,1,,1.0,,,3,5.0,1.0,30.0,1.0,CINCO MIL PESOS,,,,1.0,,,,,,2.0,,,1.0,1.0,1.0,1.0,1.0,1.0,1.0,1.0,1.0,1.0,1.0,1.0,1.0,1.0,1.0,9,2,1,1.0,1.0
41795,2,1,2,1,1.0,0,,,,,2,Mujer,17,289,4,Basica secundaria,Media,2,,1.0,1.0,,3,,,,,,,,,,,,,,,,,,,,,,,,,,,,,,,,,2,6,0,,
41801,1,1,1,1,1.0,0,,,,,2,Mujer,36,1296,7,Universitaria,Superior,2,,1.0,,,3,,,,,,,,,,,,,,,,,,,,,,,,,,,,,,,,,9,5,3,1.0,2.0
41809,5,1,5,1,1.0,0,,,1.0,2000.0,2,Mujer,21,441,5,Media,Media,1,1.0,,1.0,,3,1.0,2.0,,1.0,DOS MIL PESOS,,,,1.0,,,,,,1.0,,,2.0,1.0,2.0,1.0,2.0,2.0,1.0,2.0,2.0,2.0,2.0,1.0,2.0,2.0,1.0,9,6,1,3.0,2.0
41819,1,1,1,1,1.0,0,,,,,1,Hombre,40,1600,5,Media,Media,2,,1.0,1.0,,3,,,,,,,,,,,,,,,,,,,,,,,,,,,,,,,,,5,3,1,1.0,1.0
41835,1,1,1,0,,1,,,,,1,Hombre,52,2704,7,Universitaria,Superior,2,,1.0,,,3,,,,,,,,,,,,,,,,,,,,,,,,,,,,,,,,,9,2,1,1.0,1.0
41839,2,1,2,0,,1,,,,,2,Mujer,28,784,5,Media,Media,2,,1.0,,,3,,,,,,,,,,,,,,,,,,,,,,,,,,,,,,,,,9,3,3,1.0,2.0
41874,1,1,1,0,,1,,,2.0,,1,Hombre,26,676,5,Media,Media,1,,1.0,,,3,3.0,2.0,,2.0,,,,,1.0,,,,,,2.0,,,2.0,2.0,2.0,2.0,2.0,2.0,2.0,2.0,2.0,2.0,2.0,2.0,2.0,2.0,2.0,9,6,0,1.0,1.0
41912,3,1,3,1,1.0,0,,,,,2,Mujer,26,676,7,Universitaria,Superior,2,,,1.0,1.0,3,,,,,,,,,,,,,,,,,,,,,,,,,,,,,,,,,9,6,0,1.0,2.0
41940,1,1,1,1,1.0,0,,,5.0,5000.0,1,Hombre,21,441,5,Media,Media,1,,1.0,1.0,,3,3.0,1.0,10.0,1.0,CINCO MIL,,,,1.0,,,,,,2.0,,,1.0,2.0,2.0,1.0,1.0,2.0,2.0,2.0,2.0,2.0,1.0,2.0,2.0,2.0,1.0,9,6,0,1.0,1.0
41941,3,1,3,0,,1,,,,,2,Mujer,44,1936,5,Media,Media,2,,,,1.0,3,,,,,,,,,,,,,,,,,,,,,,,,,,,,,,,,,9,5,3,1.0,2.0
41957,2,1,2,1,1.0,0,,,,,1,Hombre,65,4225,5,Media,Media,2,,1.0,1.0,,3,,,,,,,,,,,,,,,,,,,,,,,,,,,,,,,,,9,4,11,1.0,1.0
41981,2,1,2,0,,1,,,,,2,Mujer,27,729,6,Tecnica/tecnologica,Superior,2,,1.0,,,3,,,,,,,,,,,,,,,,,,,,,,,,,,,,,,,,,9,6,0,1.0,2.0
41991,2,1,2,0,,1,,,,,1,Hombre,24,576,7,Universitaria,Superior,2,,1.0,,,3,,,,,,,,,,,,,,,,,,,,,,,,,,,,,,,,,9,6,0,1.0,1.0
41997,1,1,1,0,,1,,,,,2,Mujer,38,1444,7,Universitaria,Superior,2,,1.0,,,3,,,,,,,,,,,,,,,,,,,,,,,,,,,,,,,,,9,6,1,1.0,2.0
42000,1,1,1,0,,1,,,,,1,Hombre,52,2704,3,Basica primaria,Baja,2,,,1.0,,3,,,,,,,,,,,,,,,,,,,,,,,,,,,,,,,,,9,2,2,1.0,1.0
42049,2,1,2,0,,1,,,,,1,Hombre,35,1225,7,Universitaria,Superior,2,,,1.0,,3,,,,,,,,,,,,,,,,,,,,,,,,,,,,,,,,,9,6,2,1.0,1.0
42068,1,1,1,1,1.0,0,,,,,2,Mujer,28,784,5,Media,Media,2,,1.0,,,3,,,,,,,,,,,,,,,,,,,,,,,,,,,,,,,,,9,5,2,1.0,2.0
42111,3,1,3,0,,1,3000.0,8.006367567650246,1.0,3000.0,1,Hombre,27,729,6,Tecnica/tecnologica,Superior,1,,1.0,,,2,2.0,1.0,1.0,1.0,TRES MIL PESOS,,,,,,,1.0,,,2.0,,,2.0,2.0,2.0,2.0,2.0,1.0,2.0,2.0,2.0,2.0,1.0,2.0,2.0,2.0,2.0,9,6,0,1.0,1.0
42131,1,1,1,0,,1,30000.0,10.308952660644293,15.0,2000.0,1,Hombre,29,841,5,Media,Media,1,,1.0,,,2,5.0,1.0,30.0,1.0,DOSMIL,,,,1.0,,,,,,2.0,,,2.0,2.0,2.0,2.0,2.0,2.0,2.0,2.0,2.0,2.0,2.0,2.0,2.0,2.0,2.0,9,5,0,1.0,1.0
42149,1,1,1,0,,1,,,,,2,Mujer,54,2916,5,Media,Media,2,,1.0,,,3,,,,,,,,,,,,,,,,,,,,,,,,,,,,,,,,,9,5,2,1.0,2.0
42169,1,1,1,0,,1,,,,,1,Hombre,62,3844,3,Basica primaria,Baja,2,,1.0,,,3,,,,,,,,,,,,,,,,,,,,,,,,,,,,,,,,,9,5,2,1.0,1.0
42173,1,1,1,0,,1,,,30.0,,1,Hombre,30,900,8,Postgrado,Superior,1,1.0,,1.0,,9,9.0,1.0,1.0,2.0,,,,,1.0,,,,,,1.0,,,2.0,2.0,2.0,2.0,2.0,2.0,2.0,2.0,2.0,2.0,2.0,2.0,2.0,2.0,2.0,9,6,0,1.0,1.0
42178,1,1,1,1,1.0,0,10000.0,9.210340371976184,1.0,2000.0,1,Hombre,29,841,6,Tecnica/tecnologica,Superior,1,1.0,1.0,,,3,2.0,1.0,5.0,1.0,DOS MIL PESOS,,,,1.0,,,,,,1.0,,,2.0,2.0,2.0,2.0,2.0,2.0,2.0,2.0,2.0,2.0,1.0,2.0,2.0,2.0,2.0,9,1,0,2.0,1.0
42188,1,1,1,0,,1,,,,,1,Hombre,28,784,5,Media,Media,2,,1.0,,,3,,,,,,,,,,,,,,,,,,,,,,,,,,,,,,,,,9,2,1,1.0,1.0
42207,1,1,1,1,1.0,0,,,,,1,Hombre,29,841,8,Postgrado,Superior,2,,,,,3,,,,,,,,,,,,,,,,,,,,,,,,,,,,,,,,,9,6,0,1.0,1.0
42259,2,1,2,1,1.0,0,,,,,1,Hombre,27,729,6,Tecnica/tecnologica,Superior,2,,,,,3,,,,,,,,,,,,,,,,,,,,,,,,,,,,,,,,,9,6,0,1.0,1.0
42279,1,1,1,0,,1,,,,,1,Hombre,28,784,7,Universitaria,Superior,2,,1.0,,,3,,,,,,,,,,,,,,,,,,,,,,,,,,,,,,,,,9,2,0,1.0,1.0
42280,3,1,3,0,,1,,,,,1,Hombre,54,2916,6,Tecnica/tecnologica,Superior,2,,1.0,,,3,,,,,,,,,,,,,,,,,,,,,,,,,,,,,,,,,9,5,1,1.0,1.0
42302,1,1,1,1,1.0,0,50000.0,10.819778284410283,60.0,1000.0,1,Hombre,31,961,5,Media,Media,1,1.0,,,,3,5.0,1.0,30.0,1.0,mil pesos,,,1.0,,,,,,,1.0,,,2.0,2.0,2.0,2.0,2.0,1.0,1.0,2.0,1.0,1.0,1.0,2.0,2.0,2.0,2.0,9,6,0,1.0,1.0
42308,1,1,1,1,1.0,0,,,2.0,5000.0,1,Hombre,35,1225,5,Media,Media,1,,,,,3,2.0,2.0,,1.0,CINCO MIL PESOS,,,,1.0,,,,,,2.0,,,2.0,2.0,2.0,2.0,2.0,1.0,2.0,2.0,1.0,1.0,2.0,1.0,2.0,2.0,1.0,9,2,2,1.0,1.0
42310,6,1,6,0,,1,5000.0,8.517193191416238,1.0,5000.0,1,Hombre,30,900,5,Media,Media,1,,1.0,,,2,2.0,1.0,1.0,1.0,CINCO MIL PESOS,,,,1.0,,,,,,2.0,,,2.0,2.0,2.0,1.0,2.0,2.0,2.0,2.0,2.0,2.0,1.0,2.0,2.0,2.0,2.0,1,2,1,1.0,1.0
42346,3,1,3,0,,1,,,,,1,Hombre,30,900,6,Tecnica/tecnologica,Superior,2,,,1.0,,3,,,,,,,,,,,,,,,,,,,,,,,,,,,,,,,,,9,6,0,1.0,1.0
42356,1,1,1,0,,1,,,,,1,Hombre,27,729,5,Media,Media,2,,1.0,,,3,,,,,,,,,,,,,,,,,,,,,,,,,,,,,,,,,9,2,2,1.0,1.0
42359,2,1,2,0,,1,,,,,2,Mujer,35,1225,6,Tecnica/tecnologica,Superior,2,,1.0,,,1,,,,,,,,,,,,,,,,,,,,,,,,,,,,,,,,,9,2,1,1.0,2.0
42381,3,1,3,1,1.0,0,,,,,1,Hombre,18,324,5,Media,Media,2,,,,,3,,,,,,,,,,,,,,,,,,,,,,,,,,,,,,,,,5,6,0,1.0,1.0
42412,1,1,1,0,,1,,,,,2,Mujer,58,3364,3,Basica primaria,Baja,2,,1.0,,,3,,,,,,,,,,,,,,,,,,,,,,,,,,,,,,,,,1,5,3,1.0,2.0
42415,1,1,1,1,1.0,0,,,,,2,Mujer,40,1600,8,Postgrado,Superior,2,,,,,3,,,,,,,,,,,,,,,,,,,,,,,,,,,,,,,,,9,5,1,1.0,2.0
42460,1,1,1,0,,1,,,,,1,Hombre,39,1521,5,Media,Media,2,,1.0,,,3,,,,,,,,,,,,,,,,,,,,,,,,,,,,,,,,,9,6,0,1.0,1.0
42469,1,1,1,1,1.0,0,30000.0,10.308952660644293,10.0,5000.0,2,Mujer,22,484,6,Tecnica/tecnologica,Superior,1,1.0,,,,3,5.0,1.0,30.0,1.0,CINCO MIL PESOS,,,1.0,1.0,,,,,,1.0,,,2.0,1.0,1.0,2.0,2.0,2.0,2.0,2.0,2.0,2.0,1.0,2.0,1.0,2.0,1.0,9,6,0,1.0,2.0
42482,3,1,3,1,1.0,0,,,,,1,Hombre,25,625,7,Universitaria,Superior,2,,,,,3,,,,,,,,,,,,,,,,,,,,,,,,,,,,,,,,,9,6,0,2.0,1.0
42504,1,1,1,0,,1,,,,,1,Hombre,42,1764,4,Basica secundaria,Media,2,,1.0,,,3,,,,,,,,,,,,,,,,,,,,,,,,,,,,,,,,,9,6,0,1.0,1.0
42505,2,1,2,0,,1,30000.0,10.308952660644293,6.0,5000.0,1,Hombre,30,900,6,Tecnica/tecnologica,Superior,1,,1.0,,,1,3.0,1.0,4.0,1.0,CINCO MIL PESOS,,,,1.0,,,,,,2.0,,,2.0,2.0,2.0,2.0,2.0,2.0,2.0,1.0,2.0,1.0,1.0,1.0,1.0,1.0,1.0,9,6,2,1.0,1.0
42509,1,1,1,0,,1,,,,,1,Hombre,32,1024,5,Media,Media,2,,1.0,,,3,,,,,,,,,,,,,,,,,,,,,,,,,,,,,,,,,1,2,0,1.0,1.0
42539,1,1,1,0,,1,,,,,1,Hombre,24,576,5,Media,Media,2,,1.0,,,3,,,,,,,,,,,,,,,,,,,,,,,,,,,,,,,,,1,3,2,1.0,1.0
42541,2,1,2,0,,1,,,,,1,Hombre,26,676,5,Media,Media,2,,1.0,,,3,,,,,,,,,,,,,,,,,,,,,,,,,,,,,,,,,1,3,2,1.0,1.0
42581,2,1,2,0,,1,,,,,1,Hombre,36,1296,5,Media,Media,2,,1.0,,,3,,,,,,,,,,,,,,,,,,,,,,,,,,,,,,,,,1,2,0,1.0,1.0
42585,1,1,1,0,,1,,,,,1,Hombre,30,900,5,Media,Media,2,,1.0,,,3,,,,,,,,,,,,,,,,,,,,,,,,,,,,,,,,,9,2,1,1.0,1.0
42598,1,1,1,1,1.0,0,100000.0,11.512925464970229,20.0,5000.0,2,Mujer,29,841,7,Universitaria,Superior,1,1.0,1.0,1.0,,3,5.0,1.0,20.0,1.0,CINCO MIL PESOS,,,1.0,1.0,,1.0,,,,1.0,,,2.0,2.0,2.0,1.0,2.0,1.0,2.0,2.0,2.0,2.0,2.0,2.0,2.0,2.0,2.0,9,6,0,1.0,2.0
42600,5,1,5,0,,1,,,,,2,Mujer,22,484,6,Tecnica/tecnologica,Superior,2,,1.0,,,3,,,,,,,,,,,,,,,,,,,,,,,,,,,,,,,,,9,5,1,1.0,2.0
42617,1,1,1,0,,1,,,,,1,Hombre,53,2809,6,Tecnica/tecnologica,Superior,2,,1.0,,,3,,,,,,,,,,,,,,,,,,,,,,,,,,,,,,,,,9,5,1,1.0,1.0
42636,1,1,1,1,1.0,0,,,,,1,Hombre,25,625,4,Basica secundaria,Media,2,,,,,3,,,,,,,,,,,,,,,,,,,,,,,,,,,,,,,,,1,2,2,1.0,1.0
42647,2,1,2,1,1.0,0,,,,,2,Mujer,21,441,4,Basica secundaria,Media,2,,,,,3,,,,,,,,,,,,,,,,,,,,,,,,,,,,,,,,,9,1,1,1.0,2.0
42659,4,1,4,1,1.0,0,,,,,1,Hombre,27,729,7,Universitaria,Superior,2,,,,,3,,,,,,,,,,,,,,,,,,,,,,,,,,,,,,,,,9,2,1,1.0,1.0
42688,2,1,2,0,,1,,,,,2,Mujer,30,900,4,Basica secundaria,Media,2,,1.0,,,3,,,,,,,,,,,,,,,,,,,,,,,,,,,,,,,,,9,1,1,1.0,2.0
42693,1,1,1,1,1.0,0,,,,,1,Hombre,50,2500,1,Ninguno,Baja,2,,,,,3,,,,,,,,,,,,,,,,,,,,,,,,,,,,,,,,,9,4,0,1.0,1.0
42700,1,1,1,0,,1,,,,,1,Hombre,50,2500,3,Basica primaria,Baja,2,,1.0,,,3,,,,,,,,,,,,,,,,,,,,,,,,,,,,,,,,,9,2,2,1.0,1.0
42706,1,1,1,0,,1,,,,,1,Hombre,33,1089,6,Tecnica/tecnologica,Superior,2,,1.0,,,3,,,,,,,,,,,,,,,,,,,,,,,,,,,,,,,,,9,3,1,1.0,1.0
42736,1,1,1,0,,1,,,,,1,Hombre,50,2500,7,Universitaria,Superior,2,,1.0,,,3,,,,,,,,,,,,,,,,,,,,,,,,,,,,,,,,,9,3,2,1.0,1.0
42740,1,1,1,1,1.0,0,,,,5000.0,1,Hombre,33,1089,7,Universitaria,Superior,1,,,,,3,1.0,2.0,,1.0,CINCO MIL  Y DIEZ MIL,,,,1.0,,,,,,2.0,,,2.0,2.0,2.0,2.0,2.0,1.0,1.0,2.0,1.0,1.0,2.0,1.0,2.0,2.0,2.0,1,6,2,1.0,1.0
42789,3,1,3,0,,1,10000.0,9.210340371976184,3.0,3000.0,1,Hombre,21,441,7,Universitaria,Superior,1,1.0,1.0,,,3,4.0,1.0,2.0,1.0,TRES MIL,,,,1.0,,,,,,1.0,,,2.0,2.0,2.0,2.0,2.0,2.0,2.0,2.0,2.0,2.0,2.0,2.0,2.0,2.0,2.0,9,6,0,1.0,1.0
42804,4,1,4,1,1.0,0,,,,,2,Mujer,19,361,7,Universitaria,Superior,2,,1.0,,,3,,,,,,,,,,,,,,,,,,,,,,,,,,,,,,,,,9,6,0,3.0,2.0
42866,1,1,1,0,,1,,,,,1,Hombre,45,2025,3,Basica primaria,Baja,2,,1.0,,,3,,,,,,,,,,,,,,,,,,,,,,,,,,,,,,,,,1,2,6,1.0,1.0
42890,1,1,1,0,,1,,,,,1,Hombre,31,961,6,Tecnica/tecnologica,Superior,2,,1.0,,,3,,,,,,,,,,,,,,,,,,,,,,,,,,,,,,,,,9,2,1,1.0,1.0
42914,2,1,2,0,,1,,,1.0,5000.0,2,Mujer,21,441,6,Tecnica/tecnologica,Superior,1,,1.0,,,3,1.0,2.0,,1.0,CINCO MIL,,,,,,1.0,,,,2.0,,,2.0,2.0,2.0,2.0,2.0,2.0,2.0,2.0,2.0,2.0,2.0,2.0,2.0,2.0,2.0,9,6,0,2.0,2.0
42919,2,1,2,0,,1,,,,,2,Mujer,27,729,7,Universitaria,Superior,2,,1.0,,,3,,,,,,,,,,,,,,,,,,,,,,,,,,,,,,,,,9,2,1,1.0,2.0
42924,3,1,3,1,1.0,0,,,4.0,10000.0,1,Hombre,18,324,4,Basica secundaria,Media,1,,,,,3,3.0,2.0,,1.0,DIEZ MIL PESOS,,,,1.0,,,,,,2.0,,,2.0,2.0,1.0,2.0,2.0,1.0,1.0,2.0,1.0,2.0,2.0,1.0,2.0,2.0,2.0,9,6,0,1.0,1.0
42935,1,1,1,1,1.0,0,42000.0,10.645424897265505,14.0,3000.0,1,Hombre,22,484,5,Media,Media,1,1.0,,,,3,2.0,1.0,10.0,1.0,TRES MIL PESOS,,,,1.0,,,,,,1.0,,,2.0,2.0,2.0,2.0,2.0,1.0,1.0,2.0,2.0,2.0,2.0,2.0,2.0,2.0,2.0,9,6,0,1.0,1.0
42944,3,1,3,0,,1,,,2.0,1000.0,2,Mujer,19,361,5,Media,Media,1,,1.0,,,1,2.0,1.0,2.0,1.0,MIL PESOS,,,,1.0,,,,,,2.0,,,2.0,1.0,2.0,1.0,2.0,1.0,2.0,1.0,1.0,1.0,2.0,2.0,2.0,2.0,1.0,1,6,0,1.0,2.0
42960,1,1,1,0,,1,,,3.0,,1,Hombre,30,900,4,Basica secundaria,Media,1,,1.0,,,3,3.0,2.0,,2.0,,,,,1.0,,,,,,2.0,,,2.0,2.0,2.0,2.0,1.0,2.0,2.0,2.0,2.0,2.0,1.0,2.0,2.0,2.0,1.0,5,2,1,1.0,1.0
42971,1,1,1,1,1.0,0,35000.0,10.46310334047155,65.0,1000.0,1,Hombre,34,1156,5,Media,Media,1,1.0,1.0,,,3,5.0,1.0,30.0,1.0,MIL PESOS,,,,1.0,1.0,,,,,1.0,,,2.0,2.0,2.0,2.0,2.0,2.0,2.0,2.0,2.0,2.0,2.0,2.0,2.0,1.0,1.0,9,3,2,1.0,1.0
42981,3,1,3,1,1.0,0,100000.0,11.512925464970229,120.0,3000.0,1,Hombre,23,529,3,Basica primaria,Baja,1,,,,,3,5.0,1.0,30.0,1.0,TRES MIL PESOS,,,1.0,1.0,,,,,,2.0,,,2.0,2.0,2.0,1.0,2.0,2.0,2.0,2.0,2.0,2.0,2.0,2.0,2.0,2.0,2.0,9,6,0,1.0,1.0
43043,3,1,3,0,,1,,,,1500.0,1,Hombre,18,324,5,Media,Media,1,1.0,,,1.0,2,1.0,2.0,,1.0,MIL QUINIENTOS,,,,,,1.0,,,,1.0,,,2.0,2.0,2.0,2.0,2.0,2.0,2.0,2.0,2.0,2.0,2.0,2.0,2.0,2.0,2.0,9,6,0,1.0,1.0
43044,1,1,1,0,,1,,,,,1,Hombre,61,3721,5,Media,Media,2,,1.0,,,3,,,,,,,,,,,,,,,,,,,,,,,,,,,,,,,,,9,5,3,1.0,1.0
43048,3,1,3,0,,1,,,,,2,Mujer,27,729,5,Media,Media,2,,1.0,,,3,,,,,,,,,,,,,,,,,,,,,,,,,,,,,,,,,9,5,2,1.0,2.0
43067,3,1,3,1,1.0,0,,,,,1,Hombre,22,484,5,Media,Media,2,,,,,3,,,,,,,,,,,,,,,,,,,,,,,,,,,,,,,,,9,6,0,1.0,1.0
43090,1,1,1,0,,1,,,,,1,Hombre,36,1296,8,Postgrado,Superior,2,,1.0,,,3,,,,,,,,,,,,,,,,,,,,,,,,,,,,,,,,,9,6,0,1.0,1.0
43097,3,1,3,0,,1,,,,,2,Mujer,19,361,5,Media,Media,2,,1.0,,,3,,,,,,,,,,,,,,,,,,,,,,,,,,,,,,,,,9,6,0,1.0,2.0
43107,4,1,4,1,1.0,0,10000.0,9.210340371976184,3.0,3000.0,1,Hombre,25,625,7,Universitaria,Superior,1,1.0,,,,3,4.0,1.0,4.0,1.0,TRES MIL PESOS,,1.0,,,,,,,,1.0,,,2.0,2.0,2.0,2.0,2.0,2.0,2.0,2.0,2.0,2.0,2.0,2.0,2.0,2.0,2.0,9,6,0,1.0,1.0
43124,1,1,1,1,1.0,0,,,,,1,Hombre,36,1296,6,Tecnica/tecnologica,Superior,2,,1.0,1.0,,3,,,,,,,,,,,,,,,,,,,,,,,,,,,,,,,,,9,5,2,1.0,1.0
43136,1,1,1,1,1.0,0,,,,,1,Hombre,63,3969,3,Basica primaria,Baja,2,,,,,3,,,,,,,,,,,,,,,,,,,,,,,,,,,,,,,,,9,5,6,1.0,1.0
43140,3,1,3,0,,1,6000.0,8.699514748210191,4.0,1000.0,1,Hombre,56,3136,3,Basica primaria,Baja,1,,,1.0,,3,4.0,1.0,15.0,1.0,SEIS MIL,,,1.0,,,,,,,2.0,,,2.0,2.0,2.0,2.0,2.0,2.0,1.0,2.0,1.0,1.0,1.0,2.0,2.0,2.0,2.0,1,5,1,1.0,1.0
43141,2,1,2,1,1.0,0,,,1.0,,1,Hombre,14,196,4,Basica secundaria,Media,1,,,,,3,2.0,2.0,,2.0,,,,,1.0,,,,,,2.0,,,2.0,2.0,2.0,2.0,2.0,2.0,2.0,2.0,2.0,2.0,2.0,2.0,2.0,2.0,2.0,9,6,0,,
43152,1,1,1,1,1.0,0,15000.0,9.615805480084347,3.0,5000.0,1,Hombre,38,1444,5,Media,Media,1,,,,,3,2.0,1.0,3.0,1.0,CINCO MIL PESOS,,,,1.0,,,,,,2.0,,,2.0,2.0,2.0,2.0,2.0,2.0,2.0,2.0,2.0,2.0,2.0,2.0,2.0,2.0,2.0,9,2,1,1.0,1.0
43165,1,1,1,0,,1,,,,,1,Hombre,63,3969,7,Universitaria,Superior,2,,1.0,,,3,,,,,,,,,,,,,,,,,,,,,,,,,,,,,,,,,9,3,0,1.0,1.0
43205,3,1,3,1,1.0,0,,,,,1,Hombre,38,1444,6,Tecnica/tecnologica,Superior,2,,,,,3,,,,,,,,,,,,,,,,,,,,,,,,,,,,,,,,,5,6,1,1.0,1.0
43211,1,1,1,1,1.0,0,400000.0,12.89921982609012,60.0,2000.0,1,Hombre,23,529,7,Universitaria,Superior,1,1.0,,,,3,5.0,1.0,30.0,1.0,DOS MIL PESOS,,,,1.0,,,,,,1.0,,,2.0,2.0,1.0,1.0,1.0,1.0,1.0,2.0,1.0,1.0,1.0,1.0,1.0,1.0,1.0,9,6,0,1.0,1.0
43218,2,1,2,0,,1,,,,,1,Hombre,32,1024,3,Basica primaria,Baja,2,,1.0,,,3,,,,,,,,,,,,,,,,,,,,,,,,,,,,,,,,,9,6,1,1.0,1.0
43261,1,1,1,0,,1,1000.0,6.907755278982137,1.0,5000.0,1,Hombre,23,529,6,Tecnica/tecnologica,Superior,1,,1.0,,,3,3.0,1.0,2.0,1.0,CINCO MIL PESOS,,,,1.0,,,,,,2.0,,,2.0,2.0,2.0,2.0,2.0,2.0,2.0,2.0,2.0,2.0,2.0,2.0,2.0,2.0,2.0,9,6,1,1.0,1.0
43266,1,1,1,1,1.0,0,100000.0,11.512925464970229,10.0,2000.0,1,Hombre,25,625,7,Universitaria,Superior,1,1.0,,,,3,4.0,1.0,10.0,1.0,DOS MIL PESOS,,,,1.0,,,,,,1.0,,,2.0,2.0,1.0,2.0,2.0,2.0,2.0,2.0,2.0,2.0,2.0,2.0,2.0,2.0,2.0,9,6,0,1.0,1.0
43274,1,1,1,1,1.0,0,,,,,2,Mujer,23,529,4,Basica secundaria,Media,2,,,,,3,,,,,,,,,,,,,,,,,,,,,,,,,,,,,,,,,5,6,3,1.0,2.0
43286,1,1,1,1,1.0,0,,,,,2,Mujer,39,1521,4,Basica secundaria,Media,2,,1.0,,,3,,,,,,,,,,,,,,,,,,,,,,,,,,,,,,,,,9,5,3,1.0,2.0
43319,4,1,4,1,1.0,0,,,1.0,,1,Hombre,19,361,7,Universitaria,Superior,1,1.0,1.0,,,2,1.0,2.0,,2.0,,,,1.0,,,,,,,1.0,,,2.0,2.0,2.0,2.0,2.0,2.0,2.0,2.0,2.0,2.0,2.0,2.0,2.0,2.0,2.0,9,6,0,1.0,1.0
43324,1,1,1,1,1.0,0,40000.0,10.596634733096073,10.0,3500.0,1,Hombre,47,2209,3,Basica primaria,Baja,1,,,,,3,2.0,1.0,10.0,1.0,TRES MIL QUINIENTOS,,,1.0,,,,,,,2.0,,,2.0,2.0,2.0,2.0,2.0,2.0,2.0,2.0,2.0,1.0,2.0,1.0,2.0,2.0,1.0,9,6,0,1.0,1.0
43330,3,1,3,0,,1,,,1.0,,1,Hombre,30,900,7,Universitaria,Superior,1,,1.0,,,3,2.0,2.0,,2.0,,,,,1.0,,,,,,2.0,,,2.0,2.0,2.0,2.0,2.0,2.0,2.0,2.0,2.0,2.0,2.0,2.0,2.0,2.0,2.0,1,6,0,1.0,1.0
43333,5,1,5,0,,1,,,,,1,Hombre,26,676,5,Media,Media,2,,1.0,,,3,,,,,,,,,,,,,,,,,,,,,,,,,,,,,,,,,9,5,3,1.0,1.0
43364,2,1,2,0,,1,,,,,1,Hombre,33,1089,7,Universitaria,Superior,2,,1.0,,,3,,,,,,,,,,,,,,,,,,,,,,,,,,,,,,,,,9,1,0,1.0,1.0
43366,4,1,4,0,,1,,,,,1,Hombre,51,2601,5,Media,Media,2,,1.0,,,3,,,,,,,,,,,,,,,,,,,,,,,,,,,,,,,,,9,5,2,1.0,1.0
43389,1,1,1,1,1.0,0,10000.0,9.210340371976184,2.0,3000.0,1,Hombre,22,484,5,Media,Media,1,,1.0,,,3,3.0,1.0,11.0,1.0,TRES MIL PESOS,,,,1.0,,,,,,2.0,,,2.0,2.0,2.0,2.0,2.0,2.0,2.0,2.0,1.0,2.0,2.0,1.0,2.0,2.0,1.0,1,6,0,1.0,1.0
43392,1,1,1,1,1.0,0,,,,,2,Mujer,22,484,5,Media,Media,2,,1.0,1.0,,3,,,,,,,,,,,,,,,,,,,,,,,,,,,,,,,,,9,5,1,1.0,2.0
43395,1,1,1,1,1.0,0,50000.0,10.819778284410283,90.0,2500.0,1,Hombre,34,1156,7,Universitaria,Superior,1,,1.0,1.0,,3,5.0,1.0,30.0,1.0,DOS MIL QUINIENTOS PESOS,,,1.0,,,,,,,2.0,,,2.0,2.0,2.0,2.0,2.0,1.0,1.0,1.0,1.0,1.0,1.0,1.0,1.0,1.0,1.0,9,5,3,1.0,1.0
43438,1,1,1,1,1.0,0,100000.0,11.512925464970229,30.0,1000.0,1,Hombre,26,676,4,Basica secundaria,Media,1,1.0,,,,3,5.0,1.0,30.0,1.0,MIL PESOS,,,,1.0,,,,,,1.0,,,2.0,2.0,1.0,1.0,2.0,1.0,1.0,1.0,1.0,1.0,1.0,1.0,1.0,1.0,1.0,9,5,0,2.0,1.0
43456,1,1,1,0,,1,,,,,1,Hombre,31,961,5,Media,Media,2,,1.0,,,3,,,,,,,,,,,,,,,,,,,,,,,,,,,,,,,,,1,2,3,1.0,1.0
43464,2,1,2,1,1.0,0,,,1.0,4000.0,1,Hombre,23,529,6,Tecnica/tecnologica,Superior,1,1.0,1.0,,,2,2.0,2.0,,1.0,CUATRO MIL PESOS,,,,1.0,,,,,,1.0,,,2.0,2.0,2.0,2.0,2.0,2.0,2.0,2.0,2.0,1.0,2.0,2.0,2.0,2.0,2.0,9,6,0,1.0,1.0
43485,1,1,1,1,1.0,0,,,,,1,Hombre,50,2500,7,Universitaria,Superior,2,,,,,3,,,,,,,,,,,,,,,,,,,,,,,,,,,,,,,,,9,6,0,1.0,1.0
43506,1,1,1,0,,1,,,,,2,Mujer,33,1089,7,Universitaria,Superior,2,,1.0,,,3,,,,,,,,,,,,,,,,,,,,,,,,,,,,,,,,,9,6,0,1.0,2.0
43530,1,1,1,0,,1,,,,,1,Hombre,27,729,6,Tecnica/tecnologica,Superior,2,,1.0,,,3,,,,,,,,,,,,,,,,,,,,,,,,,,,,,,,,,1,2,2,1.0,1.0
43544,1,1,1,1,1.0,0,,,1.0,1000.0,1,Hombre,36,1296,7,Universitaria,Superior,1,,1.0,1.0,,3,2.0,2.0,,1.0,MIL PESOS,,,,1.0,,,,,,2.0,,,2.0,2.0,2.0,2.0,2.0,2.0,2.0,2.0,2.0,2.0,1.0,2.0,2.0,2.0,1.0,5,3,1,1.0,1.0
43553,1,1,1,0,,1,,,,,1,Hombre,39,1521,6,Tecnica/tecnologica,Superior,2,,1.0,,,3,,,,,,,,,,,,,,,,,,,,,,,,,,,,,,,,,9,2,2,1.0,1.0
43589,2,1,2,1,1.0,0,,,1.0,3000.0,1,Hombre,27,729,6,Tecnica/tecnologica,Superior,1,1.0,,,,3,3.0,2.0,,1.0,TRES MIL PESOS,,,,1.0,,,,,,1.0,,,2.0,2.0,2.0,2.0,2.0,1.0,2.0,2.0,1.0,2.0,2.0,2.0,2.0,2.0,2.0,9,6,0,1.0,1.0
43646,4,1,4,0,,1,20000.0,9.903487552536127,20.0,3000.0,1,Hombre,41,1681,3,Basica primaria,Baja,1,,1.0,,,3,4.0,1.0,20.0,1.0,TRES MIL,,,,1.0,,,,,,2.0,,,2.0,2.0,2.0,2.0,2.0,2.0,2.0,2.0,2.0,2.0,2.0,2.0,2.0,2.0,2.0,9,6,3,1.0,1.0
43653,2,1,2,0,,1,,,,,2,Mujer,23,529,5,Media,Media,2,,1.0,,,3,,,,,,,,,,,,,,,,,,,,,,,,,,,,,,,,,9,6,0,1.0,2.0
43664,3,1,3,0,,1,,,,,1,Hombre,27,729,7,Universitaria,Superior,2,,1.0,,,3,,,,,,,,,,,,,,,,,,,,,,,,,,,,,,,,,9,6,0,1.0,1.0
43674,2,1,2,0,,1,,,,,1,Hombre,20,400,5,Media,Media,2,,,,1.0,9,,,,,,,,,,,,,,,,,,,,,,,,,,,,,,,,,9,6,0,1.0,1.0
43709,2,1,2,1,1.0,0,,,,,2,Mujer,31,961,5,Media,Media,2,,,,,3,,,,,,,,,,,,,,,,,,,,,,,,,,,,,,,,,9,2,1,1.0,2.0
43710,1,1,1,1,1.0,0,,,,,2,Mujer,43,1849,5,Media,Media,2,,,,,3,,,,,,,,,,,,,,,,,,,,,,,,,,,,,,,,,9,6,2,1.0,2.0
43724,3,1,3,0,,1,,,,,2,Mujer,18,324,5,Media,Media,2,,1.0,,,3,,,,,,,,,,,,,,,,,,,,,,,,,,,,,,,,,9,6,0,1.0,2.0
43729,2,1,2,1,1.0,0,,,,,1,Hombre,33,1089,5,Media,Media,2,,1.0,,,3,,,,,,,,,,,,,,,,,,,,,,,,,,,,,,,,,9,5,0,1.0,1.0
43734,2,1,2,0,,1,,,,,2,Mujer,30,900,5,Media,Media,2,,1.0,,,3,,,,,,,,,,,,,,,,,,,,,,,,,,,,,,,,,9,2,2,1.0,2.0
43736,2,1,2,1,1.0,0,20000.0,9.903487552536127,3.0,10000.0,1,Hombre,21,441,7,Universitaria,Superior,1,,,,,2,3.0,1.0,3.0,1.0,DIEZ MIL PESOS,,,,1.0,,,1.0,,,2.0,,,1.0,1.0,2.0,2.0,2.0,2.0,1.0,2.0,2.0,2.0,1.0,2.0,2.0,2.0,2.0,9,6,0,1.0,1.0
43748,2,1,2,0,,1,,,,,1,Hombre,39,1521,6,Tecnica/tecnologica,Superior,2,,1.0,,,3,,,,,,,,,,,,,,,,,,,,,,,,,,,,,,,,,9,5,1,1.0,1.0
43782,1,1,1,0,,1,,,,,1,Hombre,53,2809,3,Basica primaria,Baja,2,,1.0,,,3,,,,,,,,,,,,,,,,,,,,,,,,,,,,,,,,,9,5,2,1.0,1.0
43797,2,1,2,0,,1,,,,,2,Mujer,30,900,5,Media,Media,2,,1.0,,,3,,,,,,,,,,,,,,,,,,,,,,,,,,,,,,,,,9,6,4,1.0,2.0
43804,3,1,3,0,,1,,,,,1,Hombre,26,676,5,Media,Media,2,,1.0,,,9,,,,,,,,,,,,,,,,,,,,,,,,,,,,,,,,,1,5,1,1.0,1.0
43810,2,1,2,0,,1,40000.0,10.596634733096073,45.0,2000.0,1,Hombre,18,324,4,Basica secundaria,Media,1,,1.0,,,3,4.0,1.0,20.0,1.0,DOS MIL PESOS,,,1.0,1.0,,,,,,2.0,,,2.0,2.0,2.0,2.0,2.0,1.0,1.0,1.0,1.0,1.0,1.0,1.0,1.0,2.0,1.0,9,6,0,1.0,1.0
43818,1,1,1,0,,1,,,,,1,Hombre,65,4225,3,Basica primaria,Baja,2,,,,1.0,9,,,,,,,,,,,,,,,,,,,,,,,,,,,,,,,,,9,3,2,1.0,1.0
43823,3,1,3,0,,1,,,,,2,Mujer,31,961,7,Universitaria,Superior,2,,1.0,,,3,,,,,,,,,,,,,,,,,,,,,,,,,,,,,,,,,9,2,0,1.0,2.0
43831,2,1,2,0,,1,,,,,1,Hombre,41,1681,5,Media,Media,2,,1.0,,,3,,,,,,,,,,,,,,,,,,,,,,,,,,,,,,,,,9,6,1,1.0,1.0
43836,3,1,3,0,,1,,,,,1,Hombre,18,324,6,Tecnica/tecnologica,Superior,2,,1.0,,,3,,,,,,,,,,,,,,,,,,,,,,,,,,,,,,,,,9,6,0,1.0,1.0
43842,1,1,1,1,1.0,0,,,,,1,Hombre,40,1600,5,Media,Media,2,,,,,3,,,,,,,,,,,,,,,,,,,,,,,,,,,,,,,,,9,2,1,1.0,1.0
43843,4,1,4,1,1.0,0,12000.0,9.392661928770137,4.0,3000.0,1,Hombre,23,529,5,Media,Media,1,1.0,,,,3,4.0,1.0,4.0,1.0,TRES MIL PESOS,,,1.0,,,,,,,1.0,,,2.0,2.0,2.0,1.0,1.0,2.0,2.0,2.0,2.0,1.0,2.0,2.0,2.0,2.0,2.0,9,6,0,1.0,1.0
43874,1,1,1,1,1.0,0,,,,,1,Hombre,25,625,7,Universitaria,Superior,2,,,,,3,,,,,,,,,,,,,,,,,,,,,,,,,,,,,,,,,9,6,0,1.0,1.0
43897,4,1,4,1,1.0,0,50000.0,10.819778284410283,15.0,3000.0,1,Hombre,20,400,5,Media,Media,1,1.0,1.0,,,1,5.0,1.0,30.0,1.0,TRES MIL PESOS,,,1.0,,,,,,,1.0,,,2.0,2.0,2.0,1.0,2.0,2.0,2.0,2.0,2.0,2.0,2.0,2.0,2.0,2.0,2.0,9,6,0,1.0,1.0
43912,2,1,2,1,1.0,0,,,,,2,Mujer,40,1600,4,Basica secundaria,Media,2,,,,,3,,,,,,,,,,,,,,,,,,,,,,,,,,,,,,,,,9,2,2,1.0,2.0
43914,2,1,2,0,,1,,,,,1,Hombre,54,2916,5,Media,Media,2,,1.0,,,3,,,,,,,,,,,,,,,,,,,,,,,,,,,,,,,,,9,6,0,1.0,1.0
43925,1,1,1,1,1.0,0,30000.0,10.308952660644293,2.0,15000.0,2,Mujer,25,625,8,Postgrado,Superior,1,1.0,,,,3,2.0,1.0,2.0,1.0,QUINCE MIL PESOS,,,,,,,1.0,,,1.0,,,2.0,2.0,2.0,2.0,2.0,1.0,1.0,2.0,2.0,2.0,2.0,2.0,2.0,2.0,2.0,9,6,0,1.0,2.0
43934,2,1,2,0,,1,,,1.0,6000.0,1,Hombre,19,361,7,Universitaria,Superior,1,,1.0,,1.0,3,2.0,2.0,,1.0,SEIS MIL PESOS,,,,1.0,,,1.0,,,2.0,,,1.0,2.0,2.0,2.0,2.0,2.0,2.0,2.0,2.0,2.0,2.0,2.0,2.0,2.0,2.0,9,6,0,1.0,1.0
43949,1,1,1,0,,1,,,,,1,Hombre,58,3364,3,Basica primaria,Baja,2,,1.0,,,3,,,,,,,,,,,,,,,,,,,,,,,,,,,,,,,,,9,3,0,1.0,1.0
43960,3,1,3,0,,1,,,,,2,Mujer,29,841,7,Universitaria,Superior,2,,,,1.0,3,,,,,,,,,,,,,,,,,,,,,,,,,,,,,,,,,9,6,0,1.0,2.0
43964,1,1,1,1,1.0,0,100000.0,11.512925464970229,30.0,2000.0,1,Hombre,29,841,7,Universitaria,Superior,1,,,,,1,5.0,1.0,30.0,1.0,DOS MIL PESOS,,,1.0,,,,,,,2.0,,,2.0,2.0,2.0,2.0,2.0,2.0,2.0,2.0,2.0,2.0,2.0,2.0,2.0,2.0,2.0,9,2,1,1.0,1.0
43993,3,1,3,0,,1,,,,,1,Hombre,45,2025,5,Media,Media,2,,1.0,,,3,,,,,,,,,,,,,,,,,,,,,,,,,,,,,,,,,9,6,0,1.0,1.0
44032,1,1,1,1,1.0,0,,,,,1,Hombre,42,1764,3,Basica primaria,Baja,9,,,,,9,,,,,,,,,,,,,,,,,,,,,,,,,,,,,,,,,9,2,2,1.0,1.0
44035,2,1,2,1,1.0,0,,,,,1,Hombre,28,784,6,Tecnica/tecnologica,Superior,2,,,,,3,,,,,,,,,,,,,,,,,,,,,,,,,,,,,,,,,9,2,1,1.0,2.0
44043,1,1,1,0,,1,,,,,1,Hombre,27,729,7,Universitaria,Superior,2,,1.0,,,3,,,,,,,,,,,,,,,,,,,,,,,,,,,,,,,,,9,6,0,1.0,1.0
44054,3,1,3,0,,1,,,,,1,Hombre,30,900,4,Basica secundaria,Media,2,,1.0,,,3,,,,,,,,,,,,,,,,,,,,,,,,,,,,,,,,,9,6,1,1.0,1.0
44058,4,1,4,1,1.0,0,,,,,1,Hombre,20,400,5,Media,Media,2,,,,,3,,,,,,,,,,,,,,,,,,,,,,,,,,,,,,,,,9,6,0,1.0,1.0
44114,1,1,1,0,,1,,,,,1,Hombre,46,2116,4,Basica secundaria,Media,2,,1.0,,,3,,,,,,,,,,,,,,,,,,,,,,,,,,,,,,,,,9,6,0,1.0,1.0
44122,3,1,3,1,1.0,0,16000.0,9.680344001221918,60.0,8000.0,1,Hombre,16,256,3,Basica primaria,Baja,1,1.0,,,,3,5.0,1.0,30.0,1.0,OCHO MIL PESOS,,,1.0,1.0,1.0,,,,,1.0,,,2.0,2.0,2.0,1.0,1.0,2.0,2.0,2.0,2.0,1.0,1.0,2.0,2.0,1.0,2.0,5,6,0,,
44146,2,1,2,0,,1,,,2.0,500.0,2,Mujer,19,361,5,Media,Media,1,,1.0,,,2,3.0,2.0,,1.0,QUINIENTOS,,,,,1.0,,,,,2.0,,,2.0,2.0,2.0,2.0,2.0,2.0,2.0,2.0,2.0,2.0,2.0,2.0,2.0,2.0,2.0,9,6,0,2.0,2.0
44217,3,1,3,0,,1,,,,,1,Hombre,21,441,4,Basica secundaria,Media,2,,1.0,,,3,,,,,,,,,,,,,,,,,,,,,,,,,,,,,,,,,5,5,1,1.0,1.0
44238,1,1,1,0,,1,,,,,1,Hombre,52,2704,4,Basica secundaria,Media,2,,1.0,,,3,,,,,,,,,,,,,,,,,,,,,,,,,,,,,,,,,9,5,2,1.0,1.0
44256,3,1,3,1,1.0,0,,,,,2,Mujer,21,441,6,Tecnica/tecnologica,Superior,2,,,,,3,,,,,,,,,,,,,,,,,,,,,,,,,,,,,,,,,9,6,0,1.0,2.0
44305,1,1,1,0,,1,,,,,1,Hombre,23,529,6,Tecnica/tecnologica,Superior,2,,1.0,,,3,,,,,,,,,,,,,,,,,,,,,,,,,,,,,,,,,1,6,0,1.0,1.0
44345,1,1,1,0,,1,,,,,1,Hombre,50,2500,3,Basica primaria,Baja,2,,1.0,,,3,,,,,,,,,,,,,,,,,,,,,,,,,,,,,,,,,9,2,5,1.0,1.0
44358,1,1,1,1,1.0,0,,,,,1,Hombre,49,2401,5,Media,Media,2,,,,,3,,,,,,,,,,,,,,,,,,,,,,,,,,,,,,,,,9,3,2,1.0,1.0
44388,1,1,1,0,,1,,,,,1,Hombre,31,961,7,Universitaria,Superior,2,,1.0,,,3,,,,,,,,,,,,,,,,,,,,,,,,,,,,,,,,,9,2,1,1.0,1.0
44389,5,1,5,0,,1,,,1.0,1000.0,1,Hombre,24,576,7,Universitaria,Superior,1,,1.0,,,3,2.0,2.0,,1.0,MIL PESOS,,,,1.0,,,,,,2.0,,,2.0,2.0,2.0,2.0,2.0,2.0,2.0,2.0,2.0,2.0,2.0,2.0,2.0,2.0,2.0,9,6,0,1.0,1.0
44398,1,1,1,1,1.0,0,5000.0,8.517193191416238,3.0,2000.0,1,Hombre,27,729,3,Basica primaria,Baja,1,,,,,3,4.0,1.0,5.0,1.0,DOS MIL PESOS,,,1.0,,,,,,,2.0,,,2.0,2.0,2.0,2.0,2.0,2.0,2.0,2.0,2.0,2.0,2.0,2.0,2.0,2.0,2.0,9,2,1,1.0,1.0
44405,2,1,2,1,1.0,0,,,,,1,Hombre,32,1024,7,Universitaria,Superior,2,,,,,3,,,,,,,,,,,,,,,,,,,,,,,,,,,,,,,,,9,2,1,1.0,1.0
44430,1,1,1,1,1.0,0,180000.0,12.100712129872347,60.0,4000.0,1,Hombre,28,784,4,Basica secundaria,Media,1,,1.0,,,3,5.0,1.0,30.0,1.0,CUATRO MIL,,,1.0,,,,,,,2.0,,,2.0,2.0,2.0,2.0,2.0,2.0,2.0,2.0,2.0,2.0,2.0,2.0,2.0,2.0,2.0,9,6,0,1.0,1.0
44448,1,1,1,1,1.0,0,,,,,2,Mujer,48,2304,3,Basica primaria,Baja,2,,,,,3,,,,,,,,,,,,,,,,,,,,,,,,,,,,,,,,,9,6,1,1.0,2.0
44452,2,1,2,0,,1,,,,,1,Hombre,18,324,7,Universitaria,Superior,2,,1.0,,,3,,,,,,,,,,,,,,,,,,,,,,,,,,,,,,,,,9,6,0,1.0,1.0
44461,5,1,5,0,,1,,,,,2,Mujer,29,841,5,Media,Media,2,,1.0,,,3,,,,,,,,,,,,,,,,,,,,,,,,,,,,,,,,,9,6,4,1.0,2.0
44466,3,1,3,1,1.0,0,,,,,1,Hombre,23,529,7,Universitaria,Superior,2,,,,,3,,,,,,,,,,,,,,,,,,,,,,,,,,,,,,,,,9,6,0,1.0,1.0
44476,1,1,1,1,1.0,0,90000.0,11.407564949312402,90.0,2000.0,1,Hombre,44,1936,4,Basica secundaria,Media,1,,1.0,,,3,5.0,1.0,30.0,1.0,DOS MIL PESOS,,,1.0,1.0,,,,,,2.0,,,2.0,2.0,2.0,2.0,2.0,2.0,2.0,2.0,2.0,2.0,2.0,2.0,2.0,2.0,2.0,9,6,1,1.0,1.0
44481,3,1,3,1,1.0,0,40000.0,10.596634733096073,20.0,4000.0,1,Hombre,32,1024,6,Tecnica/tecnologica,Superior,1,,,,,3,5.0,1.0,30.0,1.0,CUATRO MIL PESOS,,,,,,1.0,,,,2.0,,,2.0,2.0,2.0,2.0,2.0,2.0,2.0,2.0,2.0,2.0,2.0,2.0,2.0,2.0,2.0,9,6,0,1.0,1.0
44516,1,1,1,1,1.0,0,,,,,1,Hombre,32,1024,6,Tecnica/tecnologica,Superior,2,,1.0,,,3,,,,,,,,,,,,,,,,,,,,,,,,,,,,,,,,,1,3,0,1.0,1.0
44527,1,1,1,1,1.0,0,30000.0,10.308952660644293,30.0,3000.0,1,Hombre,46,2116,5,Media,Media,1,,,,,3,5.0,1.0,30.0,1.0,TRES MIL PESOS,,,1.0,1.0,,,,,,2.0,,,2.0,2.0,2.0,2.0,2.0,2.0,2.0,2.0,2.0,2.0,2.0,2.0,2.0,2.0,2.0,9,6,0,1.0,1.0
44529,4,1,4,0,,1,,,,,2,Mujer,25,625,6,Tecnica/tecnologica,Superior,2,,1.0,,,3,,,,,,,,,,,,,,,,,,,,,,,,,,,,,,,,,9,1,1,1.0,2.0
44532,3,1,3,0,,1,,,,,1,Hombre,19,361,3,Basica primaria,Baja,2,,1.0,,,3,,,,,,,,,,,,,,,,,,,,,,,,,,,,,,,,,9,1,2,1.0,1.0
44560,2,1,2,1,1.0,0,,,3.0,2000.0,1,Hombre,30,900,6,Tecnica/tecnologica,Superior,1,,1.0,1.0,,3,2.0,2.0,,1.0,DOS MIL PESOS,,,1.0,,,,,,,2.0,,,1.0,2.0,2.0,1.0,2.0,2.0,2.0,1.0,1.0,1.0,1.0,1.0,2.0,2.0,2.0,9,6,0,1.0,1.0
44565,2,1,2,1,1.0,0,,,2.0,2500.0,1,Hombre,18,324,5,Media,Media,1,,,,,9,2.0,2.0,,1.0,DOS MIL QUINIENTOS PESOS MCTE,,,,1.0,,,,,,2.0,,,1.0,2.0,1.0,1.0,1.0,2.0,2.0,2.0,1.0,1.0,1.0,1.0,2.0,2.0,1.0,9,6,0,1.0,1.0
44573,2,1,2,0,,1,,,,,1,Hombre,29,841,5,Media,Media,2,,1.0,,,3,,,,,,,,,,,,,,,,,,,,,,,,,,,,,,,,,9,2,1,1.0,1.0
44626,1,1,1,0,,1,,,,,1,Hombre,29,841,5,Media,Media,2,,1.0,,,3,,,,,,,,,,,,,,,,,,,,,,,,,,,,,,,,,9,2,0,1.0,1.0
44633,1,1,1,1,1.0,0,,,,,1,Hombre,51,2601,5,Media,Media,2,,,,,3,,,,,,,,,,,,,,,,,,,,,,,,,,,,,,,,,9,3,2,1.0,1.0
44634,3,1,3,0,,1,,,,,1,Hombre,39,1521,4,Basica secundaria,Media,2,,1.0,,,3,,,,,,,,,,,,,,,,,,,,,,,,,,,,,,,,,9,6,2,1.0,1.0
44644,1,1,1,1,1.0,0,,,,,1,Hombre,30,900,6,Tecnica/tecnologica,Superior,2,,,,,3,,,,,,,,,,,,,,,,,,,,,,,,,,,,,,,,,9,3,0,1.0,1.0
44649,1,1,1,0,,1,,,,,2,Mujer,57,3249,1,Ninguno,Baja,2,,1.0,,,3,,,,,,,,,,,,,,,,,,,,,,,,,,,,,,,,,9,5,5,1.0,2.0
44653,1,1,1,0,,1,,,,,1,Hombre,45,2025,8,Postgrado,Superior,2,,1.0,,,3,,,,,,,,,,,,,,,,,,,,,,,,,,,,,,,,,9,3,0,1.0,1.0
44681,3,1,3,1,1.0,0,50000.0,10.819778284410283,25.0,2000.0,1,Hombre,40,1600,4,Basica secundaria,Media,1,,,,,1,4.0,1.0,20.0,1.0,DOS MIL PESOS,,,,,,1.0,,,,2.0,,,1.0,2.0,2.0,1.0,2.0,2.0,2.0,2.0,2.0,2.0,2.0,2.0,2.0,2.0,2.0,9,6,1,1.0,1.0
44685,3,1,3,0,,1,,,,,2,Mujer,28,784,7,Universitaria,Superior,2,,,,1.0,3,,,,,,,,,,,,,,,,,,,,,,,,,,,,,,,,,9,6,0,1.0,2.0
44714,1,1,1,0,,1,,,,,2,Mujer,25,625,4,Basica secundaria,Media,2,,1.0,,,3,,,,,,,,,,,,,,,,,,,,,,,,,,,,,,,,,9,6,2,1.0,2.0
44719,1,1,1,0,,1,,,,,2,Mujer,49,2401,6,Tecnica/tecnologica,Superior,2,,1.0,,,3,,,,,,,,,,,,,,,,,,,,,,,,,,,,,,,,,9,6,1,1.0,2.0
44778,2,1,2,0,,1,,,,,2,Mujer,21,441,4,Basica secundaria,Media,2,,1.0,,,3,,,,,,,,,,,,,,,,,,,,,,,,,,,,,,,,,9,2,1,1.0,2.0
44781,2,1,2,0,,1,,,,,2,Mujer,28,784,5,Media,Media,2,,1.0,,,3,,,,,,,,,,,,,,,,,,,,,,,,,,,,,,,,,9,6,1,1.0,2.0
44787,1,1,1,0,,1,,,,,2,Mujer,43,1849,3,Basica primaria,Baja,2,,1.0,,,3,,,,,,,,,,,,,,,,,,,,,,,,,,,,,,,,,9,5,2,1.0,2.0
44796,3,1,3,1,1.0,0,,,10.0,1000.0,1,Hombre,30,900,3,Basica primaria,Baja,1,,1.0,,,2,2.0,2.0,,1.0,MIL PESOS,,,1.0,,,,,,,2.0,,,1.0,2.0,2.0,2.0,2.0,2.0,2.0,2.0,2.0,2.0,2.0,2.0,2.0,2.0,2.0,9,6,0,1.0,1.0
44798,1,1,1,1,1.0,0,90000.0,11.407564949312402,30.0,3000.0,1,Hombre,34,1156,4,Basica secundaria,Media,1,,,,,3,5.0,1.0,30.0,1.0,TRES MIL PESOS,,,1.0,,,,,,,2.0,,,1.0,1.0,1.0,1.0,1.0,2.0,2.0,1.0,1.0,2.0,1.0,1.0,1.0,1.0,1.0,5,6,2,1.0,1.0
44801,1,1,1,1,1.0,0,,,,,1,Hombre,30,900,7,Universitaria,Superior,2,,,,,3,,,,,,,,,,,,,,,,,,,,,,,,,,,,,,,,,9,6,0,3.0,1.0
44846,1,1,1,1,1.0,0,20000.0,9.903487552536127,4.0,5000.0,2,Mujer,42,1764,3,Basica primaria,Baja,1,,,,,3,5.0,1.0,20.0,1.0,CINCO MIL PESOS,,,,1.0,,,,,,2.0,,,2.0,2.0,2.0,2.0,2.0,1.0,2.0,2.0,2.0,2.0,2.0,2.0,2.0,2.0,1.0,5,6,2,1.0,2.0
44848,6,1,6,1,1.0,0,140000.0,11.84939770159144,1.0,4000.0,1,Hombre,34,1156,5,Media,Media,1,1.0,1.0,,,3,5.0,1.0,30.0,1.0,CUATRO MIL PESOS,,,1.0,1.0,,,,,,1.0,,,1.0,1.0,1.0,1.0,1.0,1.0,1.0,1.0,1.0,1.0,1.0,1.0,1.0,1.0,1.0,9,6,0,1.0,1.0
44867,1,1,1,0,,1,,,,,2,Mujer,26,676,6,Tecnica/tecnologica,Superior,2,,,,1.0,3,,,,,,,,,,,,,,,,,,,,,,,,,,,,,,,,,9,3,1,1.0,2.0
44868,2,1,2,1,1.0,0,,,,,1,Hombre,27,729,7,Universitaria,Superior,2,,,,,3,,,,,,,,,,,,,,,,,,,,,,,,,,,,,,,,,9,6,0,1.0,1.0
44899,1,1,1,0,,1,,,,,2,Mujer,54,2916,3,Basica primaria,Baja,2,,1.0,,,3,,,,,,,,,,,,,,,,,,,,,,,,,,,,,,,,,9,6,5,1.0,1.0
44924,1,1,1,0,,1,45000.0,10.714417768752456,30.0,1500.0,1,Hombre,38,1444,5,Media,Media,1,1.0,1.0,,,3,5.0,1.0,30.0,1.0,MIL QUINIENTOS PESOS,,,,1.0,,,,,,1.0,,,2.0,2.0,2.0,2.0,2.0,2.0,2.0,2.0,2.0,2.0,2.0,2.0,2.0,2.0,2.0,9,6,0,1.0,1.0
44930,1,1,1,1,1.0,0,,,,,1,Hombre,30,900,3,Basica primaria,Baja,2,,,,,3,,,,,,,,,,,,,,,,,,,,,,,,,,,,,,,,,9,2,1,1.0,1.0
44946,1,1,1,0,,1,,,,,1,Hombre,45,2025,5,Media,Media,2,,1.0,,,3,,,,,,,,,,,,,,,,,,,,,,,,,,,,,,,,,5,3,3,1.0,1.0
44955,1,1,1,0,,1,,,,,1,Hombre,32,1024,6,Tecnica/tecnologica,Superior,2,,1.0,,,3,,,,,,,,,,,,,,,,,,,,,,,,,,,,,,,,,9,6,0,1.0,1.0
44962,1,1,1,0,,1,,,,,2,Mujer,22,484,4,Basica secundaria,Media,2,,1.0,,,9,,,,,,,,,,,,,,,,,,,,,,,,,,,,,,,,,9,1,1,1.0,2.0
44991,1,1,1,0,,1,,,,,1,Hombre,52,2704,3,Basica primaria,Baja,2,,1.0,,,3,,,,,,,,,,,,,,,,,,,,,,,,,,,,,,,,,9,6,1,1.0,1.0
45017,2,1,2,0,,1,,,,,2,Mujer,41,1681,6,Tecnica/tecnologica,Superior,2,,1.0,,,3,,,,,,,,,,,,,,,,,,,,,,,,,,,,,,,,,9,3,2,1.0,2.0
45058,1,1,1,0,,1,,,,,1,Hombre,24,576,6,Tecnica/tecnologica,Superior,2,,1.0,,,3,,,,,,,,,,,,,,,,,,,,,,,,,,,,,,,,,9,6,0,3.0,1.0
45072,1,1,1,1,1.0,0,,,,,1,Hombre,60,3600,7,Universitaria,Superior,2,,,,,3,,,,,,,,,,,,,,,,,,,,,,,,,,,,,,,,,9,3,2,1.0,1.0
45134,1,1,1,1,1.0,0,,,,,1,Hombre,39,1521,5,Media,Media,2,,,,,3,,,,,,,,,,,,,,,,,,,,,,,,,,,,,,,,,1,3,3,1.0,1.0
45140,2,1,2,0,,1,,,1.0,,1,Hombre,45,2025,8,Postgrado,Superior,1,,1.0,,,3,1.0,2.0,,2.0,,,,,1.0,,,,,,2.0,,,2.0,2.0,2.0,2.0,2.0,2.0,2.0,2.0,2.0,2.0,2.0,2.0,2.0,2.0,2.0,9,5,2,1.0,1.0
45146,1,1,1,1,1.0,0,20000.0,9.903487552536127,12.0,2500.0,2,Mujer,29,841,5,Media,Media,1,,,1.0,,3,2.0,1.0,5.0,1.0,DOS MIL QUINIENTOS PESOS,,,1.0,1.0,,,,,,2.0,,,2.0,1.0,1.0,1.0,1.0,2.0,2.0,2.0,2.0,2.0,1.0,2.0,2.0,2.0,1.0,9,6,1,1.0,2.0
45151,1,1,1,0,,1,,,,,2,Mujer,56,3136,6,Tecnica/tecnologica,Superior,2,,1.0,,,3,,,,,,,,,,,,,,,,,,,,,,,,,,,,,,,,,9,3,3,1.0,2.0
45154,1,1,1,1,1.0,0,15000.0,9.615805480084347,5.0,5000.0,1,Hombre,33,1089,3,Basica primaria,Baja,1,1.0,,,,1,4.0,1.0,15.0,1.0,CINCO MIL PESOS,,,,1.0,,,,,,1.0,,,2.0,2.0,2.0,2.0,2.0,2.0,2.0,2.0,2.0,2.0,1.0,2.0,2.0,1.0,1.0,9,2,0,1.0,1.0
45159,1,1,1,0,,1,2000.0,7.600902459542082,2.0,1000.0,1,Hombre,61,3721,7,Universitaria,Superior,1,,1.0,,,3,3.0,1.0,2.0,1.0,MIL PESOS,,,,1.0,,,,,,2.0,,,2.0,2.0,2.0,2.0,2.0,2.0,2.0,2.0,2.0,2.0,1.0,2.0,2.0,2.0,2.0,9,2,1,1.0,1.0
45201,5,1,5,0,,1,40000.0,10.596634733096073,35.0,1000.0,1,Hombre,28,784,5,Media,Media,1,,1.0,,,3,5.0,1.0,30.0,1.0,MIL PESOS,,,,,,1.0,,,,2.0,,,1.0,1.0,1.0,1.0,2.0,1.0,1.0,2.0,2.0,2.0,1.0,2.0,2.0,2.0,2.0,9,6,0,1.0,1.0
45212,2,1,2,1,1.0,0,,,,,1,Hombre,26,676,5,Media,Media,2,,,,,3,,,,,,,,,,,,,,,,,,,,,,,,,,,,,,,,,9,6,0,1.0,1.0
45214,2,1,2,1,1.0,0,,,,,1,Hombre,40,1600,5,Media,Media,2,,,,,3,,,,,,,,,,,,,,,,,,,,,,,,,,,,,,,,,9,5,0,1.0,1.0
45216,1,1,1,0,,1,,,,,1,Hombre,50,2500,7,Universitaria,Superior,2,,1.0,,,3,,,,,,,,,,,,,,,,,,,,,,,,,,,,,,,,,9,2,1,1.0,1.0
45229,2,1,2,1,1.0,0,,,60.0,1500.0,2,Mujer,22,484,6,Tecnica/tecnologica,Superior,1,,,,,3,4.0,2.0,,1.0,MIL QUINIENTOS PESOS,,,1.0,1.0,1.0,1.0,1.0,,,2.0,,,1.0,1.0,1.0,1.0,1.0,1.0,1.0,1.0,1.0,1.0,1.0,1.0,1.0,1.0,1.0,9,6,0,1.0,2.0
45234,3,1,3,0,,1,,,1.0,1000.0,2,Mujer,15,225,4,Basica secundaria,Media,1,,1.0,,,3,1.0,2.0,,1.0,MIL PESOS,,,,1.0,,,,,,2.0,,,1.0,2.0,2.0,1.0,2.0,2.0,2.0,2.0,2.0,2.0,2.0,2.0,2.0,2.0,2.0,9,6,0,,
45324,9,1,9,1,1.0,0,,,,,1,Hombre,26,676,5,Media,Media,2,,,,,3,,,,,,,,,,,,,,,,,,,,,,,,,,,,,,,,,1,6,1,1.0,1.0
45327,1,1,1,0,,1,,,,,1,Hombre,41,1681,6,Tecnica/tecnologica,Superior,2,,1.0,,,3,,,,,,,,,,,,,,,,,,,,,,,,,,,,,,,,,5,1,0,1.0,1.0
45343,1,1,1,0,,1,,,,,1,Hombre,36,1296,3,Basica primaria,Baja,2,,1.0,,,3,,,,,,,,,,,,,,,,,,,,,,,,,,,,,,,,,9,2,0,1.0,1.0
45355,4,1,4,0,,1,,,1.0,,1,Hombre,17,289,4,Basica secundaria,Media,1,,1.0,,,2,1.0,2.0,,2.0,,,,,1.0,,,,,,2.0,,,2.0,2.0,2.0,2.0,2.0,2.0,2.0,2.0,2.0,2.0,2.0,2.0,2.0,2.0,2.0,9,6,0,,
45359,3,1,3,1,1.0,0,,,3.0,2000.0,1,Hombre,18,324,5,Media,Media,1,,,,,3,2.0,2.0,,1.0,DOS MIL,,,,1.0,,,,,,2.0,,,2.0,2.0,1.0,1.0,2.0,1.0,2.0,2.0,2.0,2.0,2.0,1.0,2.0,2.0,2.0,9,6,0,1.0,1.0
45363,1,1,1,0,,1,,,,,1,Hombre,35,1225,5,Media,Media,2,,1.0,,,3,,,,,,,,,,,,,,,,,,,,,,,,,,,,,,,,,9,2,6,1.0,1.0
45373,2,1,2,0,,1,,,,,2,Mujer,38,1444,5,Media,Media,2,,1.0,,,3,,,,,,,,,,,,,,,,,,,,,,,,,,,,,,,,,9,2,2,1.0,2.0
45379,2,1,2,0,,1,,,,,1,Hombre,45,2025,5,Media,Media,2,,,,1.0,3,,,,,,,,,,,,,,,,,,,,,,,,,,,,,,,,,9,1,3,1.0,1.0
45400,1,1,1,0,,1,,,,,1,Hombre,31,961,5,Media,Media,2,,1.0,,,3,,,,,,,,,,,,,,,,,,,,,,,,,,,,,,,,,9,2,2,1.0,1.0
45401,2,1,2,0,,1,,,,,2,Mujer,52,2704,3,Basica primaria,Baja,2,,1.0,,,3,,,,,,,,,,,,,,,,,,,,,,,,,,,,,,,,,9,2,2,1.0,2.0
45408,3,1,3,1,1.0,0,60000.0,11.002099841204238,30.0,2000.0,1,Hombre,25,625,4,Basica secundaria,Media,1,1.0,1.0,,,3,5.0,1.0,30.0,1.0,DPS MIL,,,1.0,,,,,,,1.0,,,1.0,1.0,1.0,1.0,2.0,1.0,1.0,1.0,1.0,1.0,1.0,1.0,1.0,1.0,1.0,9,6,1,1.0,1.0
45444,1,1,1,0,,1,,,,,1,Hombre,32,1024,7,Universitaria,Superior,2,,1.0,,,3,,,,,,,,,,,,,,,,,,,,,,,,,,,,,,,,,5,2,1,1.0,1.0
45503,2,1,2,0,,1,20000.0,9.903487552536127,60.0,1000.0,1,Hombre,20,400,5,Media,Media,1,1.0,,1.0,,3,5.0,1.0,30.0,1.0,MIL  PESOS,,,1.0,,,,,,,1.0,,,2.0,2.0,2.0,1.0,1.0,1.0,2.0,2.0,2.0,2.0,2.0,2.0,2.0,2.0,2.0,9,6,0,1.0,1.0
45505,3,1,3,1,1.0,0,,,1.0,2000.0,1,Hombre,14,196,4,Basica secundaria,Media,1,,,,,3,1.0,2.0,,1.0,DOS MIL,,,,1.0,,,,,,2.0,,,2.0,2.0,2.0,2.0,2.0,2.0,2.0,2.0,2.0,2.0,2.0,2.0,2.0,2.0,2.0,9,6,0,,
45535,1,1,1,0,,1,20000.0,9.903487552536127,30.0,1500.0,1,Hombre,38,1444,6,Tecnica/tecnologica,Superior,1,1.0,,1.0,,3,5.0,1.0,30.0,1.0,MIL QUINIENTOS PESOS,,,1.0,,,,,,,1.0,,,2.0,2.0,2.0,2.0,2.0,2.0,2.0,2.0,2.0,2.0,2.0,2.0,2.0,2.0,2.0,1,6,0,1.0,1.0
45577,2,1,2,0,,1,,,,,2,Mujer,20,400,5,Media,Media,2,,1.0,,,3,,,,,,,,,,,,,,,,,,,,,,,,,,,,,,,,,9,6,0,1.0,2.0
45581,3,1,3,0,,1,,,,,1,Hombre,35,1225,6,Tecnica/tecnologica,Superior,2,,1.0,,,3,,,,,,,,,,,,,,,,,,,,,,,,,,,,,,,,,9,6,0,1.0,1.0
45597,1,1,1,0,,1,,,,,1,Hombre,39,1521,4,Basica secundaria,Media,2,,1.0,,,3,,,,,,,,,,,,,,,,,,,,,,,,,,,,,,,,,9,2,2,1.0,1.0
45610,1,1,1,0,,1,,,,,2,Mujer,37,1369,3,Basica primaria,Baja,2,,1.0,,,3,,,,,,,,,,,,,,,,,,,,,,,,,,,,,,,,,9,2,2,1.0,2.0
45653,1,1,1,0,,1,,,,,2,Mujer,54,2916,6,Tecnica/tecnologica,Superior,2,,1.0,,,3,,,,,,,,,,,,,,,,,,,,,,,,,,,,,,,,,1,6,3,1.0,2.0
45687,2,1,2,1,1.0,0,60000.0,11.002099841204238,30.0,2000.0,1,Hombre,19,361,5,Media,Media,1,,,,,3,5.0,1.0,30.0,1.0,DOS MIL PESOS,,,,1.0,1.0,,,,,2.0,,,2.0,2.0,2.0,2.0,2.0,2.0,2.0,2.0,2.0,2.0,2.0,2.0,2.0,2.0,2.0,9,6,0,1.0,1.0
45698,1,1,1,0,,1,2000.0,7.600902459542082,6.0,2000.0,2,Mujer,21,441,5,Media,Media,1,,1.0,,,3,2.0,1.0,6.0,1.0,DOS MIL PESOS,,,,1.0,,,,,,2.0,,,2.0,2.0,2.0,1.0,2.0,2.0,2.0,2.0,1.0,2.0,1.0,2.0,2.0,2.0,1.0,9,6,0,1.0,2.0
45703,1,1,1,0,,1,,,1.0,5000.0,1,Hombre,22,484,5,Media,Media,1,1.0,1.0,,,2,3.0,2.0,,1.0,CINCO MIL PESOS,,,,1.0,,,,,,1.0,,,2.0,2.0,2.0,2.0,2.0,2.0,2.0,2.0,2.0,2.0,1.0,2.0,2.0,2.0,2.0,1,6,0,1.0,1.0
45706,1,1,1,0,,1,,,,,2,Mujer,33,1089,4,Basica secundaria,Media,2,,1.0,,,3,,,,,,,,,,,,,,,,,,,,,,,,,,,,,,,,,9,6,1,1.0,2.0
45712,1,1,1,1,1.0,0,,,,,1,Hombre,62,3844,6,Tecnica/tecnologica,Superior,2,,,,,3,,,,,,,,,,,,,,,,,,,,,,,,,,,,,,,,,9,6,0,1.0,1.0
45716,1,1,1,1,1.0,0,100000.0,11.512925464970229,20.0,,1,Hombre,48,2304,7,Universitaria,Superior,1,1.0,1.0,1.0,,3,4.0,1.0,20.0,2.0,,,,,1.0,1.0,,,,,1.0,,,2.0,2.0,2.0,2.0,2.0,2.0,2.0,2.0,2.0,2.0,2.0,2.0,2.0,2.0,1.0,9,3,2,1.0,1.0
45726,2,1,2,0,,1,,,10.0,2500.0,1,Hombre,35,1225,4,Basica secundaria,Media,1,,1.0,,,3,3.0,2.0,,1.0,DOSMILQUINIENTOS,,,,1.0,,,,,,2.0,,,2.0,2.0,2.0,1.0,2.0,2.0,2.0,2.0,2.0,2.0,2.0,2.0,2.0,2.0,2.0,9,6,1,1.0,1.0
45744,6,1,6,0,,1,,,1.0,2000.0,1,Hombre,23,529,5,Media,Media,1,,1.0,,,3,2.0,2.0,,1.0,DOS MIL PESOS,,,,1.0,,,,,,2.0,,,2.0,2.0,2.0,2.0,2.0,2.0,2.0,2.0,2.0,2.0,2.0,2.0,2.0,2.0,2.0,1,6,1,1.0,1.0
45746,3,1,3,0,,1,,,,,2,Mujer,32,1024,5,Media,Media,2,,,,1.0,3,,,,,,,,,,,,,,,,,,,,,,,,,,,,,,,,,9,5,2,1.0,2.0
45770,5,1,5,0,,1,50000.0,10.819778284410283,16.0,2000.0,1,Hombre,18,324,4,Basica secundaria,Media,1,,1.0,,,3,4.0,1.0,15.0,1.0,DOS MIL PESOS,,,1.0,1.0,,,,,,2.0,,,2.0,2.0,2.0,2.0,2.0,1.0,1.0,1.0,1.0,1.0,1.0,1.0,2.0,2.0,1.0,9,6,0,1.0,1.0
45783,1,1,1,1,1.0,0,,,,,2,Mujer,32,1024,7,Universitaria,Superior,2,,,,,3,,,,,,,,,,,,,,,,,,,,,,,,,,,,,,,,,9,6,1,1.0,2.0
45794,3,1,3,1,1.0,0,10000.0,9.210340371976184,10.0,1000.0,1,Hombre,24,576,5,Media,Media,1,,,,,3,4.0,1.0,5.0,1.0,MIL PESOS,,,1.0,,,,,,,2.0,,,1.0,2.0,2.0,1.0,2.0,1.0,1.0,1.0,2.0,2.0,1.0,2.0,1.0,2.0,1.0,9,6,0,1.0,1.0
45815,1,1,1,1,1.0,0,20000.0,9.903487552536127,20.0,1000.0,1,Hombre,27,729,6,Tecnica/tecnologica,Superior,1,1.0,1.0,1.0,,3,5.0,1.0,30.0,1.0,MIL PESOS,,,,,,,,1.0,,1.0,,,2.0,2.0,2.0,2.0,2.0,2.0,1.0,2.0,2.0,2.0,2.0,2.0,2.0,2.0,2.0,5,2,0,1.0,1.0
45820,3,1,3,0,,1,25000.0,10.126631103850338,5.0,5000.0,1,Hombre,28,784,5,Media,Media,1,,1.0,,,1,3.0,1.0,3.0,1.0,CINCO MIL PESOS,,,,1.0,,,,,,2.0,,,2.0,2.0,2.0,1.0,2.0,2.0,2.0,2.0,2.0,2.0,2.0,2.0,2.0,2.0,2.0,1,6,0,2.0,3.0
45824,3,1,3,1,1.0,0,,,,,2,Mujer,16,256,5,Media,Media,2,,,,,3,,,,,,,,,,,,,,,,,,,,,,,,,,,,,,,,,9,6,0,,
45827,1,1,1,0,,1,,,,,1,Hombre,61,3721,4,Basica secundaria,Media,2,,,,1.0,9,,,,,,,,,,,,,,,,,,,,,,,,,,,,,,,,,9,2,0,1.0,1.0
45830,2,1,2,1,1.0,0,,,,,1,Hombre,30,900,5,Media,Media,2,,,,,3,,,,,,,,,,,,,,,,,,,,,,,,,,,,,,,,,9,2,0,1.0,1.0
45833,1,1,1,0,,1,,,,,1,Hombre,32,1024,8,Postgrado,Superior,2,,1.0,,,3,,,,,,,,,,,,,,,,,,,,,,,,,,,,,,,,,9,1,0,1.0,1.0
45842,1,1,1,1,1.0,0,,,1.0,2000.0,1,Hombre,22,484,7,Universitaria,Superior,1,,,,,3,1.0,2.0,,1.0,DOS MIL PESOS,,,,1.0,,,,,,2.0,,,2.0,2.0,2.0,2.0,2.0,2.0,2.0,2.0,2.0,2.0,2.0,2.0,2.0,2.0,2.0,9,6,0,1.0,1.0
45908,2,1,2,1,1.0,0,,,,,1,Hombre,36,1296,6,Tecnica/tecnologica,Superior,2,,1.0,,,3,,,,,,,,,,,,,,,,,,,,,,,,,,,,,,,,,9,6,0,1.0,1.0
45927,1,1,1,0,,1,,,,,1,Hombre,51,2601,4,Basica secundaria,Media,2,,1.0,,,3,,,,,,,,,,,,,,,,,,,,,,,,,,,,,,,,,9,6,0,1.0,1.0
45928,1,1,1,1,1.0,0,,,1.0,,2,Mujer,29,841,8,Postgrado,Superior,1,1.0,1.0,1.0,,3,3.0,2.0,,2.0,,,,,,1.0,,,,,1.0,,,2.0,2.0,2.0,2.0,2.0,1.0,1.0,1.0,1.0,1.0,1.0,2.0,1.0,2.0,1.0,9,6,0,1.0,2.0
45933,4,1,4,1,1.0,0,180000.0,12.100712129872347,60.0,3000.0,1,Hombre,18,324,5,Media,Media,1,,1.0,1.0,,3,4.0,1.0,30.0,1.0,TRES MIL PESOS,,,1.0,,,,,,,2.0,,,2.0,2.0,1.0,1.0,2.0,2.0,2.0,2.0,2.0,2.0,1.0,2.0,2.0,2.0,2.0,9,6,0,1.0,1.0
45955,1,1,1,0,,1,,,,,1,Hombre,62,3844,3,Basica primaria,Baja,2,,1.0,,,3,,,,,,,,,,,,,,,,,,,,,,,,,,,,,,,,,9,2,0,1.0,1.0
45958,1,1,1,1,1.0,0,,,,,1,Hombre,44,1936,5,Media,Media,2,,,,,3,,,,,,,,,,,,,,,,,,,,,,,,,,,,,,,,,9,5,4,1.0,1.0
45960,3,1,3,0,,1,,,,,1,Hombre,15,225,3,Basica primaria,Baja,2,,1.0,,,3,,,,,,,,,,,,,,,,,,,,,,,,,,,,,,,,,9,6,0,,
45965,2,1,2,1,1.0,0,,,,,2,Mujer,32,1024,6,Tecnica/tecnologica,Superior,2,,1.0,,,3,,,,,,,,,,,,,,,,,,,,,,,,,,,,,,,,,9,6,2,1.0,2.0
45973,4,1,4,0,,1,,,,,2,Mujer,29,841,7,Universitaria,Superior,2,,1.0,,,3,,,,,,,,,,,,,,,,,,,,,,,,,,,,,,,,,9,6,0,1.0,2.0
45975,3,1,3,0,,1,,,,,1,Hombre,33,1089,5,Media,Media,2,,1.0,,,3,,,,,,,,,,,,,,,,,,,,,,,,,,,,,,,,,9,6,0,1.0,1.0
45978,3,1,3,1,1.0,0,,,1.0,2500.0,1,Hombre,22,484,7,Universitaria,Superior,1,,1.0,,,3,1.0,2.0,,1.0,DOS MIL QUINIENTOS PESOS,,,,1.0,,,,,,2.0,,,2.0,2.0,2.0,2.0,2.0,2.0,2.0,2.0,2.0,2.0,2.0,2.0,2.0,2.0,2.0,9,6,0,1.0,1.0
45981,1,1,1,1,1.0,0,,,,,1,Hombre,33,1089,5,Media,Media,2,,,,,3,,,,,,,,,,,,,,,,,,,,,,,,,,,,,,,,,9,5,1,1.0,1.0
46003,3,1,3,0,,1,,,,,1,Hombre,26,676,7,Universitaria,Superior,2,,,1.0,,3,,,,,,,,,,,,,,,,,,,,,,,,,,,,,,,,,9,6,0,1.0,1.0
46013,1,1,1,0,,1,,,,,2,Mujer,60,3600,1,Ninguno,Baja,2,,1.0,,,3,,,,,,,,,,,,,,,,,,,,,,,,,,,,,,,,,9,5,4,1.0,2.0
46020,1,1,1,1,1.0,0,120000.0,11.695247021764184,30.0,4000.0,2,Mujer,56,3136,5,Media,Media,1,1.0,1.0,,,3,5.0,1.0,30.0,1.0,CUATRO MIL PESOS,,,1.0,,,,,,,1.0,,,2.0,1.0,1.0,1.0,2.0,1.0,1.0,1.0,1.0,1.0,1.0,1.0,1.0,1.0,1.0,9,6,6,1.0,2.0
46023,1,1,1,0,,1,,,,,2,Mujer,23,529,7,Universitaria,Superior,2,,1.0,,,3,,,,,,,,,,,,,,,,,,,,,,,,,,,,,,,,,9,6,0,1.0,2.0
46027,2,1,2,0,,1,,,,,2,Mujer,55,3025,7,Universitaria,Superior,2,,,1.0,,3,,,,,,,,,,,,,,,,,,,,,,,,,,,,,,,,,9,5,0,1.0,2.0
46071,2,1,2,0,,1,,,,,1,Hombre,34,1156,5,Media,Media,2,,1.0,,,3,,,,,,,,,,,,,,,,,,,,,,,,,,,,,,,,,9,6,1,1.0,1.0
46123,2,1,2,0,,1,,,,,1,Hombre,54,2916,8,Postgrado,Superior,2,,1.0,,,3,,,,,,,,,,,,,,,,,,,,,,,,,,,,,,,,,9,6,0,1.0,1.0
46178,1,1,1,1,1.0,0,50000.0,10.819778284410283,20.0,2500.0,1,Hombre,34,1156,7,Universitaria,Superior,1,1.0,1.0,1.0,,3,4.0,1.0,20.0,1.0,DOS MIL QUINIENTOS,,,,,1.0,,,,,1.0,,,2.0,2.0,2.0,2.0,2.0,2.0,2.0,2.0,2.0,2.0,2.0,2.0,2.0,2.0,2.0,9,3,1,1.0,1.0
46247,3,1,3,1,1.0,0,6000.0,8.699514748210191,2.0,3000.0,2,Mujer,15,225,4,Basica secundaria,Media,1,,,,,3,3.0,1.0,12.0,1.0,TRES MIL PESOS MCTE,,,,1.0,,,,,,2.0,,,2.0,2.0,1.0,1.0,2.0,1.0,1.0,2.0,1.0,1.0,1.0,2.0,2.0,2.0,1.0,9,6,0,,
46254,3,1,3,1,1.0,0,25000.0,10.126631103850338,5.0,5000.0,1,Hombre,28,784,5,Media,Media,1,,1.0,,,3,3.0,1.0,5.0,1.0,CINCO MIL PESOS,,,1.0,,,,1.0,,,2.0,,,2.0,2.0,2.0,2.0,2.0,2.0,2.0,2.0,2.0,2.0,2.0,2.0,2.0,2.0,2.0,9,6,1,1.0,1.0
46280,3,1,3,0,,1,,,,,1,Hombre,19,361,7,Universitaria,Superior,2,,1.0,,,3,,,,,,,,,,,,,,,,,,,,,,,,,,,,,,,,,9,6,0,1.0,1.0
46291,2,1,2,1,1.0,0,,,,,2,Mujer,18,324,5,Media,Media,2,,,,,3,,,,,,,,,,,,,,,,,,,,,,,,,,,,,,,,,9,6,0,1.0,2.0
46302,4,1,4,0,,1,,,,,2,Mujer,29,841,4,Basica secundaria,Media,2,,1.0,,,3,,,,,,,,,,,,,,,,,,,,,,,,,,,,,,,,,9,1,2,1.0,2.0
46324,1,1,1,1,1.0,0,,,,,1,Hombre,30,900,5,Media,Media,2,,1.0,,,3,,,,,,,,,,,,,,,,,,,,,,,,,,,,,,,,,9,6,0,1.0,1.0
46327,2,1,2,0,,1,,,,,1,Hombre,25,625,5,Media,Media,2,,1.0,,,3,,,,,,,,,,,,,,,,,,,,,,,,,,,,,,,,,9,6,0,1.0,1.0
46335,2,1,2,0,,1,,,,,1,Hombre,55,3025,4,Basica secundaria,Media,2,,1.0,,,3,,,,,,,,,,,,,,,,,,,,,,,,,,,,,,,,,9,6,0,1.0,1.0
46349,3,1,3,0,,1,,,,,1,Hombre,19,361,5,Media,Media,2,,1.0,,,3,,,,,,,,,,,,,,,,,,,,,,,,,,,,,,,,,9,6,0,1.0,1.0
46350,3,1,3,0,,1,,,,,2,Mujer,56,3136,7,Universitaria,Superior,2,,1.0,,,3,,,,,,,,,,,,,,,,,,,,,,,,,,,,,,,,,9,6,0,1.0,2.0
46353,2,1,2,0,,1,,,,,1,Hombre,28,784,7,Universitaria,Superior,2,,1.0,,,3,,,,,,,,,,,,,,,,,,,,,,,,,,,,,,,,,9,3,0,1.0,1.0
46361,4,1,4,0,,1,,,,,1,Hombre,42,1764,5,Media,Media,2,,1.0,,,3,,,,,,,,,,,,,,,,,,,,,,,,,,,,,,,,,9,6,0,1.0,1.0
46401,1,1,1,0,,1,,,,,1,Hombre,30,900,6,Tecnica/tecnologica,Superior,2,,1.0,,,3,,,,,,,,,,,,,,,,,,,,,,,,,,,,,,,,,9,6,0,1.0,1.0
46411,1,1,1,0,,1,4000.0,8.294049640102028,1.0,4000.0,1,Hombre,33,1089,5,Media,Media,1,1.0,1.0,,,3,2.0,1.0,1.0,1.0,CUATRO MIL PESOS MCTE,,,,1.0,,,,,,1.0,,,2.0,2.0,2.0,1.0,2.0,2.0,2.0,2.0,1.0,1.0,2.0,2.0,2.0,2.0,2.0,9,6,1,1.0,1.0
46423,2,1,2,0,,1,,,,,2,Mujer,18,324,7,Universitaria,Superior,2,,1.0,,,3,,,,,,,,,,,,,,,,,,,,,,,,,,,,,,,,,5,6,0,1.0,2.0
46428,3,1,3,0,,1,,,,,2,Mujer,35,1225,8,Postgrado,Superior,2,,1.0,,,3,,,,,,,,,,,,,,,,,,,,,,,,,,,,,,,,,9,6,0,1.0,2.0
46450,2,1,2,0,,1,,,,,1,Hombre,25,625,5,Media,Media,2,,1.0,,,3,,,,,,,,,,,,,,,,,,,,,,,,,,,,,,,,,9,6,2,1.0,1.0
46457,1,1,1,1,1.0,0,40000.0,10.596634733096073,10.0,4000.0,1,Hombre,39,1521,8,Postgrado,Superior,1,1.0,1.0,,,3,4.0,1.0,15.0,1.0,CUATRO MIL PESOS,,,,1.0,1.0,,,,,1.0,,,2.0,2.0,2.0,2.0,2.0,2.0,2.0,2.0,2.0,2.0,2.0,2.0,2.0,2.0,2.0,9,6,2,1.0,1.0
46473,1,1,1,0,,1,,,,,1,Hombre,42,1764,5,Media,Media,2,,1.0,,,3,,,,,,,,,,,,,,,,,,,,,,,,,,,,,,,,,9,3,2,1.0,1.0
46486,1,1,1,1,1.0,0,,,,,2,Mujer,24,576,4,Basica secundaria,Media,2,,,,,3,,,,,,,,,,,,,,,,,,,,,,,,,,,,,,,,,9,6,0,3.0,2.0
46491,2,1,2,1,1.0,0,,,,,1,Hombre,19,361,7,Universitaria,Superior,2,,,,,3,,,,,,,,,,,,,,,,,,,,,,,,,,,,,,,,,9,6,0,1.0,1.0
46493,3,1,3,0,,1,,,,,1,Hombre,24,576,7,Universitaria,Superior,2,,1.0,,,3,,,,,,,,,,,,,,,,,,,,,,,,,,,,,,,,,9,6,0,1.0,1.0
46500,1,1,1,1,1.0,0,,,,,1,Hombre,64,4096,3,Basica primaria,Baja,2,,,,,3,,,,,,,,,,,,,,,,,,,,,,,,,,,,,,,,,9,5,6,1.0,1.0
46502,4,1,4,1,1.0,0,,,,,2,Mujer,32,1024,6,Tecnica/tecnologica,Superior,2,,,,,3,,,,,,,,,,,,,,,,,,,,,,,,,,,,,,,,,9,3,2,1.0,2.0
46504,1,1,1,0,,1,50000.0,10.819778284410283,5.0,5000.0,1,Hombre,30,900,7,Universitaria,Superior,1,,1.0,,,3,3.0,1.0,2.0,1.0,CINCO MIL PESOS,,,1.0,,,,1.0,,,2.0,,,2.0,2.0,2.0,2.0,2.0,2.0,2.0,2.0,2.0,2.0,2.0,2.0,2.0,2.0,2.0,9,6,0,2.0,1.0
46527,1,1,1,0,,1,,,,,1,Hombre,28,784,7,Universitaria,Superior,2,,1.0,,,3,,,,,,,,,,,,,,,,,,,,,,,,,,,,,,,,,9,6,0,2.0,1.0
46558,2,1,2,0,,1,,,,,2,Mujer,23,529,7,Universitaria,Superior,9,,1.0,,,3,,,,,,,,,,,,,,,,,,,,,,,,,,,,,,,,,9,6,0,1.0,2.0
46564,2,1,2,1,1.0,0,,,,,1,Hombre,44,1936,5,Media,Media,2,,,,,3,,,,,,,,,,,,,,,,,,,,,,,,,,,,,,,,,9,2,1,1.0,1.0
46574,2,1,2,0,,1,30000.0,10.308952660644293,20.0,2000.0,2,Mujer,24,576,5,Media,Media,1,1.0,1.0,,,3,5.0,1.0,30.0,1.0,DOS MIL PESOS,,,1.0,,,,,,,1.0,,,2.0,2.0,2.0,2.0,2.0,2.0,2.0,2.0,1.0,1.0,2.0,1.0,2.0,2.0,2.0,1,1,0,2.0,2.0
46585,1,1,1,0,,1,,,,,2,Mujer,57,3249,3,Basica primaria,Baja,2,,1.0,,,3,,,,,,,,,,,,,,,,,,,,,,,,,,,,,,,,,5,4,3,1.0,2.0
46587,5,1,5,1,1.0,0,1000.0,6.907755278982137,,6000.0,1,Hombre,25,625,5,Media,Media,1,,,,,3,4.0,1.0,30.0,1.0,SEISMIL,,,,,1.0,,,,,2.0,,,2.0,1.0,2.0,2.0,2.0,1.0,1.0,2.0,2.0,2.0,2.0,1.0,1.0,1.0,2.0,9,6,0,2.0,2.0
46590,2,1,2,1,1.0,0,50000.0,10.819778284410283,7.0,8000.0,1,Hombre,27,729,7,Universitaria,Superior,1,,1.0,,,3,3.0,1.0,7.0,1.0,OCHO MIL PESOS,,,,1.0,,,,,,2.0,,,2.0,2.0,2.0,2.0,2.0,2.0,2.0,2.0,2.0,2.0,2.0,2.0,2.0,2.0,2.0,9,1,0,3.0,1.0
46593,1,1,1,0,,1,,,,,1,Hombre,52,2704,6,Tecnica/tecnologica,Superior,2,,1.0,,,3,,,,,,,,,,,,,,,,,,,,,,,,,,,,,,,,,5,6,0,1.0,1.0
46597,1,1,1,1,1.0,0,,,,,1,Hombre,21,441,5,Media,Media,2,,1.0,,,3,,,,,,,,,,,,,,,,,,,,,,,,,,,,,,,,,9,2,1,1.0,1.0
46598,2,1,2,0,,1,,,,,1,Hombre,21,441,4,Basica secundaria,Media,2,,1.0,,,3,,,,,,,,,,,,,,,,,,,,,,,,,,,,,,,,,9,6,0,1.0,1.0
46614,4,1,4,1,1.0,0,,,,,1,Hombre,25,625,7,Universitaria,Superior,2,,1.0,,,3,,,,,,,,,,,,,,,,,,,,,,,,,,,,,,,,,9,6,0,1.0,1.0
46622,1,1,1,0,,1,,,,,1,Hombre,52,2704,6,Tecnica/tecnologica,Superior,2,,1.0,,,3,,,,,,,,,,,,,,,,,,,,,,,,,,,,,,,,,9,6,0,1.0,1.0
46634,1,1,1,0,,1,,,,,2,Mujer,38,1444,6,Tecnica/tecnologica,Superior,2,,1.0,,,3,,,,,,,,,,,,,,,,,,,,,,,,,,,,,,,,,5,6,1,1.0,2.0
46636,4,1,4,1,1.0,0,4000.0,8.294049640102028,2.0,2000.0,1,Hombre,19,361,7,Universitaria,Superior,1,1.0,1.0,,,3,3.0,1.0,5.0,1.0,DOS MIL PESOS,,,,,,1.0,,,,1.0,,,2.0,2.0,2.0,2.0,2.0,2.0,2.0,2.0,2.0,2.0,2.0,2.0,2.0,2.0,2.0,9,6,0,1.0,1.0
46653,1,1,1,1,1.0,0,,,,,1,Hombre,40,1600,6,Tecnica/tecnologica,Superior,2,,,,,3,,,,,,,,,,,,,,,,,,,,,,,,,,,,,,,,,9,6,0,2.0,1.0
46672,2,1,2,1,1.0,0,,,,,2,Mujer,59,3481,4,Basica secundaria,Media,2,,,,,3,,,,,,,,,,,,,,,,,,,,,,,,,,,,,,,,,9,2,5,1.0,2.0
46715,1,1,1,0,,1,,,,,1,Hombre,47,2209,8,Postgrado,Superior,2,,1.0,,,3,,,,,,,,,,,,,,,,,,,,,,,,,,,,,,,,,9,2,1,1.0,1.0
46721,1,1,1,0,,1,,,,,1,Hombre,37,1369,8,Postgrado,Superior,2,,1.0,,,3,,,,,,,,,,,,,,,,,,,,,,,,,,,,,,,,,9,6,0,1.0,1.0
46725,3,1,3,1,1.0,0,,,,,1,Hombre,29,841,7,Universitaria,Superior,2,,,,,3,,,,,,,,,,,,,,,,,,,,,,,,,,,,,,,,,5,6,0,1.0,1.0
46732,3,1,3,1,1.0,0,6000.0,8.699514748210191,5.0,1500.0,2,Mujer,24,576,4,Basica secundaria,Media,1,1.0,1.0,,,3,4.0,1.0,4.0,1.0,MIL QUINIENTOS,,,1.0,1.0,1.0,1.0,1.0,,,1.0,,,1.0,1.0,1.0,1.0,1.0,1.0,1.0,1.0,1.0,1.0,1.0,1.0,1.0,1.0,1.0,9,6,3,1.0,2.0
46763,2,1,2,0,,1,,,,,1,Hombre,45,2025,8,Postgrado,Superior,2,,1.0,,,3,,,,,,,,,,,,,,,,,,,,,,,,,,,,,,,,,9,3,1,1.0,1.0
46764,1,1,1,1,1.0,0,,,,,1,Hombre,29,841,7,Universitaria,Superior,2,,1.0,,,3,,,,,,,,,,,,,,,,,,,,,,,,,,,,,,,,,9,2,1,1.0,1.0
46770,1,1,1,0,,1,,,,,1,Hombre,54,2916,6,Tecnica/tecnologica,Superior,2,,1.0,,,3,,,,,,,,,,,,,,,,,,,,,,,,,,,,,,,,,9,5,2,1.0,1.0
46772,1,1,1,1,1.0,0,,,,,2,Mujer,57,3249,7,Universitaria,Superior,2,,,,,3,,,,,,,,,,,,,,,,,,,,,,,,,,,,,,,,,9,6,2,1.0,2.0
46783,1,1,1,1,1.0,0,20000.0,9.903487552536127,60.0,,1,Hombre,47,2209,7,Universitaria,Superior,1,1.0,,,,3,5.0,1.0,30.0,2.0,,,,,1.0,,,,,,1.0,,,2.0,1.0,2.0,1.0,2.0,2.0,2.0,2.0,2.0,2.0,2.0,2.0,2.0,2.0,2.0,9,6,0,1.0,1.0
46793,3,1,3,0,,1,,,,,1,Hombre,60,3600,5,Media,Media,2,,1.0,,,3,,,,,,,,,,,,,,,,,,,,,,,,,,,,,,,,,9,3,3,1.0,1.0
46798,1,1,1,0,,1,,,,,1,Hombre,60,3600,7,Universitaria,Superior,2,,1.0,,,3,,,,,,,,,,,,,,,,,,,,,,,,,,,,,,,,,9,5,3,1.0,1.0
46800,1,1,1,0,,1,,,,,1,Hombre,58,3364,5,Media,Media,2,,,1.0,,3,,,,,,,,,,,,,,,,,,,,,,,,,,,,,,,,,9,5,2,1.0,1.0
46803,1,1,1,1,1.0,0,,,,,1,Hombre,62,3844,3,Basica primaria,Baja,2,,,,,3,,,,,,,,,,,,,,,,,,,,,,,,,,,,,,,,,5,5,2,1.0,1.0
46805,2,1,2,1,1.0,0,17000.0,9.740968623038354,4.0,4000.0,2,Mujer,31,961,8,Postgrado,Superior,1,1.0,1.0,1.0,,9,2.0,1.0,4.0,1.0,CUATRO MIL PESOS MCTE,,,,1.0,,,,,,1.0,,,2.0,2.0,2.0,2.0,2.0,2.0,2.0,1.0,2.0,2.0,2.0,2.0,2.0,2.0,2.0,9,3,0,1.0,2.0
46810,1,1,1,0,,1,,,,,1,Hombre,27,729,6,Tecnica/tecnologica,Superior,2,,1.0,,,3,,,,,,,,,,,,,,,,,,,,,,,,,,,,,,,,,9,6,1,1.0,1.0
46881,1,1,1,0,,1,,,,,1,Hombre,28,784,4,Basica secundaria,Media,2,,1.0,,,3,,,,,,,,,,,,,,,,,,,,,,,,,,,,,,,,,9,2,1,1.0,1.0
46890,1,1,1,0,,1,,,,,1,Hombre,52,2704,3,Basica primaria,Baja,2,,1.0,,,3,,,,,,,,,,,,,,,,,,,,,,,,,,,,,,,,,9,5,1,1.0,1.0
46903,2,1,2,0,,1,,,,,2,Mujer,34,1156,5,Media,Media,2,,1.0,,,3,,,,,,,,,,,,,,,,,,,,,,,,,,,,,,,,,5,1,2,1.0,2.0
46904,3,1,3,1,1.0,0,,,,,2,Mujer,17,289,4,Basica secundaria,Media,2,,,,,3,,,,,,,,,,,,,,,,,,,,,,,,,,,,,,,,,9,6,0,,
46933,1,1,1,0,,1,,,,,1,Hombre,26,676,6,Tecnica/tecnologica,Superior,2,,1.0,,,3,,,,,,,,,,,,,,,,,,,,,,,,,,,,,,,,,5,5,3,1.0,1.0
46936,1,1,1,0,,1,,,,,1,Hombre,65,4225,3,Basica primaria,Baja,2,,1.0,,,3,,,,,,,,,,,,,,,,,,,,,,,,,,,,,,,,,9,6,0,1.0,1.0
46943,1,1,1,1,1.0,0,6000.0,8.699514748210191,5.0,1000.0,1,Hombre,23,529,7,Universitaria,Superior,1,,1.0,1.0,,3,2.0,1.0,20.0,1.0,MIL PESOS MCTE,,,,,,1.0,,,,2.0,,,1.0,2.0,2.0,2.0,2.0,2.0,2.0,2.0,2.0,2.0,2.0,2.0,2.0,2.0,2.0,9,6,0,2.0,1.0
46944,1,1,1,1,1.0,0,60000.0,11.002099841204238,20.0,3000.0,1,Hombre,28,784,7,Universitaria,Superior,1,,,1.0,,3,4.0,1.0,20.0,1.0,TRES MIL PESOS,,,,1.0,,,,,,2.0,,,2.0,1.0,2.0,1.0,1.0,2.0,2.0,2.0,1.0,1.0,1.0,2.0,1.0,1.0,1.0,9,2,1,1.0,1.0
46965,1,1,1,0,,1,,,,,2,Mujer,25,625,4,Basica secundaria,Media,2,,1.0,,,3,,,,,,,,,,,,,,,,,,,,,,,,,,,,,,,,,9,5,2,1.0,2.0
46967,2,1,2,0,,1,,,1.0,,2,Mujer,30,900,5,Media,Media,1,,1.0,,,3,3.0,2.0,,2.0,,,,,1.0,,,,,,2.0,,,2.0,2.0,2.0,2.0,2.0,2.0,2.0,2.0,2.0,2.0,2.0,2.0,2.0,2.0,2.0,9,2,2,1.0,2.0
46980,2,1,2,0,,1,,,,,2,Mujer,41,1681,3,Basica primaria,Baja,2,,,,1.0,3,,,,,,,,,,,,,,,,,,,,,,,,,,,,,,,,,9,2,2,1.0,2.0
47002,1,1,1,0,,1,,,,,1,Hombre,63,3969,3,Basica primaria,Baja,2,,1.0,,,3,,,,,,,,,,,,,,,,,,,,,,,,,,,,,,,,,9,4,2,1.0,1.0
47007,1,1,1,1,1.0,0,,,,,2,Mujer,27,729,5,Media,Media,2,,1.0,,,3,,,,,,,,,,,,,,,,,,,,,,,,,,,,,,,,,9,5,2,1.0,2.0
47023,1,1,1,0,,1,,,,,2,Mujer,29,841,4,Basica secundaria,Media,2,,,,1.0,3,,,,,,,,,,,,,,,,,,,,,,,,,,,,,,,,,9,1,1,1.0,2.0
47039,1,1,1,0,,1,,,,,1,Hombre,55,3025,6,Tecnica/tecnologica,Superior,2,,1.0,,,3,,,,,,,,,,,,,,,,,,,,,,,,,,,,,,,,,5,5,5,1.0,1.0
47041,2,1,2,0,,1,,,1.0,,2,Mujer,29,841,6,Tecnica/tecnologica,Superior,1,,1.0,,,2,1.0,2.0,,2.0,,,,,1.0,,,,,,2.0,,,2.0,2.0,2.0,2.0,2.0,2.0,2.0,2.0,2.0,2.0,2.0,2.0,2.0,2.0,2.0,9,2,1,1.0,2.0
47044,5,1,5,0,,1,,,,,2,Mujer,58,3364,3,Basica primaria,Baja,2,,1.0,,,3,,,,,,,,,,,,,,,,,,,,,,,,,,,,,,,,,9,2,6,1.0,2.0
47050,2,1,2,0,,1,,,,,1,Hombre,43,1849,3,Basica primaria,Baja,2,,1.0,,,3,,,,,,,,,,,,,,,,,,,,,,,,,,,,,,,,,9,6,0,1.0,1.0
47068,1,1,1,0,,1,,,,,2,Mujer,43,1849,5,Media,Media,2,,1.0,,,3,,,,,,,,,,,,,,,,,,,,,,,,,,,,,,,,,9,4,3,1.0,2.0
47073,3,1,3,0,,1,1000.0,6.907755278982137,5.0,2000.0,1,Hombre,19,361,4,Basica secundaria,Media,1,1.0,1.0,,,3,3.0,1.0,3.0,1.0,DOS MIL,,,,1.0,,,,,,1.0,,,1.0,2.0,1.0,1.0,2.0,1.0,2.0,2.0,2.0,1.0,1.0,1.0,2.0,2.0,1.0,4,6,0,1.0,1.0
47082,1,1,1,0,,1,,,,,2,Mujer,59,3481,8,Postgrado,Superior,2,,1.0,,,3,,,,,,,,,,,,,,,,,,,,,,,,,,,,,,,,,9,5,2,1.0,2.0
47099,3,1,3,1,1.0,0,,,,,2,Mujer,18,324,6,Tecnica/tecnologica,Superior,2,,,,,3,,,,,,,,,,,,,,,,,,,,,,,,,,,,,,,,,9,6,0,1.0,2.0
47134,1,1,1,0,,1,,,,,1,Hombre,47,2209,7,Universitaria,Superior,2,,,,1.0,3,,,,,,,,,,,,,,,,,,,,,,,,,,,,,,,,,9,5,2,1.0,1.0
47185,3,1,3,1,1.0,0,200000.0,12.206072645530174,120.0,2000.0,1,Hombre,42,1764,7,Universitaria,Superior,1,,1.0,,,3,5.0,1.0,30.0,1.0,DOS MIL PESOS,,,,,1.0,,,,,2.0,,,2.0,1.0,1.0,2.0,2.0,1.0,1.0,1.0,1.0,1.0,2.0,1.0,2.0,2.0,2.0,9,5,0,1.0,1.0
47191,1,1,1,1,1.0,0,,,,,2,Mujer,23,529,7,Universitaria,Superior,2,,1.0,,,3,,,,,,,,,,,,,,,,,,,,,,,,,,,,,,,,,9,6,0,1.0,2.0
47202,1,1,1,1,1.0,0,,,,,2,Mujer,25,625,7,Universitaria,Superior,2,,,,,3,,,,,,,,,,,,,,,,,,,,,,,,,,,,,,,,,9,6,0,3.0,2.0
47203,3,1,3,1,1.0,0,20000.0,9.903487552536127,30.0,1000.0,1,Hombre,24,576,4,Basica secundaria,Media,1,,,,,3,5.0,1.0,30.0,1.0,MIL PESOS,,,,,1.0,,,,,1.0,,1.0,2.0,2.0,1.0,2.0,2.0,2.0,2.0,2.0,2.0,2.0,2.0,2.0,2.0,2.0,1.0,9,6,0,3.0,1.0
47215,1,1,1,1,1.0,0,,,2.0,1000.0,2,Mujer,40,1600,8,Postgrado,Superior,1,1.0,1.0,1.0,,3,1.0,2.0,,1.0,MIL PESOS,,,,1.0,,,,,,1.0,,,2.0,2.0,2.0,2.0,2.0,1.0,1.0,2.0,1.0,1.0,2.0,1.0,2.0,2.0,1.0,9,5,1,1.0,2.0
47216,1,1,1,1,1.0,0,,,,,2,Mujer,28,784,5,Media,Media,2,,1.0,,1.0,3,,,,,,,,,,,,,,,,,,,,,,,,,,,,,,,,,9,6,1,1.0,2.0
47240,1,1,1,0,,1,,,,,1,Hombre,24,576,6,Tecnica/tecnologica,Superior,2,,1.0,,,3,,,,,,,,,,,,,,,,,,,,,,,,,,,,,,,,,9,6,0,1.0,1.0
47253,1,1,1,0,,1,,,,,1,Hombre,48,2304,8,Postgrado,Superior,2,,1.0,,,3,,,,,,,,,,,,,,,,,,,,,,,,,,,,,,,,,9,5,2,1.0,1.0
47258,1,1,1,1,1.0,0,10000.0,9.210340371976184,6.0,3000.0,1,Hombre,23,529,7,Universitaria,Superior,1,1.0,1.0,,,3,3.0,1.0,6.0,1.0,TRES MIL PESOS,,,,,,1.0,,,,1.0,,,2.0,2.0,1.0,1.0,2.0,1.0,1.0,2.0,1.0,1.0,2.0,1.0,2.0,2.0,2.0,9,6,0,1.0,1.0
47260,1,1,1,1,1.0,0,,,,,2,Mujer,29,841,6,Tecnica/tecnologica,Superior,2,,,,,3,,,,,,,,,,,,,,,,,,,,,,,,,,,,,,,,,9,2,2,1.0,2.0
47265,2,1,2,0,,1,,,,,2,Mujer,19,361,4,Basica secundaria,Media,2,,1.0,,,3,,,,,,,,,,,,,,,,,,,,,,,,,,,,,,,,,9,6,2,1.0,2.0
47270,3,1,3,0,,1,,,,,2,Mujer,64,4096,7,Universitaria,Superior,2,,1.0,,,3,,,,,,,,,,,,,,,,,,,,,,,,,,,,,,,,,5,6,0,1.0,2.0
47279,1,1,1,1,1.0,0,,,,,1,Hombre,26,676,7,Universitaria,Superior,2,,,,,3,,,,,,,,,,,,,,,,,,,,,,,,,,,,,,,,,9,6,0,1.0,1.0
47282,1,1,1,1,1.0,0,150000.0,11.918390573078392,60.0,2000.0,2,Mujer,22,484,3,Basica primaria,Baja,1,,1.0,,,3,5.0,1.0,30.0,1.0,DOS MIL PESOS,,,,1.0,,,,,,2.0,,,2.0,2.0,2.0,1.0,2.0,2.0,2.0,2.0,2.0,2.0,2.0,2.0,2.0,2.0,1.0,9,6,1,1.0,2.0
47283,1,1,1,1,1.0,0,,,,,1,Hombre,29,841,7,Universitaria,Superior,2,,,,,3,,,,,,,,,,,,,,,,,,,,,,,,,,,,,,,,,9,6,0,1.0,1.0
47287,1,1,1,0,,1,1000.0,6.907755278982137,1.0,2000.0,2,Mujer,34,1156,6,Tecnica/tecnologica,Superior,1,1.0,,1.0,,3,1.0,1.0,1.0,1.0,DOS MIL PESOS,,,,1.0,,,,,,1.0,,,2.0,2.0,2.0,2.0,2.0,2.0,2.0,2.0,2.0,2.0,2.0,2.0,2.0,2.0,2.0,9,5,1,1.0,2.0
47290,1,1,1,1,1.0,0,,,1.0,6000.0,2,Mujer,28,784,5,Media,Media,1,,,,,3,2.0,2.0,,1.0,SEIS MIL,,,,1.0,,,,,,2.0,,,2.0,2.0,2.0,2.0,2.0,2.0,2.0,2.0,2.0,2.0,2.0,2.0,2.0,2.0,2.0,9,6,1,1.0,2.0
47298,3,1,3,1,1.0,0,,,,,1,Hombre,34,1156,4,Basica secundaria,Media,2,,1.0,,,3,,,,,,,,,,,,,,,,,,,,,,,,,,,,,,,,,9,2,2,1.0,1.0
47308,1,1,1,0,,1,,,,,2,Mujer,60,3600,6,Tecnica/tecnologica,Superior,2,,1.0,,,3,,,,,,,,,,,,,,,,,,,,,,,,,,,,,,,,,9,5,1,1.0,2.0
47309,1,1,1,1,1.0,0,1000.0,6.907755278982137,1.0,,2,Mujer,20,400,7,Universitaria,Superior,1,1.0,,,,3,2.0,1.0,3.0,2.0,,,,,1.0,,,,,,1.0,,,2.0,2.0,2.0,2.0,1.0,1.0,2.0,1.0,2.0,2.0,2.0,2.0,2.0,2.0,2.0,9,6,0,3.0,2.0
47334,1,1,1,1,1.0,0,18000.0,9.798127036878302,,2000.0,1,Hombre,23,529,7,Universitaria,Superior,1,1.0,,,,3,5.0,1.0,22.0,1.0,DOS MIL PESOS,1.0,,,,,,,,,1.0,,,2.0,2.0,2.0,1.0,1.0,1.0,1.0,2.0,1.0,1.0,1.0,2.0,2.0,2.0,2.0,9,6,0,1.0,1.0
47339,2,1,2,0,,1,,,,,2,Mujer,48,2304,3,Basica primaria,Baja,2,,1.0,,,3,,,,,,,,,,,,,,,,,,,,,,,,,,,,,,,,,9,6,0,1.0,1.0
47343,3,1,3,1,1.0,0,,,,,1,Hombre,21,441,6,Tecnica/tecnologica,Superior,2,,1.0,,,3,,,,,,,,,,,,,,,,,,,,,,,,,,,,,,,,,9,6,0,1.0,1.0
47364,3,1,3,1,1.0,0,90000.0,11.407564949312402,30.0,3000.0,1,Hombre,17,289,4,Basica secundaria,Media,1,,,,,3,5.0,1.0,30.0,1.0,TRES MIL PESOS,,,1.0,,,,,,,2.0,,,1.0,1.0,1.0,1.0,1.0,1.0,1.0,1.0,1.0,1.0,1.0,1.0,1.0,1.0,1.0,9,6,0,,
47377,1,1,1,0,,1,,,,,1,Hombre,53,2809,5,Media,Media,2,,1.0,,,3,,,,,,,,,,,,,,,,,,,,,,,,,,,,,,,,,9,5,8,1.0,1.0
47395,2,1,2,1,1.0,0,,,,,1,Hombre,26,676,4,Basica secundaria,Media,2,,1.0,,,3,,,,,,,,,,,,,,,,,,,,,,,,,,,,,,,,,9,2,1,1.0,1.0
47402,1,1,1,1,1.0,0,150000.0,11.918390573078392,60.0,3000.0,1,Hombre,22,484,4,Basica secundaria,Media,1,,,,,3,5.0,1.0,30.0,1.0,TRES MIL PESOS,,,1.0,,,,,,,2.0,,,2.0,1.0,2.0,2.0,2.0,2.0,2.0,1.0,1.0,1.0,1.0,1.0,2.0,2.0,1.0,1,6,0,1.0,1.0
47421,1,1,1,0,,1,,,,,1,Hombre,39,1521,7,Universitaria,Superior,2,,1.0,,,3,,,,,,,,,,,,,,,,,,,,,,,,,,,,,,,,,9,2,0,1.0,1.0
47434,3,1,3,0,,1,,,,,1,Hombre,20,400,7,Universitaria,Superior,2,,1.0,,,3,,,,,,,,,,,,,,,,,,,,,,,,,,,,,,,,,9,6,0,1.0,1.0
47439,1,1,1,1,1.0,0,30000.0,10.308952660644293,30.0,1000.0,1,Hombre,56,3136,2,Preescolar,Baja,1,,1.0,1.0,,3,5.0,1.0,30.0,1.0,MIL PESOS,,,1.0,,,,,,,2.0,,,1.0,1.0,2.0,2.0,2.0,2.0,2.0,1.0,1.0,2.0,1.0,2.0,2.0,2.0,2.0,9,5,2,1.0,4.0
47447,2,1,2,1,1.0,0,,,,,2,Mujer,24,576,5,Media,Media,2,,,,,3,,,,,,,,,,,,,,,,,,,,,,,,,,,,,,,,,5,3,2,1.0,2.0
47448,3,1,3,0,,1,,,,,2,Mujer,20,400,3,Basica primaria,Baja,2,,1.0,,,3,,,,,,,,,,,,,,,,,,,,,,,,,,,,,,,,,9,6,0,1.0,2.0
47461,2,1,2,0,,1,,,,,1,Hombre,21,441,5,Media,Media,2,,1.0,,,3,,,,,,,,,,,,,,,,,,,,,,,,,,,,,,,,,9,6,0,1.0,1.0
47466,2,1,2,1,1.0,0,20000.0,9.903487552536127,3.0,2000.0,2,Mujer,21,441,5,Media,Media,1,1.0,,,,3,3.0,1.0,10.0,1.0,DOS MIL PESOS,,,,1.0,,,,,,1.0,,,2.0,2.0,2.0,2.0,2.0,2.0,2.0,2.0,2.0,2.0,2.0,2.0,2.0,2.0,2.0,9,6,0,1.0,2.0
47468,2,1,2,1,1.0,0,,,1.0,,2,Mujer,29,841,4,Basica secundaria,Media,1,,,,,2,1.0,2.0,,2.0,,,,,1.0,,,,,,2.0,,,2.0,2.0,2.0,2.0,2.0,2.0,2.0,2.0,2.0,2.0,2.0,2.0,2.0,2.0,2.0,9,2,2,1.0,2.0
47469,3,1,3,1,1.0,0,,,50.0,1000.0,1,Hombre,34,1156,3,Basica primaria,Baja,1,,,,,3,1.0,2.0,,1.0,MIL Y TRES MIL PESOS,,,,1.0,,,,,,2.0,,,2.0,2.0,2.0,2.0,2.0,2.0,2.0,2.0,2.0,2.0,2.0,2.0,2.0,2.0,2.0,9,6,0,1.0,1.0
47472,3,1,3,1,1.0,0,6000.0,8.699514748210191,2.0,3000.0,2,Mujer,26,676,1,Ninguno,Baja,1,,1.0,,,3,5.0,1.0,30.0,1.0,TRES MIL PESOS,,,,,1.0,,,,,2.0,,,2.0,2.0,1.0,2.0,2.0,1.0,1.0,1.0,1.0,1.0,1.0,1.0,1.0,1.0,1.0,9,6,3,1.0,2.0
47475,1,1,1,0,,1,10000.0,9.210340371976184,2.0,2000.0,1,Hombre,61,3721,7,Universitaria,Superior,1,,1.0,,,3,3.0,1.0,1.0,1.0,DOS MIL PESOS,,,,1.0,,,,,,2.0,,,2.0,2.0,2.0,2.0,2.0,1.0,1.0,2.0,1.0,1.0,1.0,1.0,2.0,2.0,2.0,9,6,0,2.0,1.0
47486,2,1,2,0,,1,,,,,1,Hombre,40,1600,7,Universitaria,Superior,2,,1.0,,,3,,,,,,,,,,,,,,,,,,,,,,,,,,,,,,,,,5,6,0,1.0,1.0
47490,2,1,2,0,,1,,,,,2,Mujer,26,676,4,Basica secundaria,Media,2,,1.0,,,3,,,,,,,,,,,,,,,,,,,,,,,,,,,,,,,,,9,2,1,1.0,2.0
47495,2,1,2,1,1.0,0,4000.0,8.294049640102028,1.0,20000.0,1,Hombre,49,2401,5,Media,Media,1,,,,,3,4.0,1.0,2.0,1.0,DOL MIL PESOS,,,1.0,,,,,,,2.0,,,2.0,1.0,2.0,2.0,2.0,1.0,1.0,1.0,1.0,2.0,1.0,2.0,2.0,1.0,1.0,9,6,0,1.0,1.0
47502,1,1,1,1,1.0,0,,,,,1,Hombre,55,3025,3,Basica primaria,Baja,2,,1.0,,,3,,,,,,,,,,,,,,,,,,,,,,,,,,,,,,,,,9,5,3,1.0,1.0
47503,1,1,1,1,1.0,0,100000.0,11.512925464970229,30.0,3000.0,1,Hombre,30,900,7,Universitaria,Superior,1,1.0,1.0,,,3,5.0,1.0,30.0,1.0,TRES MIL PESOS,,,1.0,,,,,,,1.0,,,1.0,1.0,2.0,1.0,2.0,2.0,2.0,2.0,2.0,2.0,1.0,2.0,2.0,2.0,2.0,9,6,0,1.0,1.0
47532,1,1,1,0,,1,,,,,2,Mujer,53,2809,3,Basica primaria,Baja,2,,1.0,,,3,,,,,,,,,,,,,,,,,,,,,,,,,,,,,,,,,9,6,3,1.0,2.0
47564,2,1,2,1,1.0,0,,,,,2,Mujer,47,2209,4,Basica secundaria,Media,2,,1.0,,,3,,,,,,,,,,,,,,,,,,,,,,,,,,,,,,,,,9,2,2,1.0,2.0
47567,2,1,2,0,,1,,,,,1,Hombre,14,196,3,Basica primaria,Baja,2,,1.0,,,3,,,,,,,,,,,,,,,,,,,,,,,,,,,,,,,,,9,6,0,,
47577,3,1,3,0,,1,,,,,1,Hombre,29,841,3,Basica primaria,Baja,2,,1.0,,,3,,,,,,,,,,,,,,,,,,,,,,,,,,,,,,,,,9,6,0,1.0,1.0
47595,2,1,2,1,1.0,0,,,,,2,Mujer,20,400,4,Basica secundaria,Media,2,,1.0,,,3,,,,,,,,,,,,,,,,,,,,,,,,,,,,,,,,,9,2,0,1.0,2.0
47607,2,1,2,0,,1,,,,,1,Hombre,23,529,6,Tecnica/tecnologica,Superior,2,,1.0,,,3,,,,,,,,,,,,,,,,,,,,,,,,,,,,,,,,,9,6,0,1.0,1.0
47614,2,1,2,0,,1,,,,,1,Hombre,26,676,4,Basica secundaria,Media,2,,1.0,,,3,,,,,,,,,,,,,,,,,,,,,,,,,,,,,,,,,9,2,0,1.0,1.0
47615,2,1,2,0,,1,,,,,1,Hombre,42,1764,4,Basica secundaria,Media,2,,1.0,,,3,,,,,,,,,,,,,,,,,,,,,,,,,,,,,,,,,9,5,1,1.0,1.0
47619,5,1,5,1,1.0,0,,,,,1,Hombre,25,625,6,Tecnica/tecnologica,Superior,2,,,,,3,,,,,,,,,,,,,,,,,,,,,,,,,,,,,,,,,9,6,0,1.0,1.0
47623,1,1,1,0,,1,,,,,1,Hombre,60,3600,7,Universitaria,Superior,2,,1.0,,,3,,,,,,,,,,,,,,,,,,,,,,,,,,,,,,,,,9,3,1,1.0,1.0
47629,2,1,2,0,,1,,,,,2,Mujer,26,676,5,Media,Media,2,,1.0,,,3,,,,,,,,,,,,,,,,,,,,,,,,,,,,,,,,,9,2,3,1.0,2.0
47654,1,1,1,1,1.0,0,,,,,2,Mujer,29,841,6,Tecnica/tecnologica,Superior,2,,,,,3,,,,,,,,,,,,,,,,,,,,,,,,,,,,,,,,,9,6,0,1.0,2.0
47663,1,1,1,1,1.0,0,150000.0,11.918390573078392,10.0,15000.0,1,Hombre,28,784,9,No sabe / No informa,,1,1.0,1.0,,,9,4.0,1.0,10.0,1.0,QUINCE MIL PESOS,,1.0,,,,,1.0,,,1.0,,,2.0,2.0,2.0,2.0,2.0,2.0,2.0,2.0,2.0,2.0,2.0,2.0,2.0,2.0,2.0,9,6,0,1.0,1.0
47669,1,1,1,0,,1,,,,,1,Hombre,56,3136,5,Media,Media,2,,1.0,,,3,,,,,,,,,,,,,,,,,,,,,,,,,,,,,,,,,9,3,1,1.0,1.0
47707,1,1,1,1,1.0,0,,,,,1,Hombre,20,400,3,Basica primaria,Baja,2,,,,,3,,,,,,,,,,,,,,,,,,,,,,,,,,,,,,,,,5,2,1,1.0,1.0
47716,4,1,4,0,,1,,,,,1,Hombre,21,441,6,Tecnica/tecnologica,Superior,2,,1.0,,,3,,,,,,,,,,,,,,,,,,,,,,,,,,,,,,,,,9,6,0,1.0,1.0
47743,3,1,3,1,1.0,0,,,,,1,Hombre,15,225,4,Basica secundaria,Media,2,,,,,3,,,,,,,,,,,,,,,,,,,,,,,,,,,,,,,,,9,6,0,,
47773,2,1,2,0,,1,,,,,2,Mujer,45,2025,8,Postgrado,Superior,2,,1.0,,,3,,,,,,,,,,,,,,,,,,,,,,,,,,,,,,,,,9,3,2,1.0,2.0
47776,1,1,1,0,,1,,,,,1,Hombre,37,1369,8,Postgrado,Superior,2,,,,1.0,3,,,,,,,,,,,,,,,,,,,,,,,,,,,,,,,,,9,6,0,1.0,1.0
47782,2,1,2,1,1.0,0,50000.0,10.819778284410283,40.0,,1,Hombre,37,1369,1,Ninguno,Baja,1,,,,,3,5.0,1.0,30.0,2.0,,,,,1.0,,,,,,2.0,,,1.0,1.0,2.0,1.0,2.0,2.0,2.0,1.0,2.0,2.0,2.0,1.0,2.0,1.0,1.0,9,6,0,1.0,1.0
47812,3,1,3,1,1.0,0,15000.0,9.615805480084347,25.0,,1,Hombre,27,729,7,Universitaria,Superior,1,1.0,,,,3,4.0,1.0,22.0,2.0,,,,,1.0,1.0,1.0,,,,1.0,,,1.0,2.0,2.0,1.0,2.0,1.0,1.0,2.0,1.0,1.0,2.0,2.0,1.0,2.0,2.0,9,6,0,1.0,1.0
47830,2,1,2,0,,1,70000.0,11.156250521031495,30.0,2500.0,1,Hombre,45,2025,5,Media,Media,1,,,1.0,,3,5.0,1.0,30.0,1.0,DOS MIL QUINIENTOS,,,1.0,,,,,,,2.0,,,2.0,2.0,2.0,2.0,2.0,2.0,2.0,2.0,2.0,2.0,2.0,2.0,2.0,2.0,2.0,9,6,0,1.0,1.0
47831,2,1,2,0,,1,,,,,1,Hombre,45,2025,6,Tecnica/tecnologica,Superior,2,,1.0,,,3,,,,,,,,,,,,,,,,,,,,,,,,,,,,,,,,,5,3,2,1.0,1.0
47858,1,1,1,0,,1,,,,,1,Hombre,34,1156,5,Media,Media,2,,1.0,,,3,,,,,,,,,,,,,,,,,,,,,,,,,,,,,,,,,9,2,1,1.0,1.0
47859,1,1,1,1,1.0,0,,,,,2,Mujer,31,961,5,Media,Media,2,,,,,3,,,,,,,,,,,,,,,,,,,,,,,,,,,,,,,,,5,5,1,1.0,2.0
47860,2,1,2,1,1.0,0,,,4.0,2500.0,1,Hombre,18,324,4,Basica secundaria,Media,1,1.0,1.0,1.0,1.0,3,2.0,2.0,,1.0,dos mil quinientos pesos,,,,,,1.0,,,,1.0,,,1.0,1.0,1.0,1.0,2.0,1.0,2.0,1.0,1.0,1.0,1.0,1.0,1.0,2.0,2.0,9,6,0,1.0,2.0
47891,1,1,1,0,,1,,,,,2,Mujer,46,2116,7,Universitaria,Superior,2,,1.0,,,3,,,,,,,,,,,,,,,,,,,,,,,,,,,,,,,,,9,5,2,1.0,2.0
47913,1,1,1,1,1.0,0,,,,,2,Mujer,21,441,7,Universitaria,Superior,2,,,,,3,,,,,,,,,,,,,,,,,,,,,,,,,,,,,,,,,9,6,0,1.0,2.0
47945,2,1,2,0,,1,,,,,2,Mujer,32,1024,7,Universitaria,Superior,2,,1.0,,,3,,,,,,,,,,,,,,,,,,,,,,,,,,,,,,,,,9,5,2,1.0,2.0
47967,2,1,2,0,,1,,,1.0,,1,Hombre,21,441,5,Media,Media,1,1.0,,1.0,,3,3.0,1.0,1.0,2.0,,,,,1.0,,,,,,1.0,,,2.0,2.0,2.0,2.0,2.0,2.0,2.0,2.0,2.0,2.0,2.0,2.0,2.0,2.0,2.0,9,6,0,2.0,1.0
47968,3,1,3,0,,1,,,1.0,,2,Mujer,23,529,7,Universitaria,Superior,1,,1.0,,,1,3.0,2.0,,2.0,,,,,1.0,,,,,,2.0,,,2.0,2.0,2.0,2.0,2.0,1.0,2.0,2.0,2.0,2.0,2.0,2.0,2.0,2.0,2.0,9,6,0,1.0,2.0
47970,1,1,1,0,,1,,,,,1,Hombre,45,2025,5,Media,Media,2,,1.0,,,3,,,,,,,,,,,,,,,,,,,,,,,,,,,,,,,,,9,2,3,1.0,1.0
47973,1,1,1,0,,1,,,,,1,Hombre,30,900,7,Universitaria,Superior,2,,1.0,,,3,,,,,,,,,,,,,,,,,,,,,,,,,,,,,,,,,9,6,0,1.0,1.0
47988,1,1,1,0,,1,,,,,1,Hombre,39,1521,6,Tecnica/tecnologica,Superior,2,,1.0,,,3,,,,,,,,,,,,,,,,,,,,,,,,,,,,,,,,,9,6,0,1.0,1.0
48030,2,1,2,1,1.0,0,,,2.0,1000.0,1,Hombre,16,256,4,Basica secundaria,Media,1,,,,,3,3.0,1.0,2.0,1.0,MIL PESOS,,,,1.0,,,,,,2.0,,,2.0,2.0,1.0,1.0,2.0,1.0,2.0,2.0,2.0,2.0,1.0,2.0,1.0,2.0,2.0,9,6,0,,
48039,1,1,1,1,1.0,0,,,,,1,Hombre,26,676,6,Tecnica/tecnologica,Superior,2,,,,,3,,,,,,,,,,,,,,,,,,,,,,,,,,,,,,,,,9,6,0,1.0,1.0
48049,2,1,2,0,,1,,,,,1,Hombre,32,1024,5,Media,Media,2,,1.0,,,3,,,,,,,,,,,,,,,,,,,,,,,,,,,,,,,,,1,3,3,1.0,1.0
48077,3,1,3,0,,1,,,,,1,Hombre,30,900,6,Tecnica/tecnologica,Superior,2,,1.0,,,3,,,,,,,,,,,,,,,,,,,,,,,,,,,,,,,,,9,6,1,1.0,1.0
48080,2,1,2,1,1.0,0,,,,,1,Hombre,34,1156,5,Media,Media,2,,,,,2,,,,,,,,,,,,,,,,,,,,,,,,,,,,,,,,,9,6,1,1.0,1.0
48094,3,1,3,0,,1,,,,,1,Hombre,15,225,4,Basica secundaria,Media,2,,1.0,,,3,,,,,,,,,,,,,,,,,,,,,,,,,,,,,,,,,5,6,0,,
48102,2,1,2,1,1.0,0,,,,,2,Mujer,62,3844,6,Tecnica/tecnologica,Superior,2,,,,,3,,,,,,,,,,,,,,,,,,,,,,,,,,,,,,,,,9,3,4,1.0,2.0
48105,3,1,3,1,1.0,0,,,,,1,Hombre,25,625,6,Tecnica/tecnologica,Superior,2,,,,,3,,,,,,,,,,,,,,,,,,,,,,,,,,,,,,,,,5,6,0,1.0,1.0
48127,1,1,1,0,,1,,,,,2,Mujer,30,900,6,Tecnica/tecnologica,Superior,2,,1.0,,,3,,,,,,,,,,,,,,,,,,,,,,,,,,,,,,,,,9,5,0,1.0,2.0
48160,2,1,2,0,,1,8000.0,8.987196820661973,,1000.0,1,Hombre,36,1296,6,Tecnica/tecnologica,Superior,1,,1.0,,,3,3.0,1.0,8.0,1.0,MIL PESOS,,,1.0,,,,,,,2.0,,,2.0,2.0,2.0,1.0,2.0,1.0,1.0,2.0,1.0,1.0,1.0,2.0,2.0,2.0,1.0,9,2,1,1.0,1.0
48188,3,1,3,1,1.0,0,,,,,1,Hombre,23,529,5,Media,Media,2,,1.0,,,3,,,,,,,,,,,,,,,,,,,,,,,,,,,,,,,,,5,6,0,1.0,1.0
48197,1,1,1,1,1.0,0,,,,,2,Mujer,19,361,5,Media,Media,2,,,,,3,,,,,,,,,,,,,,,,,,,,,,,,,,,,,,,,,9,5,1,1.0,2.0
48199,5,1,5,1,1.0,0,,,,,2,Mujer,16,256,4,Basica secundaria,Media,2,,,,,3,,,,,,,,,,,,,,,,,,,,,,,,,,,,,,,,,9,6,0,,
48200,1,1,1,0,,1,,,,,1,Hombre,35,1225,4,Basica secundaria,Media,2,,1.0,,,3,,,,,,,,,,,,,,,,,,,,,,,,,,,,,,,,,1,2,2,1.0,1.0
48211,1,1,1,0,,1,,,,,1,Hombre,42,1764,5,Media,Media,2,,,1.0,,3,,,,,,,,,,,,,,,,,,,,,,,,,,,,,,,,,1,2,0,1.0,1.0
48219,1,1,1,0,,1,,,,,1,Hombre,65,4225,7,Universitaria,Superior,2,,1.0,,,3,,,,,,,,,,,,,,,,,,,,,,,,,,,,,,,,,9,3,3,1.0,1.0
48228,3,1,3,0,,1,,,,,1,Hombre,27,729,7,Universitaria,Superior,2,,1.0,,,3,,,,,,,,,,,,,,,,,,,,,,,,,,,,,,,,,1,6,0,1.0,1.0
48232,1,1,1,1,1.0,0,,,,,2,Mujer,35,1225,5,Media,Media,2,,,,,3,,,,,,,,,,,,,,,,,,,,,,,,,,,,,,,,,9,2,0,1.0,2.0
48244,2,1,2,0,,1,,,,,2,Mujer,59,3481,6,Tecnica/tecnologica,Superior,2,,1.0,,,3,,,,,,,,,,,,,,,,,,,,,,,,,,,,,,,,,9,3,1,1.0,2.0
48260,1,1,1,0,,1,,,,,1,Hombre,65,4225,9,No sabe / No informa,,2,,1.0,,,3,,,,,,,,,,,,,,,,,,,,,,,,,,,,,,,,,5,6,2,1.0,1.0
48296,2,1,2,1,1.0,0,80000.0,11.289781913656018,3.0,2000.0,2,Mujer,18,324,5,Media,Media,1,1.0,1.0,,,3,5.0,1.0,30.0,1.0,DOS MIL PESOS,,1.0,1.0,1.0,1.0,,,,,1.0,1.0,,1.0,1.0,1.0,1.0,1.0,1.0,1.0,1.0,1.0,1.0,1.0,1.0,1.0,1.0,1.0,9,6,0,1.0,2.0
48362,4,1,4,0,,1,,,,,2,Mujer,20,400,6,Tecnica/tecnologica,Superior,2,,1.0,,,3,,,,,,,,,,,,,,,,,,,,,,,,,,,,,,,,,9,6,0,2.0,2.0
48363,2,1,2,0,,1,30000.0,10.308952660644293,2.0,5000.0,1,Hombre,20,400,6,Tecnica/tecnologica,Superior,1,1.0,1.0,,,3,3.0,1.0,5.0,1.0,CINCO MIL,,,1.0,,,,,,,1.0,,,2.0,1.0,1.0,1.0,2.0,1.0,2.0,2.0,1.0,2.0,2.0,1.0,1.0,2.0,2.0,9,6,0,1.0,1.0
48370,2,1,2,0,,1,,,1.0,,2,Mujer,41,1681,7,Universitaria,Superior,1,1.0,1.0,,,3,2.0,2.0,,2.0,,,,,1.0,,,,,,1.0,,,2.0,2.0,2.0,2.0,2.0,2.0,2.0,2.0,2.0,2.0,2.0,2.0,2.0,2.0,2.0,9,3,0,1.0,2.0
48380,3,1,3,0,,1,1000.0,6.907755278982137,1.0,,2,Mujer,18,324,5,Media,Media,1,1.0,1.0,,,3,2.0,1.0,1.0,2.0,,,,,1.0,,,,,,1.0,,,2.0,2.0,2.0,2.0,2.0,2.0,2.0,2.0,2.0,2.0,1.0,1.0,2.0,2.0,2.0,9,6,0,1.0,2.0
48382,1,1,1,1,1.0,0,,,,,2,Mujer,23,529,6,Tecnica/tecnologica,Superior,2,,1.0,,,3,,,,,,,,,,,,,,,,,,,,,,,,,,,,,,,,,9,6,0,1.0,2.0
48383,2,1,2,0,,1,,,,,2,Mujer,31,961,8,Postgrado,Superior,2,,1.0,,,3,,,,,,,,,,,,,,,,,,,,,,,,,,,,,,,,,5,2,1,1.0,2.0
48384,1,1,1,0,,1,,,,,2,Mujer,20,400,7,Universitaria,Superior,2,,1.0,,,3,,,,,,,,,,,,,,,,,,,,,,,,,,,,,,,,,9,6,0,1.0,2.0
48385,2,1,2,0,,1,,,,,2,Mujer,29,841,8,Postgrado,Superior,2,,1.0,,,3,,,,,,,,,,,,,,,,,,,,,,,,,,,,,,,,,9,3,1,1.0,2.0
48389,1,1,1,1,1.0,0,,,,,1,Hombre,45,2025,8,Postgrado,Superior,2,,,,,3,,,,,,,,,,,,,,,,,,,,,,,,,,,,,,,,,9,6,1,1.0,1.0
48390,1,1,1,0,,1,,,,,1,Hombre,51,2601,7,Universitaria,Superior,2,,1.0,,,3,,,,,,,,,,,,,,,,,,,,,,,,,,,,,,,,,9,2,2,1.0,1.0
48393,1,1,1,0,,1,,,,,1,Hombre,36,1296,8,Postgrado,Superior,2,,1.0,,,3,,,,,,,,,,,,,,,,,,,,,,,,,,,,,,,,,9,3,0,1.0,1.0
48394,1,1,1,0,,1,,,1.0,3500.0,1,Hombre,35,1225,7,Universitaria,Superior,1,,1.0,,,3,2.0,2.0,,1.0,TRES MIL QUINIENTOS PESOS,,,,1.0,,,,,,2.0,,,2.0,2.0,2.0,2.0,2.0,2.0,2.0,2.0,2.0,2.0,2.0,2.0,2.0,2.0,2.0,5,6,0,1.0,1.0
48398,1,1,1,0,,1,,,,,2,Mujer,37,1369,5,Media,Media,2,,1.0,,,3,,,,,,,,,,,,,,,,,,,,,,,,,,,,,,,,,9,2,2,1.0,2.0
48425,2,1,2,0,,1,,,,,2,Mujer,24,576,4,Basica secundaria,Media,2,,1.0,,,3,,,,,,,,,,,,,,,,,,,,,,,,,,,,,,,,,9,2,2,1.0,2.0
48434,1,1,1,0,,1,,,,,1,Hombre,29,841,6,Tecnica/tecnologica,Superior,2,,1.0,,,3,,,,,,,,,,,,,,,,,,,,,,,,,,,,,,,,,5,3,0,1.0,1.0
48435,1,1,1,0,,1,,,,,1,Hombre,63,3969,3,Basica primaria,Baja,2,,1.0,,,3,,,,,,,,,,,,,,,,,,,,,,,,,,,,,,,,,9,2,1,1.0,1.0
48449,2,1,2,1,1.0,0,20000.0,9.903487552536127,30.0,2000.0,1,Hombre,17,289,4,Basica secundaria,Media,1,,,,,3,5.0,1.0,30.0,1.0,DOS MIL PESOS,,,1.0,1.0,,,,,,2.0,,,2.0,2.0,2.0,2.0,2.0,1.0,1.0,1.0,1.0,1.0,1.0,1.0,1.0,2.0,1.0,9,6,0,,
48482,2,1,2,0,,1,,,,,1,Hombre,62,3844,4,Basica secundaria,Media,2,,1.0,,,3,,,,,,,,,,,,,,,,,,,,,,,,,,,,,,,,,9,5,3,1.0,1.0
48536,3,1,3,0,,1,,,,,1,Hombre,30,900,8,Postgrado,Superior,2,,1.0,,,3,,,,,,,,,,,,,,,,,,,,,,,,,,,,,,,,,9,6,0,2.0,1.0
48543,1,1,1,1,1.0,0,,,,,1,Hombre,30,900,5,Media,Media,2,,,,,3,,,,,,,,,,,,,,,,,,,,,,,,,,,,,,,,,9,2,2,1.0,1.0
48546,2,1,2,0,,1,,,,,2,Mujer,25,625,8,Postgrado,Superior,2,,1.0,,,3,,,,,,,,,,,,,,,,,,,,,,,,,,,,,,,,,9,1,0,1.0,2.0
48610,1,1,1,1,1.0,0,,,,,2,Mujer,62,3844,7,Universitaria,Superior,2,,1.0,,,3,,,,,,,,,,,,,,,,,,,,,,,,,,,,,,,,,9,6,2,1.0,2.0
48624,1,1,1,0,,1,,,,,1,Hombre,62,3844,4,Basica secundaria,Media,2,,1.0,,,3,,,,,,,,,,,,,,,,,,,,,,,,,,,,,,,,,9,5,0,1.0,1.0
48633,2,1,2,1,1.0,0,,,1.0,2000.0,2,Mujer,26,676,7,Universitaria,Superior,1,1.0,,,,3,2.0,2.0,,1.0,DOS MIL PESOS,,,,,,1.0,,,,1.0,,,2.0,2.0,2.0,2.0,2.0,1.0,2.0,2.0,2.0,2.0,2.0,2.0,2.0,2.0,2.0,9,1,0,1.0,2.0
48648,1,1,1,1,1.0,0,,,1.0,3000.0,1,Hombre,29,841,6,Tecnica/tecnologica,Superior,1,1.0,1.0,,,3,2.0,2.0,,1.0,TRES MIL PESOS,,,,1.0,,,,,,1.0,,,2.0,2.0,2.0,2.0,2.0,2.0,2.0,2.0,2.0,2.0,2.0,2.0,2.0,2.0,2.0,9,6,0,2.0,1.0
48658,2,1,2,0,,1,,,,,2,Mujer,30,900,6,Tecnica/tecnologica,Superior,2,,1.0,,,3,,,,,,,,,,,,,,,,,,,,,,,,,,,,,,,,,9,2,2,1.0,2.0
48663,1,1,1,1,1.0,0,,,,,2,Mujer,28,784,8,Postgrado,Superior,2,,,,,3,,,,,,,,,,,,,,,,,,,,,,,,,,,,,,,,,9,6,0,1.0,2.0
48670,1,1,1,1,1.0,0,,,,,1,Hombre,36,1296,5,Media,Media,2,,1.0,,,3,,,,,,,,,,,,,,,,,,,,,,,,,,,,,,,,,9,6,0,2.0,1.0
48672,4,1,4,1,1.0,0,160000.0,11.982929094215963,60.0,2000.0,1,Hombre,20,400,3,Basica primaria,Baja,1,,1.0,,,1,5.0,1.0,30.0,1.0,DOS MIL,,,,1.0,,,,,,2.0,,,2.0,2.0,2.0,2.0,2.0,2.0,2.0,2.0,2.0,2.0,2.0,2.0,2.0,2.0,1.0,9,6,0,1.0,1.0
48679,1,1,1,0,,1,,,,,1,Hombre,33,1089,4,Basica secundaria,Media,2,,1.0,,,3,,,,,,,,,,,,,,,,,,,,,,,,,,,,,,,,,9,2,2,1.0,1.0
48680,3,1,3,1,1.0,0,,,,,1,Hombre,16,256,3,Basica primaria,Baja,2,,1.0,,,3,,,,,,,,,,,,,,,,,,,,,,,,,,,,,,,,,5,6,0,,
48686,2,1,2,1,1.0,0,,,,,1,Hombre,24,576,5,Media,Media,2,,1.0,1.0,,3,,,,,,,,,,,,,,,,,,,,,,,,,,,,,,,,,1,6,0,1.0,1.0
48696,1,1,1,0,,1,,,,,2,Mujer,39,1521,3,Basica primaria,Baja,2,,1.0,,,3,,,,,,,,,,,,,,,,,,,,,,,,,,,,,,,,,5,2,6,1.0,2.0
48709,3,1,3,1,1.0,0,,,,,2,Mujer,18,324,7,Universitaria,Superior,2,,1.0,,,3,,,,,,,,,,,,,,,,,,,,,,,,,,,,,,,,,9,6,0,1.0,2.0
48711,1,1,1,0,,1,,,,,1,Hombre,37,1369,5,Media,Media,2,,1.0,,,3,,,,,,,,,,,,,,,,,,,,,,,,,,,,,,,,,9,2,1,1.0,1.0
48723,1,1,1,0,,1,,,,,2,Mujer,54,2916,6,Tecnica/tecnologica,Superior,2,,1.0,,,3,,,,,,,,,,,,,,,,,,,,,,,,,,,,,,,,,9,6,2,1.0,2.0
48729,1,1,1,1,1.0,0,,,,,1,Hombre,20,400,4,Basica secundaria,Media,2,,1.0,,1.0,3,,,,,,,,,,,,,,,,,,,,,,,,,,,,,,,,,9,3,1,1.0,1.0
48739,2,1,2,0,,1,20000.0,9.903487552536127,4.0,5000.0,1,Hombre,29,841,7,Universitaria,Superior,1,1.0,1.0,,,3,4.0,1.0,3.0,1.0,CINCO MIL,,,1.0,,,,,,,1.0,,,1.0,2.0,2.0,1.0,2.0,2.0,2.0,1.0,2.0,2.0,1.0,1.0,2.0,1.0,1.0,9,5,1,1.0,1.0
48741,3,1,3,0,,1,,,,,1,Hombre,25,625,7,Universitaria,Superior,2,,1.0,,,3,,,,,,,,,,,,,,,,,,,,,,,,,,,,,,,,,9,6,1,1.0,1.0
48754,1,1,1,0,,1,,,,,1,Hombre,33,1089,7,Universitaria,Superior,2,,1.0,,,3,,,,,,,,,,,,,,,,,,,,,,,,,,,,,,,,,9,6,0,1.0,1.0
48779,1,1,1,1,1.0,0,,,,,1,Hombre,27,729,6,Tecnica/tecnologica,Superior,2,,1.0,,,3,,,,,,,,,,,,,,,,,,,,,,,,,,,,,,,,,9,3,0,1.0,1.0
48789,1,1,1,1,1.0,0,,,,,1,Hombre,30,900,7,Universitaria,Superior,2,,,,,3,,,,,,,,,,,,,,,,,,,,,,,,,,,,,,,,,9,5,1,1.0,1.0
48793,1,1,1,1,1.0,0,100000.0,11.512925464970229,30.0,3000.0,1,Hombre,37,1369,8,Postgrado,Superior,1,,1.0,,,3,5.0,1.0,30.0,1.0,TRES MIL PESOS,,,,1.0,1.0,1.0,1.0,,,2.0,,,2.0,2.0,2.0,2.0,2.0,2.0,2.0,2.0,2.0,2.0,2.0,2.0,2.0,2.0,2.0,9,2,0,2.0,1.0
48798,1,1,1,0,,1,,,,,2,Mujer,62,3844,4,Basica secundaria,Media,2,,1.0,,,3,,,,,,,,,,,,,,,,,,,,,,,,,,,,,,,,,9,5,4,1.0,2.0
48812,1,1,1,1,1.0,0,,,1.0,2000.0,2,Mujer,31,961,7,Universitaria,Superior,1,1.0,1.0,,,3,2.0,1.0,1.0,1.0,DOS MIL PESOS,,,,1.0,,,,,,1.0,,,2.0,2.0,2.0,2.0,2.0,2.0,2.0,2.0,2.0,2.0,2.0,2.0,2.0,2.0,2.0,9,6,0,1.0,2.0
48818,3,1,3,0,,1,,,,,2,Mujer,29,841,7,Universitaria,Superior,2,,1.0,,,3,,,,,,,,,,,,,,,,,,,,,,,,,,,,,,,,,9,6,0,1.0,2.0
48821,1,1,1,0,,1,,,,,1,Hombre,51,2601,8,Postgrado,Superior,2,,1.0,,,3,,,,,,,,,,,,,,,,,,,,,,,,,,,,,,,,,9,6,0,1.0,1.0
48825,4,1,4,1,1.0,0,,,,,1,Hombre,37,1369,5,Media,Media,2,,1.0,,,3,,,,,,,,,,,,,,,,,,,,,,,,,,,,,,,,,9,5,2,1.0,1.0
48842,2,1,2,1,1.0,0,,,,,2,Mujer,24,576,7,Universitaria,Superior,2,,,,,3,,,,,,,,,,,,,,,,,,,,,,,,,,,,,,,,,9,3,0,1.0,2.0
48843,1,1,1,0,,1,,,,,2,Mujer,56,3136,3,Basica primaria,Baja,2,,1.0,,,3,,,,,,,,,,,,,,,,,,,,,,,,,,,,,,,,,9,2,3,1.0,2.0
48851,2,1,2,0,,1,,,,,1,Hombre,24,576,5,Media,Media,2,,1.0,,,3,,,,,,,,,,,,,,,,,,,,,,,,,,,,,,,,,9,6,0,1.0,1.0
48857,1,1,1,1,1.0,0,,,2.0,2000.0,2,Mujer,29,841,8,Postgrado,Superior,1,1.0,,,,3,3.0,2.0,,1.0,DOS MIL PESOS,,,,1.0,,,,,,1.0,,,2.0,2.0,2.0,2.0,2.0,2.0,2.0,2.0,2.0,2.0,2.0,2.0,2.0,2.0,2.0,9,6,0,1.0,2.0
48865,1,1,1,1,1.0,0,,,,,2,Mujer,43,1849,4,Basica secundaria,Media,2,,1.0,,,3,,,,,,,,,,,,,,,,,,,,,,,,,,,,,,,,,9,5,3,1.0,2.0
48871,2,1,2,1,1.0,0,,,,,2,Mujer,27,729,7,Universitaria,Superior,2,,,,,3,,,,,,,,,,,,,,,,,,,,,,,,,,,,,,,,,9,6,0,1.0,2.0
48873,2,1,2,0,,1,,,,,1,Hombre,36,1296,5,Media,Media,2,,1.0,,,3,,,,,,,,,,,,,,,,,,,,,,,,,,,,,,,,,9,2,1,1.0,1.0
48878,2,1,2,0,,1,,,2.0,,1,Hombre,31,961,6,Tecnica/tecnologica,Superior,1,,1.0,,,3,2.0,2.0,,2.0,,,,,1.0,,,,,,2.0,,,2.0,2.0,2.0,2.0,1.0,2.0,2.0,2.0,2.0,2.0,1.0,2.0,2.0,2.0,2.0,1,5,1,1.0,1.0
48889,1,1,1,0,,1,,,,,1,Hombre,37,1369,5,Media,Media,2,,1.0,,,3,,,,,,,,,,,,,,,,,,,,,,,,,,,,,,,,,9,2,1,1.0,1.0
48899,1,1,1,1,1.0,0,9000.0,9.104979856318357,3.0,3000.0,1,Hombre,23,529,6,Tecnica/tecnologica,Superior,1,,,,,3,3.0,1.0,3.0,1.0,TRES MIL PESOS,,,,1.0,,,,,,2.0,,,2.0,2.0,2.0,2.0,2.0,2.0,2.0,1.0,2.0,1.0,1.0,1.0,2.0,2.0,2.0,9,2,0,2.0,1.0
48900,2,1,2,0,,1,,,,,2,Mujer,57,3249,6,Tecnica/tecnologica,Superior,2,,1.0,,,3,,,,,,,,,,,,,,,,,,,,,,,,,,,,,,,,,9,3,0,1.0,2.0
48910,2,1,2,0,,1,,,,,2,Mujer,32,1024,4,Basica secundaria,Media,2,,1.0,,,3,,,,,,,,,,,,,,,,,,,,,,,,,,,,,,,,,9,3,3,1.0,2.0
48917,1,1,1,1,1.0,0,100000.0,11.512925464970229,30.0,2000.0,2,Mujer,33,1089,8,Postgrado,Superior,1,,,,,1,5.0,1.0,30.0,1.0,DOS MIL PESOS,,,,,1.0,,,,,2.0,,,2.0,2.0,2.0,2.0,2.0,2.0,2.0,2.0,2.0,2.0,2.0,2.0,2.0,2.0,2.0,9,6,0,1.0,2.0
48924,3,1,3,0,,1,,,,,1,Hombre,22,484,6,Tecnica/tecnologica,Superior,2,,1.0,,,3,,,,,,,,,,,,,,,,,,,,,,,,,,,,,,,,,9,6,0,1.0,1.0
48929,2,1,2,1,1.0,0,,,,,1,Hombre,36,1296,5,Media,Media,2,,1.0,,,3,,,,,,,,,,,,,,,,,,,,,,,,,,,,,,,,,9,5,9,1.0,1.0
48935,1,1,1,0,,1,80000.0,11.289781913656018,30.0,2000.0,1,Hombre,40,1600,6,Tecnica/tecnologica,Superior,1,,1.0,,,3,5.0,1.0,30.0,1.0,DOS MIL PESOS,,,,1.0,,,,,,2.0,,,1.0,2.0,2.0,1.0,2.0,2.0,2.0,1.0,1.0,1.0,1.0,2.0,2.0,2.0,2.0,5,2,1,1.0,1.0
48960,2,1,2,1,1.0,0,,,2.0,2000.0,1,Hombre,37,1369,5,Media,Media,1,,,,,3,2.0,2.0,,1.0,DOS MIL PESOS,,,,,,,1.0,,,2.0,,,2.0,2.0,2.0,2.0,2.0,2.0,2.0,2.0,2.0,2.0,2.0,2.0,2.0,2.0,2.0,9,6,0,1.0,1.0
48963,1,1,1,1,1.0,0,,,,,1,Hombre,23,529,6,Tecnica/tecnologica,Superior,2,,,,,3,,,,,,,,,,,,,,,,,,,,,,,,,,,,,,,,,9,6,0,1.0,1.0
48972,1,1,1,0,,1,,,,,1,Hombre,60,3600,3,Basica primaria,Baja,2,,1.0,,,3,,,,,,,,,,,,,,,,,,,,,,,,,,,,,,,,,9,2,3,1.0,1.0
48973,1,1,1,1,1.0,0,6000.0,8.699514748210191,2.0,3000.0,1,Hombre,20,400,4,Basica secundaria,Media,1,,,,,1,3.0,1.0,2.0,1.0,TRES MIL PESOS,,,,1.0,,,,,,2.0,,,2.0,1.0,2.0,2.0,2.0,2.0,2.0,2.0,2.0,2.0,1.0,2.0,2.0,1.0,2.0,9,6,0,1.0,1.0
48983,1,1,1,1,1.0,0,,,,,2,Mujer,28,784,7,Universitaria,Superior,2,,,,,3,,,,,,,,,,,,,,,,,,,,,,,,,,,,,,,,,9,2,0,1.0,2.0
48985,1,1,1,0,,1,,,,,1,Hombre,48,2304,7,Universitaria,Superior,2,,1.0,,,3,,,,,,,,,,,,,,,,,,,,,,,,,,,,,,,,,9,6,0,1.0,2.0
48988,1,1,1,1,1.0,0,50000.0,10.819778284410283,7.0,2000.0,1,Hombre,26,676,5,Media,Media,1,1.0,1.0,,,3,4.0,1.0,15.0,1.0,DOS MIL PESOS,,,1.0,,,,,,,1.0,,,2.0,2.0,2.0,2.0,2.0,2.0,2.0,2.0,2.0,2.0,1.0,1.0,2.0,2.0,2.0,9,1,0,1.0,1.0
48990,1,1,1,1,1.0,0,80000.0,11.289781913656018,12.0,2000.0,2,Mujer,44,1936,7,Universitaria,Superior,1,,,,,3,3.0,1.0,15.0,1.0,DOS MIL PESOS,,,,1.0,,,,,,2.0,,,2.0,2.0,2.0,2.0,2.0,2.0,2.0,1.0,1.0,1.0,2.0,2.0,2.0,2.0,2.0,9,6,1,1.0,2.0
48998,3,1,3,1,1.0,0,,,,,1,Hombre,53,2809,7,Universitaria,Superior,2,,,,,3,,,,,,,,,,,,,,,,,,,,,,,,,,,,,,,,,9,6,1,1.0,2.0
49000,1,1,1,1,1.0,0,120000.0,11.695247021764184,20.0,6000.0,2,Mujer,34,1156,7,Universitaria,Superior,1,1.0,1.0,,,3,3.0,1.0,5.0,1.0,SEIS MIL,,,,1.0,1.0,,,1.0,,1.0,,,2.0,2.0,2.0,2.0,2.0,1.0,2.0,2.0,2.0,2.0,2.0,2.0,2.0,2.0,2.0,9,5,0,1.0,2.0
49027,3,1,3,0,,1,,,,,2,Mujer,51,2601,7,Universitaria,Superior,2,,1.0,,,3,,,,,,,,,,,,,,,,,,,,,,,,,,,,,,,,,5,6,0,1.0,2.0
49037,2,1,2,1,1.0,0,,,,,2,Mujer,29,841,8,Postgrado,Superior,2,,1.0,,,3,,,,,,,,,,,,,,,,,,,,,,,,,,,,,,,,,9,2,0,1.0,2.0
49055,3,1,3,1,1.0,0,,,,,2,Mujer,19,361,5,Media,Media,2,,1.0,1.0,,3,,,,,,,,,,,,,,,,,,,,,,,,,,,,,,,,,9,6,0,2.0,2.0
49061,1,1,1,0,,1,5000.0,8.517193191416238,1.0,5000.0,1,Hombre,55,3025,8,Postgrado,Superior,1,,,1.0,,2,2.0,1.0,1.0,1.0,CINCO MIL PESOS,,,,,1.0,,,,,2.0,,,2.0,2.0,2.0,2.0,2.0,2.0,2.0,2.0,2.0,2.0,1.0,1.0,2.0,2.0,1.0,9,5,3,1.0,1.0
49067,1,1,1,0,,1,,,,,1,Hombre,63,3969,3,Basica primaria,Baja,2,,1.0,,,3,,,,,,,,,,,,,,,,,,,,,,,,,,,,,,,,,9,2,2,1.0,1.0
49068,2,1,2,0,,1,,,,,1,Hombre,40,1600,4,Basica secundaria,Media,2,,1.0,,,3,,,,,,,,,,,,,,,,,,,,,,,,,,,,,,,,,9,5,1,1.0,1.0
49094,1,1,1,1,1.0,0,,,,,2,Mujer,35,1225,8,Postgrado,Superior,2,,,,,3,,,,,,,,,,,,,,,,,,,,,,,,,,,,,,,,,9,6,0,1.0,2.0
49102,1,1,1,1,1.0,0,2000.0,7.600902459542082,1.0,1500.0,1,Hombre,25,625,5,Media,Media,1,1.0,1.0,1.0,,3,5.0,1.0,30.0,1.0,MIL QUINIENTOS,1.0,,,1.0,,,,,,1.0,,,2.0,2.0,2.0,2.0,2.0,2.0,2.0,2.0,1.0,2.0,2.0,2.0,2.0,2.0,2.0,9,6,0,1.0,1.0
49108,1,1,1,0,,1,,,,,1,Hombre,36,1296,5,Media,Media,2,,1.0,,,3,,,,,,,,,,,,,,,,,,,,,,,,,,,,,,,,,9,2,0,1.0,1.0
49109,2,1,2,1,1.0,0,,,,,1,Hombre,34,1156,8,Postgrado,Superior,2,,1.0,,,3,,,,,,,,,,,,,,,,,,,,,,,,,,,,,,,,,9,3,2,1.0,1.0
49113,4,1,4,1,1.0,0,,,,,2,Mujer,31,961,6,Tecnica/tecnologica,Superior,2,,,,,3,,,,,,,,,,,,,,,,,,,,,,,,,,,,,,,,,9,6,0,1.0,2.0
49124,2,1,2,0,,1,,,,,1,Hombre,40,1600,5,Media,Media,2,,1.0,,,3,,,,,,,,,,,,,,,,,,,,,,,,,,,,,,,,,9,6,1,1.0,1.0
49128,1,1,1,0,,1,,,,,2,Mujer,34,1156,6,Tecnica/tecnologica,Superior,2,,1.0,,,3,,,,,,,,,,,,,,,,,,,,,,,,,,,,,,,,,9,6,2,1.0,2.0
49130,2,1,2,0,,1,,,,,2,Mujer,35,1225,6,Tecnica/tecnologica,Superior,2,,1.0,,,3,,,,,,,,,,,,,,,,,,,,,,,,,,,,,,,,,1,5,4,1.0,2.0
49141,3,1,3,1,1.0,0,,,,,2,Mujer,18,324,7,Universitaria,Superior,2,,,,,3,,,,,,,,,,,,,,,,,,,,,,,,,,,,,,,,,5,6,0,1.0,2.0
49146,3,1,3,1,1.0,0,,,,,1,Hombre,26,676,5,Media,Media,2,,1.0,,,3,,,,,,,,,,,,,,,,,,,,,,,,,,,,,,,,,9,6,0,1.0,1.0
49148,1,1,1,1,1.0,0,,,,,1,Hombre,47,2209,7,Universitaria,Superior,2,,,,,3,,,,,,,,,,,,,,,,,,,,,,,,,,,,,,,,,9,6,0,1.0,1.0
49151,2,1,2,1,1.0,0,180000.0,12.100712129872347,70.0,2000.0,1,Hombre,23,529,5,Media,Media,1,,1.0,,,3,5.0,1.0,30.0,1.0,DOS MIL,,,1.0,,,,,,,2.0,,,2.0,2.0,2.0,2.0,2.0,2.0,2.0,2.0,2.0,2.0,2.0,2.0,2.0,2.0,1.0,5,6,0,1.0,1.0
49157,4,1,4,0,,1,,,,,1,Hombre,25,625,4,Basica secundaria,Media,2,,1.0,,,3,,,,,,,,,,,,,,,,,,,,,,,,,,,,,,,,,9,6,0,1.0,1.0
49167,5,1,5,1,1.0,0,,,,,1,Hombre,16,256,4,Basica secundaria,Media,2,,,,,3,,,,,,,,,,,,,,,,,,,,,,,,,,,,,,,,,9,6,0,,
49173,3,1,3,0,,1,,,,,2,Mujer,19,361,7,Universitaria,Superior,2,,1.0,,,3,,,,,,,,,,,,,,,,,,,,,,,,,,,,,,,,,9,6,0,1.0,2.0
49176,1,1,1,1,1.0,0,60000.0,11.002099841204238,30.0,2000.0,1,Hombre,38,1444,4,Basica secundaria,Media,1,,1.0,,,3,5.0,1.0,30.0,1.0,DOS MIL PESOS,,,1.0,,,,,,,2.0,,,1.0,1.0,2.0,1.0,2.0,1.0,1.0,1.0,1.0,1.0,1.0,1.0,1.0,1.0,1.0,9,5,1,1.0,1.0
49196,2,1,2,1,1.0,0,,,,,1,Hombre,20,400,5,Media,Media,1,,,,,3,1.0,2.0,,2.0,,,,,1.0,,,,,,2.0,,,2.0,2.0,2.0,2.0,2.0,2.0,2.0,2.0,2.0,2.0,2.0,2.0,2.0,2.0,2.0,9,3,0,2.0,1.0
49232,2,1,2,1,1.0,0,12000.0,9.392661928770137,1.0,3000.0,2,Mujer,24,576,7,Universitaria,Superior,1,1.0,1.0,,,1,4.0,1.0,10.0,1.0,TRES MIL PESOS,,,1.0,,,,,,,1.0,,,1.0,1.0,1.0,1.0,2.0,2.0,2.0,1.0,1.0,1.0,1.0,2.0,1.0,2.0,1.0,9,6,0,3.0,2.0
49233,1,1,1,0,,1,,,,,1,Hombre,42,1764,5,Media,Media,2,,1.0,,,3,,,,,,,,,,,,,,,,,,,,,,,,,,,,,,,,,9,1,2,1.0,1.0
49235,3,1,3,1,1.0,0,60000.0,11.002099841204238,30.0,2000.0,1,Hombre,17,289,4,Basica secundaria,Media,1,,,,,3,5.0,1.0,30.0,1.0,DOS MIL PESOS,,,1.0,,,,,,,2.0,,,2.0,2.0,2.0,2.0,2.0,2.0,2.0,2.0,1.0,1.0,1.0,1.0,1.0,2.0,1.0,5,6,0,,
49245,1,1,1,1,1.0,0,,,,,2,Mujer,65,4225,7,Universitaria,Superior,2,,,,,3,,,,,,,,,,,,,,,,,,,,,,,,,,,,,,,,,9,5,1,1.0,2.0
49250,4,1,4,0,,1,,,,,2,Mujer,27,729,7,Universitaria,Superior,2,,,,1.0,3,,,,,,,,,,,,,,,,,,,,,,,,,,,,,,,,,5,6,0,1.0,2.0
49254,3,1,3,1,1.0,0,,,1.0,3000.0,1,Hombre,16,256,5,Media,Media,1,1.0,1.0,,,3,2.0,2.0,,1.0,TRES MIL PESOS,,,1.0,,,,,,,1.0,,,1.0,1.0,1.0,2.0,2.0,2.0,2.0,2.0,2.0,2.0,2.0,2.0,2.0,2.0,2.0,9,6,0,,
49259,1,1,1,0,,1,,,,,1,Hombre,63,3969,3,Basica primaria,Baja,2,,1.0,,,3,,,,,,,,,,,,,,,,,,,,,,,,,,,,,,,,,5,6,4,1.0,1.0
49261,2,1,2,0,,1,,,,,2,Mujer,46,2116,7,Universitaria,Superior,2,,1.0,,,3,,,,,,,,,,,,,,,,,,,,,,,,,,,,,,,,,9,3,2,1.0,2.0
49263,1,1,1,0,,1,,,,,1,Hombre,24,576,6,Tecnica/tecnologica,Superior,2,,1.0,,,3,,,,,,,,,,,,,,,,,,,,,,,,,,,,,,,,,9,2,1,1.0,2.0
49266,1,1,1,0,,1,50000.0,10.819778284410283,4.0,4000.0,1,Hombre,62,3844,8,Postgrado,Superior,1,,1.0,,,3,3.0,1.0,4.0,1.0,CUATRO MIL PESOS,,,,,,1.0,,,,2.0,,,1.0,1.0,1.0,1.0,1.0,1.0,1.0,1.0,1.0,1.0,1.0,1.0,1.0,1.0,1.0,9,3,2,4.0,4.0
49279,2,1,2,0,,1,,,,,2,Mujer,52,2704,5,Media,Media,2,,1.0,,,3,,,,,,,,,,,,,,,,,,,,,,,,,,,,,,,,,9,6,1,1.0,2.0
49312,4,1,4,1,1.0,0,60000.0,11.002099841204238,30.0,2000.0,1,Hombre,28,784,3,Basica primaria,Baja,1,1.0,1.0,,,3,5.0,1.0,30.0,1.0,DOS MIL PESOS,,,,1.0,,,,,,1.0,,,1.0,2.0,2.0,1.0,2.0,2.0,2.0,2.0,2.0,2.0,1.0,1.0,2.0,2.0,2.0,9,6,1,1.0,1.0
49316,1,1,1,1,1.0,0,100000.0,11.512925464970229,30.0,,1,Hombre,23,529,6,Tecnica/tecnologica,Superior,1,,,,,3,5.0,1.0,30.0,2.0,,,,1.0,,,,,,,2.0,,,2.0,2.0,2.0,2.0,2.0,2.0,2.0,2.0,2.0,2.0,2.0,2.0,2.0,2.0,2.0,9,6,0,1.0,1.0
49318,1,1,1,1,1.0,0,,,,,2,Mujer,25,625,4,Basica secundaria,Media,2,,,,,3,,,,,,,,,,,,,,,,,,,,,,,,,,,,,,,,,9,6,1,1.0,2.0
49329,2,1,2,0,,1,,,,,2,Mujer,61,3721,4,Basica secundaria,Media,2,,1.0,,,3,,,,,,,,,,,,,,,,,,,,,,,,,,,,,,,,,9,5,2,1.0,2.0
49340,2,1,2,0,,1,,,,,1,Hombre,18,324,5,Media,Media,2,,1.0,,,3,,,,,,,,,,,,,,,,,,,,,,,,,,,,,,,,,9,6,0,1.0,1.0
49345,1,1,1,1,1.0,0,,,,,1,Hombre,26,676,3,Basica primaria,Baja,2,,,,,3,,,,,,,,,,,,,,,,,,,,,,,,,,,,,,,,,9,3,3,1.0,1.0
49351,2,1,2,0,,1,15000.0,9.615805480084347,6.0,2500.0,2,Mujer,35,1225,3,Basica primaria,Baja,1,,1.0,,,2,4.0,1.0,5.0,1.0,dos mil quinientos pesos,,,,1.0,,,,,,2.0,,,2.0,2.0,2.0,2.0,2.0,2.0,2.0,2.0,2.0,2.0,2.0,2.0,2.0,2.0,2.0,9,2,3,1.0,2.0
49358,1,1,1,0,,1,,,,,1,Hombre,59,3481,3,Basica primaria,Baja,2,,1.0,,,3,,,,,,,,,,,,,,,,,,,,,,,,,,,,,,,,,9,2,0,1.0,1.0
49377,3,1,3,1,1.0,0,60000.0,11.002099841204238,60.0,1000.0,1,Hombre,19,361,5,Media,Media,1,,,,,3,5.0,1.0,30.0,1.0,MIL PESOS,,,1.0,,,,,,,2.0,,,1.0,2.0,2.0,2.0,2.0,2.0,2.0,2.0,1.0,2.0,2.0,1.0,2.0,1.0,1.0,5,6,0,1.0,1.0
49390,1,1,1,0,,1,,,,,1,Hombre,58,3364,3,Basica primaria,Baja,2,,1.0,,,3,,,,,,,,,,,,,,,,,,,,,,,,,,,,,,,,,5,2,2,1.0,1.0
49410,1,1,1,1,1.0,0,,,,,1,Hombre,39,1521,7,Universitaria,Superior,2,,1.0,,,3,,,,,,,,,,,,,,,,,,,,,,,,,,,,,,,,,9,1,0,1.0,1.0
49422,1,1,1,0,,1,,,,,1,Hombre,61,3721,3,Basica primaria,Baja,2,,1.0,,,3,,,,,,,,,,,,,,,,,,,,,,,,,,,,,,,,,9,5,4,1.0,1.0
49448,4,1,4,0,,1,,,,,1,Hombre,25,625,5,Media,Media,2,,1.0,,,3,,,,,,,,,,,,,,,,,,,,,,,,,,,,,,,,,5,6,0,1.0,1.0
49473,1,1,1,0,,1,,,,,2,Mujer,29,841,6,Tecnica/tecnologica,Superior,2,,1.0,,,3,,,,,,,,,,,,,,,,,,,,,,,,,,,,,,,,,9,6,0,1.0,2.0
49478,1,1,1,0,,1,,,,,2,Mujer,25,625,4,Basica secundaria,Media,2,,1.0,,,3,,,,,,,,,,,,,,,,,,,,,,,,,,,,,,,,,9,1,2,1.0,2.0
49480,2,1,2,1,1.0,0,10000.0,9.210340371976184,4.0,2000.0,1,Hombre,40,1600,4,Basica secundaria,Media,1,,,,,3,4.0,1.0,3.0,1.0,DOS MIL PESOS,,,1.0,,,,,,,2.0,,,1.0,2.0,2.0,1.0,2.0,1.0,1.0,1.0,1.0,1.0,1.0,1.0,1.0,1.0,1.0,9,6,0,1.0,1.0
49484,1,1,1,0,,1,,,,,2,Mujer,32,1024,7,Universitaria,Superior,2,,1.0,,,3,,,,,,,,,,,,,,,,,,,,,,,,,,,,,,,,,1,2,1,1.0,2.0
49485,3,1,3,0,,1,,,,,1,Hombre,22,484,5,Media,Media,2,,1.0,,,3,,,,,,,,,,,,,,,,,,,,,,,,,,,,,,,,,9,1,0,1.0,1.0
49491,2,1,2,1,1.0,0,,,1.0,3000.0,2,Mujer,19,361,6,Tecnica/tecnologica,Superior,1,,,,,2,2.0,2.0,,1.0,TRES MIL PESOS,,,,1.0,,,,,,2.0,,,2.0,2.0,2.0,2.0,2.0,2.0,2.0,2.0,2.0,2.0,2.0,2.0,2.0,2.0,2.0,9,6,0,1.0,2.0
49503,2,1,2,1,1.0,0,100000.0,11.512925464970229,20.0,4000.0,1,Hombre,33,1089,7,Universitaria,Superior,1,,,,,3,5.0,1.0,21.0,1.0,CUATRO MIL PESOS,,,,1.0,,,,,,2.0,,,2.0,2.0,2.0,2.0,2.0,2.0,2.0,2.0,2.0,2.0,2.0,2.0,2.0,2.0,2.0,9,2,4,1.0,1.0
49510,1,1,1,1,1.0,0,,,10.0,5000.0,1,Hombre,29,841,6,Tecnica/tecnologica,Superior,1,,1.0,,,3,2.0,2.0,,1.0,CINCO MIL PESOS,,,1.0,,1.0,,,,,2.0,,,2.0,2.0,1.0,2.0,2.0,2.0,1.0,2.0,1.0,1.0,1.0,1.0,1.0,1.0,2.0,9,6,1,1.0,1.0
49512,1,1,1,1,1.0,0,,,,,1,Hombre,31,961,7,Universitaria,Superior,2,,1.0,,,3,,,,,,,,,,,,,,,,,,,,,,,,,,,,,,,,,9,6,0,1.0,1.0
49526,1,1,1,1,1.0,0,,,2.0,3000.0,1,Hombre,26,676,6,Tecnica/tecnologica,Superior,1,,,,,3,3.0,2.0,,1.0,TRES MIL PESOS,,,1.0,,,,,,,2.0,,,2.0,2.0,2.0,2.0,2.0,2.0,2.0,2.0,2.0,2.0,2.0,2.0,2.0,2.0,2.0,9,3,1,1.0,1.0
49539,1,1,1,1,1.0,0,,,,,1,Hombre,29,841,7,Universitaria,Superior,2,,1.0,,,3,,,,,,,,,,,,,,,,,,,,,,,,,,,,,,,,,9,3,0,1.0,1.0
49557,1,1,1,1,1.0,0,,,,,2,Mujer,31,961,8,Postgrado,Superior,2,,1.0,,,3,,,,,,,,,,,,,,,,,,,,,,,,,,,,,,,,,9,6,0,1.0,2.0
49558,3,1,3,1,1.0,0,,,1.0,10000.0,1,Hombre,28,784,8,Postgrado,Superior,1,1.0,,,,3,2.0,2.0,,1.0,DIEZ MIL,,,,,,,1.0,,,1.0,,,2.0,2.0,1.0,2.0,2.0,2.0,2.0,2.0,2.0,2.0,2.0,2.0,2.0,2.0,2.0,9,6,0,1.0,1.0
49565,1,1,1,1,1.0,0,,,,,2,Mujer,40,1600,7,Universitaria,Superior,2,,1.0,,,3,,,,,,,,,,,,,,,,,,,,,,,,,,,,,,,,,9,6,1,1.0,2.0
49567,1,1,1,0,,1,,,,,2,Mujer,37,1369,8,Postgrado,Superior,2,,1.0,,,3,,,,,,,,,,,,,,,,,,,,,,,,,,,,,,,,,9,3,1,1.0,2.0
49583,3,1,3,0,,1,80000.0,11.289781913656018,20.0,3000.0,1,Hombre,50,2500,1,Ninguno,Baja,1,,1.0,,,1,5.0,1.0,30.0,1.0,TRES MIL PESOS,,,1.0,,,,,,,2.0,,,2.0,2.0,2.0,2.0,2.0,2.0,2.0,2.0,2.0,2.0,2.0,2.0,2.0,2.0,2.0,9,5,3,1.0,1.0
49594,1,1,1,1,1.0,0,10000.0,9.210340371976184,2.0,3000.0,1,Hombre,27,729,6,Tecnica/tecnologica,Superior,1,1.0,1.0,1.0,,3,2.0,1.0,1.0,1.0,TRES MIL PESOS,,,1.0,1.0,,,,,,1.0,,,2.0,2.0,2.0,2.0,2.0,2.0,2.0,2.0,2.0,2.0,2.0,2.0,2.0,2.0,2.0,9,6,1,1.0,1.0
49596,1,1,1,0,,1,,,,,1,Hombre,45,2025,3,Basica primaria,Baja,2,,1.0,,,3,,,,,,,,,,,,,,,,,,,,,,,,,,,,,,,,,9,5,2,1.0,1.0
49608,1,1,1,1,1.0,0,,,,,1,Hombre,26,676,5,Media,Media,2,,,,,3,,,,,,,,,,,,,,,,,,,,,,,,,,,,,,,,,9,6,3,1.0,1.0
49617,2,1,2,0,,1,,,,,2,Mujer,38,1444,6,Tecnica/tecnologica,Superior,2,,1.0,,,9,,,,,,,,,,,,,,,,,,,,,,,,,,,,,,,,,5,6,0,3.0,2.0
49650,1,1,1,0,,1,,,,,1,Hombre,59,3481,3,Basica primaria,Baja,2,,1.0,,,3,,,,,,,,,,,,,,,,,,,,,,,,,,,,,,,,,9,5,2,1.0,1.0
49701,3,1,3,0,,1,60000.0,11.002099841204238,60.0,2000.0,1,Hombre,29,841,3,Basica primaria,Baja,1,,1.0,,,3,5.0,1.0,30.0,1.0,DOS MIL,,,1.0,,,,,,,2.0,,,2.0,1.0,1.0,1.0,2.0,1.0,2.0,1.0,1.0,2.0,1.0,2.0,1.0,1.0,1.0,9,6,0,1.0,1.0
49723,1,1,1,0,,1,,,,,1,Hombre,37,1369,5,Media,Media,2,,1.0,,,3,,,,,,,,,,,,,,,,,,,,,,,,,,,,,,,,,9,2,3,1.0,1.0
49726,3,1,3,1,1.0,0,,,,,1,Hombre,55,3025,4,Basica secundaria,Media,2,,,,,3,,,,,,,,,,,,,,,,,,,,,,,,,,,,,,,,,9,6,0,1.0,1.0
49732,2,1,2,1,1.0,0,,,,,1,Hombre,30,900,7,Universitaria,Superior,2,,1.0,,,3,,,,,,,,,,,,,,,,,,,,,,,,,,,,,,,,,9,3,1,1.0,1.0
49734,4,1,4,1,1.0,0,,,1.0,,1,Hombre,34,1156,6,Tecnica/tecnologica,Superior,1,,,,,3,9.0,2.0,,2.0,,,,,1.0,,,,,,9.0,,,2.0,2.0,2.0,2.0,2.0,2.0,2.0,2.0,2.0,2.0,2.0,2.0,2.0,2.0,2.0,9,6,0,1.0,1.0
49754,1,1,1,0,,1,,,,,1,Hombre,27,729,5,Media,Media,2,,1.0,,,3,,,,,,,,,,,,,,,,,,,,,,,,,,,,,,,,,9,3,0,1.0,1.0
49777,1,1,1,1,1.0,0,,,,,1,Hombre,23,529,7,Universitaria,Superior,2,,,,,3,,,,,,,,,,,,,,,,,,,,,,,,,,,,,,,,,9,6,0,1.0,1.0
49800,1,1,1,0,,1,,,,,2,Mujer,65,4225,3,Basica primaria,Baja,2,,1.0,,,3,,,,,,,,,,,,,,,,,,,,,,,,,,,,,,,,,9,4,3,1.0,2.0
49803,3,1,3,1,1.0,0,,,1.0,3500.0,1,Hombre,17,289,5,Media,Media,1,,,,,2,3.0,2.0,,1.0,TRES MIL QUINIENTOS,,,,1.0,,,,,,2.0,,,2.0,2.0,2.0,2.0,2.0,2.0,2.0,2.0,2.0,2.0,2.0,2.0,1.0,2.0,2.0,9,6,0,,
49812,3,1,3,1,1.0,0,,,,,2,Mujer,33,1089,7,Universitaria,Superior,2,,,,,3,,,,,,,,,,,,,,,,,,,,,,,,,,,,,,,,,9,6,0,1.0,2.0
49823,2,1,2,0,,1,,,,,1,Hombre,38,1444,5,Media,Media,2,,1.0,,,3,,,,,,,,,,,,,,,,,,,,,,,,,,,,,,,,,9,6,0,1.0,1.0
49830,2,1,2,1,1.0,0,,,,,2,Mujer,30,900,3,Basica primaria,Baja,2,,1.0,1.0,,3,,,,,,,,,,,,,,,,,,,,,,,,,,,,,,,,,9,2,2,1.0,2.0
49851,3,1,3,1,1.0,0,20000.0,9.903487552536127,10.0,3000.0,1,Hombre,25,625,7,Universitaria,Superior,1,1.0,,,,3,4.0,1.0,10.0,1.0,TRES MIL PESOS,,,,1.0,,,,,,1.0,,,1.0,2.0,2.0,2.0,2.0,2.0,2.0,1.0,1.0,1.0,1.0,2.0,1.0,2.0,1.0,9,6,2,2.0,1.0
49874,1,1,1,1,1.0,0,,,,,2,Mujer,28,784,7,Universitaria,Superior,2,,,,,3,,,,,,,,,,,,,,,,,,,,,,,,,,,,,,,,,9,6,0,1.0,2.0
49878,1,1,1,0,,1,,,,,2,Mujer,23,529,7,Universitaria,Superior,2,,1.0,,,3,,,,,,,,,,,,,,,,,,,,,,,,,,,,,,,,,9,6,0,1.0,2.0
49884,1,1,1,0,,1,30000.0,10.308952660644293,30.0,2000.0,1,Hombre,62,3844,1,Ninguno,Baja,1,,,,1.0,3,5.0,1.0,15.0,1.0,DOS MIL PESOS,,,,,,,,1.0,,2.0,,,2.0,2.0,2.0,1.0,2.0,1.0,1.0,1.0,2.0,2.0,1.0,2.0,2.0,2.0,1.0,1,5,12,1.0,1.0
49885,1,1,1,1,1.0,0,60000.0,11.002099841204238,84.0,2000.0,1,Hombre,30,900,3,Basica primaria,Baja,1,1.0,,,,3,5.0,1.0,30.0,1.0,DOS MIL PESOS,,,,1.0,,,,,,1.0,,,2.0,2.0,2.0,2.0,2.0,1.0,2.0,2.0,2.0,2.0,1.0,2.0,2.0,2.0,2.0,9,6,1,1.0,1.0
49897,1,1,1,1,1.0,0,50000.0,10.819778284410283,15.0,2500.0,1,Hombre,24,576,5,Media,Media,1,,,,,3,4.0,1.0,15.0,1.0,DOS MIL QUINIENTOS PESOS,,,,,,,,1.0,,2.0,,,2.0,2.0,2.0,2.0,2.0,2.0,2.0,1.0,2.0,2.0,2.0,2.0,2.0,2.0,1.0,9,2,0,1.0,1.0
49905,2,1,2,1,1.0,0,120000.0,11.695247021764184,60.0,2000.0,1,Hombre,22,484,4,Basica secundaria,Media,1,,1.0,,,3,5.0,1.0,30.0,1.0,DOS MIL PESOS,,,1.0,1.0,,,,,,2.0,,,2.0,2.0,2.0,2.0,2.0,2.0,2.0,2.0,2.0,2.0,2.0,2.0,2.0,2.0,2.0,9,6,0,1.0,1.0
49907,1,1,1,1,1.0,0,,,2.0,2000.0,1,Hombre,36,1296,6,Tecnica/tecnologica,Superior,1,1.0,1.0,,,3,3.0,2.0,,1.0,DOS MIL PESOS,,,,,1.0,,,,,1.0,1.0,,2.0,2.0,2.0,1.0,2.0,2.0,2.0,2.0,2.0,2.0,2.0,2.0,2.0,2.0,2.0,9,3,0,1.0,1.0
49915,3,1,3,1,1.0,0,,,15.0,,1,Hombre,32,1024,5,Media,Media,1,,1.0,1.0,,3,4.0,1.0,15.0,2.0,,,,,,,,,1.0,,2.0,,,2.0,2.0,2.0,2.0,2.0,2.0,2.0,2.0,1.0,1.0,2.0,2.0,2.0,2.0,2.0,9,6,0,1.0,1.0
49927,1,1,1,0,,1,,,,,1,Hombre,46,2116,4,Basica secundaria,Media,2,,1.0,,,3,,,,,,,,,,,,,,,,,,,,,,,,,,,,,,,,,9,6,0,1.0,1.0
49929,4,1,4,0,,1,,,,,1,Hombre,25,625,6,Tecnica/tecnologica,Superior,2,,1.0,,,3,,,,,,,,,,,,,,,,,,,,,,,,,,,,,,,,,9,6,0,1.0,1.0
49935,1,1,1,1,1.0,0,10000.0,9.210340371976184,4.0,2000.0,1,Hombre,30,900,5,Media,Media,1,,1.0,,,3,3.0,1.0,3.0,1.0,DOS MIL PESOS,,,,1.0,,,,,,2.0,,,2.0,2.0,2.0,2.0,2.0,2.0,2.0,2.0,2.0,2.0,1.0,1.0,2.0,2.0,1.0,9,6,0,1.0,1.0
49938,1,1,1,0,,1,,,,,1,Hombre,44,1936,5,Media,Media,2,,1.0,,,3,,,,,,,,,,,,,,,,,,,,,,,,,,,,,,,,,9,6,2,1.0,1.0
49959,3,1,3,1,1.0,0,80000.0,11.289781913656018,30.0,2000.0,2,Mujer,39,1521,3,Basica primaria,Baja,1,,,,,3,5.0,1.0,30.0,1.0,DOS MIL,,,,1.0,,1.0,,,,2.0,,,2.0,2.0,2.0,1.0,2.0,2.0,2.0,1.0,2.0,1.0,2.0,2.0,2.0,2.0,1.0,9,6,6,1.0,2.0
49973,1,1,1,0,,1,10000.0,9.210340371976184,10.0,2000.0,1,Hombre,54,2916,4,Basica secundaria,Media,1,,1.0,,,3,3.0,1.0,10.0,1.0,DOS MIL PESOS,,,1.0,1.0,,1.0,,,,2.0,,,2.0,1.0,2.0,1.0,1.0,2.0,2.0,1.0,1.0,1.0,1.0,1.0,2.0,2.0,2.0,9,6,1,1.0,1.0
49980,1,1,1,1,1.0,0,40000.0,10.596634733096073,12.0,,1,Hombre,31,961,7,Universitaria,Superior,1,1.0,1.0,1.0,1.0,3,4.0,1.0,18.0,2.0,,,,,1.0,,,,,,1.0,,,2.0,2.0,2.0,2.0,2.0,1.0,2.0,2.0,2.0,2.0,2.0,2.0,2.0,2.0,2.0,9,6,0,1.0,1.0
49983,6,1,6,0,,1,,,,,1,Hombre,19,361,5,Media,Media,2,,1.0,,,3,,,,,,,,,,,,,,,,,,,,,,,,,,,,,,,,,9,6,0,1.0,1.0
49995,3,1,3,1,1.0,0,60000.0,11.002099841204238,30.0,2000.0,1,Hombre,30,900,4,Basica secundaria,Media,1,1.0,1.0,,,3,5.0,1.0,30.0,1.0,DOS MIL PESOS,,,1.0,1.0,,,1.0,,,1.0,,,2.0,2.0,2.0,2.0,2.0,1.0,2.0,2.0,2.0,2.0,1.0,1.0,2.0,2.0,1.0,9,6,1,1.0,1.0
50003,1,1,1,0,,1,,,1.0,10000.0,1,Hombre,32,1024,7,Universitaria,Superior,1,1.0,1.0,,,3,2.0,1.0,2.0,1.0,DIEZ MIL,,,,1.0,,,,,,1.0,,,2.0,2.0,2.0,2.0,2.0,1.0,2.0,2.0,2.0,2.0,2.0,2.0,2.0,2.0,2.0,9,2,0,1.0,1.0
50012,1,1,1,0,,1,,,,,1,Hombre,26,676,5,Media,Media,2,,1.0,1.0,,3,,,,,,,,,,,,,,,,,,,,,,,,,,,,,,,,,9,6,0,1.0,1.0
50019,2,1,2,1,1.0,0,,,,,2,Mujer,33,1089,6,Tecnica/tecnologica,Superior,2,,,,,3,,,,,,,,,,,,,,,,,,,,,,,,,,,,,,,,,5,2,2,1.0,2.0
50031,1,1,1,0,,1,,,,,1,Hombre,53,2809,5,Media,Media,2,,1.0,,,3,,,,,,,,,,,,,,,,,,,,,,,,,,,,,,,,,9,5,4,1.0,1.0
50033,2,1,2,0,,1,,,,,2,Mujer,40,1600,7,Universitaria,Superior,2,,1.0,,,3,,,,,,,,,,,,,,,,,,,,,,,,,,,,,,,,,9,5,1,1.0,2.0
50034,2,1,2,1,1.0,0,,,1.0,3000.0,1,Hombre,16,256,5,Media,Media,1,,1.0,,,2,3.0,2.0,,1.0,TRES MIL PESOS,,,1.0,,,,,,,2.0,,,2.0,2.0,2.0,2.0,2.0,2.0,2.0,2.0,2.0,2.0,2.0,2.0,2.0,2.0,2.0,9,6,0,,
50038,1,1,1,0,,1,,,,,1,Hombre,37,1369,6,Tecnica/tecnologica,Superior,2,,1.0,,,3,,,,,,,,,,,,,,,,,,,,,,,,,,,,,,,,,9,2,0,1.0,1.0
50039,1,1,1,1,1.0,0,,,,,1,Hombre,64,4096,3,Basica primaria,Baja,2,,,,,3,,,,,,,,,,,,,,,,,,,,,,,,,,,,,,,,,9,4,4,1.0,1.0
50042,1,1,1,0,,1,60000.0,11.002099841204238,60.0,2000.0,2,Mujer,41,1681,7,Universitaria,Superior,1,,1.0,,,3,5.0,1.0,30.0,1.0,DOS MIL PESOS,,,1.0,1.0,,,,,,2.0,,,2.0,2.0,2.0,2.0,2.0,2.0,2.0,2.0,2.0,2.0,2.0,2.0,2.0,2.0,2.0,9,5,1,1.0,2.0
50051,1,1,1,0,,1,,,,,1,Hombre,45,2025,7,Universitaria,Superior,2,,1.0,,,3,,,,,,,,,,,,,,,,,,,,,,,,,,,,,,,,,9,5,1,1.0,1.0
50052,4,1,4,1,1.0,0,10000.0,9.210340371976184,10.0,3000.0,1,Hombre,28,784,5,Media,Media,1,,1.0,,,9,4.0,1.0,15.0,1.0,TRES MIL PESOS,,,1.0,1.0,,,,,,2.0,,,2.0,2.0,2.0,2.0,2.0,2.0,2.0,2.0,2.0,2.0,2.0,2.0,2.0,2.0,2.0,9,5,0,1.0,1.0
50056,1,1,1,0,,1,,,,,1,Hombre,25,625,7,Universitaria,Superior,2,,1.0,,,9,,,,,,,,,,,,,,,,,,,,,,,,,,,,,,,,,9,6,0,2.0,1.0
50058,1,1,1,1,1.0,0,30000.0,10.308952660644293,3.0,1200.0,2,Mujer,50,2500,8,Postgrado,Superior,1,,1.0,,,3,2.0,1.0,2.0,1.0,MIL DOCIENTOS,,,,1.0,,,,,,2.0,,,1.0,1.0,1.0,1.0,2.0,1.0,1.0,2.0,2.0,2.0,2.0,2.0,2.0,2.0,2.0,5,6,1,1.0,2.0
50062,2,1,2,0,,1,,,,,1,Hombre,24,576,6,Tecnica/tecnologica,Superior,2,,1.0,,,3,,,,,,,,,,,,,,,,,,,,,,,,,,,,,,,,,9,6,0,1.0,1.0
50067,1,1,1,1,1.0,0,15000.0,9.615805480084347,50.0,2000.0,1,Hombre,22,484,5,Media,Media,1,,,,,3,5.0,1.0,30.0,1.0,DOS MIL PESOS,,,1.0,1.0,,1.0,,,,2.0,,,2.0,2.0,2.0,1.0,2.0,2.0,1.0,1.0,1.0,1.0,1.0,1.0,2.0,2.0,1.0,9,6,0,1.0,1.0
50069,2,1,2,1,1.0,0,,,,,2,Mujer,34,1156,3,Basica primaria,Baja,2,,1.0,1.0,,3,,,,,,,,,,,,,,,,,,,,,,,,,,,,,,,,,9,2,2,1.0,1.0
50073,2,1,2,0,,1,,,,,2,Mujer,42,1764,5,Media,Media,2,,1.0,,,3,,,,,,,,,,,,,,,,,,,,,,,,,,,,,,,,,9,2,2,1.0,2.0
50089,2,1,2,1,1.0,0,,,,,1,Hombre,25,625,3,Basica primaria,Baja,2,,,,,3,,,,,,,,,,,,,,,,,,,,,,,,,,,,,,,,,9,6,0,1.0,1.0
50098,1,1,1,1,1.0,0,,,,,1,Hombre,37,1369,7,Universitaria,Superior,2,,,,,3,,,,,,,,,,,,,,,,,,,,,,,,,,,,,,,,,1,2,0,2.0,1.0
50100,1,1,1,1,1.0,0,,,,,1,Hombre,39,1521,4,Basica secundaria,Media,2,,,,,3,,,,,,,,,,,,,,,,,,,,,,,,,,,,,,,,,1,3,0,1.0,1.0
50106,2,1,2,0,,1,,,,,1,Hombre,27,729,3,Basica primaria,Baja,2,,1.0,,,3,,,,,,,,,,,,,,,,,,,,,,,,,,,,,,,,,9,2,3,1.0,1.0
50110,1,1,1,1,1.0,0,,,,,1,Hombre,33,1089,7,Universitaria,Superior,2,,,,,3,,,,,,,,,,,,,,,,,,,,,,,,,,,,,,,,,9,3,1,1.0,1.0
50114,1,1,1,1,1.0,0,,,1.0,,2,Mujer,23,529,5,Media,Media,1,1.0,1.0,1.0,,3,1.0,2.0,,2.0,,,,,1.0,,,,,,1.0,,,2.0,2.0,2.0,1.0,2.0,2.0,2.0,2.0,2.0,2.0,1.0,2.0,2.0,2.0,2.0,9,6,0,3.0,2.0
50124,1,1,1,0,,1,,,,,1,Hombre,30,900,7,Universitaria,Superior,2,,1.0,,,3,,,,,,,,,,,,,,,,,,,,,,,,,,,,,,,,,9,6,0,1.0,1.0
50132,1,1,1,0,,1,,,10.0,2000.0,1,Hombre,33,1089,5,Media,Media,1,,1.0,,,3,4.0,2.0,,1.0,DOS MIL PESOS,,,1.0,,,,,,,2.0,,,2.0,2.0,2.0,2.0,2.0,2.0,2.0,2.0,2.0,2.0,2.0,2.0,2.0,2.0,2.0,9,6,1,1.0,1.0
50144,2,1,2,0,,1,,,,,2,Mujer,52,2704,7,Universitaria,Superior,2,,1.0,,,3,,,,,,,,,,,,,,,,,,,,,,,,,,,,,,,,,9,3,0,1.0,2.0
50158,3,1,3,0,,1,,,,,1,Hombre,29,841,5,Media,Media,2,,1.0,,,3,,,,,,,,,,,,,,,,,,,,,,,,,,,,,,,,,9,2,1,1.0,1.0
50168,1,1,1,0,,1,60000.0,11.002099841204238,60.0,1000.0,2,Mujer,29,841,3,Basica primaria,Baja,1,,1.0,,,3,5.0,1.0,30.0,1.0,MIL PESOS,,,,1.0,,,,,,2.0,,,1.0,1.0,2.0,1.0,2.0,1.0,1.0,1.0,1.0,1.0,1.0,1.0,1.0,1.0,1.0,5,6,1,1.0,2.0
50178,1,1,1,0,,1,,,,,1,Hombre,38,1444,7,Universitaria,Superior,2,,1.0,,,3,,,,,,,,,,,,,,,,,,,,,,,,,,,,,,,,,9,3,2,1.0,1.0
50179,3,1,3,0,,1,5000.0,8.517193191416238,2.0,5000.0,1,Hombre,18,324,7,Universitaria,Superior,1,1.0,1.0,,,2,2.0,1.0,1.0,1.0,CINCO MIL PESOS,1.0,,,,,,,,,1.0,,,2.0,2.0,2.0,1.0,2.0,2.0,2.0,2.0,2.0,2.0,2.0,1.0,2.0,2.0,2.0,9,6,0,1.0,1.0
50191,1,1,1,0,,1,,,,,1,Hombre,62,3844,6,Tecnica/tecnologica,Superior,2,,1.0,,,3,,,,,,,,,,,,,,,,,,,,,,,,,,,,,,,,,9,4,4,1.0,1.0
50197,1,1,1,1,1.0,0,120000.0,11.695247021764184,120.0,,1,Hombre,28,784,7,Universitaria,Superior,1,1.0,1.0,1.0,1.0,3,5.0,1.0,30.0,2.0,,,,,,1.0,,,,,1.0,,,2.0,2.0,2.0,2.0,2.0,2.0,1.0,2.0,1.0,1.0,2.0,2.0,2.0,2.0,2.0,9,6,0,1.0,1.0
50234,1,1,1,0,,1,100000.0,11.512925464970229,1.0,5000.0,1,Hombre,38,1444,7,Universitaria,Superior,1,1.0,,1.0,,3,3.0,1.0,5.0,1.0,CINCO MIL PESOS,,,,1.0,,,,,,1.0,,,2.0,2.0,2.0,2.0,2.0,2.0,2.0,2.0,2.0,2.0,2.0,1.0,1.0,2.0,2.0,5,2,0,1.0,1.0
50252,3,1,3,0,,1,,,,,1,Hombre,18,324,4,Basica secundaria,Media,2,,,1.0,,3,,,,,,,,,,,,,,,,,,,,,,,,,,,,,,,,,9,6,0,1.0,1.0
50260,2,1,2,0,,1,,,,,2,Mujer,31,961,4,Basica secundaria,Media,2,,1.0,,,3,,,,,,,,,,,,,,,,,,,,,,,,,,,,,,,,,9,6,2,1.0,2.0
50311,1,1,1,1,1.0,0,,,1.0,,2,Mujer,19,361,5,Media,Media,1,,,,,2,1.0,2.0,,2.0,,,,,1.0,,,,,,2.0,,,2.0,2.0,2.0,2.0,2.0,2.0,2.0,2.0,2.0,2.0,2.0,2.0,2.0,2.0,2.0,9,6,0,1.0,2.0
50333,3,1,3,1,1.0,0,,,1.0,3500.0,1,Hombre,26,676,5,Media,Media,1,,,,,3,2.0,2.0,,1.0,TRES MIL QUINIENTOS PESOS,,,,,,1.0,,,,2.0,,,2.0,2.0,2.0,2.0,2.0,2.0,2.0,2.0,2.0,2.0,2.0,2.0,2.0,2.0,2.0,9,6,0,1.0,1.0
50345,2,1,2,0,,1,40000.0,10.596634733096073,20.0,2000.0,1,Hombre,16,256,3,Basica primaria,Baja,1,,,1.0,,3,5.0,1.0,30.0,1.0,DOS MIL PESOS,,,,1.0,,,,,,2.0,,,1.0,1.0,2.0,2.0,2.0,2.0,2.0,2.0,1.0,1.0,1.0,1.0,1.0,1.0,1.0,9,6,0,,
50350,2,1,2,1,1.0,0,,,,,1,Hombre,31,961,8,Postgrado,Superior,2,,,,,3,,,,,,,,,,,,,,,,,,,,,,,,,,,,,,,,,9,3,0,1.0,1.0
50360,2,1,2,0,,1,,,,,1,Hombre,44,1936,3,Basica primaria,Baja,2,,1.0,,,3,,,,,,,,,,,,,,,,,,,,,,,,,,,,,,,,,9,2,3,1.0,1.0
50376,1,1,1,0,,1,,,,,2,Mujer,40,1600,6,Tecnica/tecnologica,Superior,2,,1.0,,,3,,,,,,,,,,,,,,,,,,,,,,,,,,,,,,,,,9,6,0,1.0,2.0
50396,1,1,1,0,,1,,,1.0,10000.0,2,Mujer,31,961,8,Postgrado,Superior,1,1.0,1.0,,,3,2.0,1.0,2.0,1.0,DIES MIL PESOS,,,,1.0,,,,,,1.0,,,2.0,2.0,2.0,2.0,2.0,2.0,2.0,2.0,2.0,2.0,2.0,2.0,2.0,2.0,2.0,9,5,0,1.0,2.0
50416,1,1,1,0,,1,,,,,2,Mujer,26,676,6,Tecnica/tecnologica,Superior,2,,1.0,,,3,,,,,,,,,,,,,,,,,,,,,,,,,,,,,,,,,9,6,2,1.0,2.0
50418,2,1,2,1,1.0,0,,,,,2,Mujer,21,441,6,Tecnica/tecnologica,Superior,2,,,,,3,,,,,,,,,,,,,,,,,,,,,,,,,,,,,,,,,9,6,0,1.0,2.0
50419,1,1,1,0,,1,,,,,2,Mujer,43,1849,8,Postgrado,Superior,2,,,,1.0,9,,,,,,,,,,,,,,,,,,,,,,,,,,,,,,,,,9,5,0,1.0,2.0
50424,1,1,1,1,1.0,0,15000.0,9.615805480084347,3.0,5000.0,1,Hombre,32,1024,8,Postgrado,Superior,1,1.0,1.0,1.0,,2,2.0,1.0,10.0,1.0,CINCO MIL PESOS,,,,1.0,1.0,,,,,1.0,,,2.0,2.0,2.0,2.0,2.0,2.0,2.0,2.0,2.0,2.0,2.0,2.0,2.0,2.0,2.0,9,6,1,1.0,1.0
50432,1,1,1,0,,1,,,1.0,2500.0,2,Mujer,24,576,5,Media,Media,1,,1.0,1.0,,2,1.0,2.0,,1.0,DOS MIL QUINIENTOS PESOS,,,,1.0,,,,,,2.0,,,2.0,2.0,2.0,2.0,2.0,2.0,2.0,2.0,2.0,2.0,2.0,2.0,2.0,2.0,2.0,5,6,0,1.0,2.0
50436,2,1,2,0,,1,,,1.0,2000.0,2,Mujer,18,324,7,Universitaria,Superior,1,1.0,1.0,,,2,2.0,2.0,,1.0,DOS MIL PESOS,,,,,,1.0,,,,1.0,,,2.0,2.0,2.0,2.0,2.0,2.0,2.0,2.0,2.0,2.0,2.0,2.0,2.0,2.0,2.0,9,6,0,1.0,2.0
50443,2,1,2,0,,1,,,,,2,Mujer,36,1296,7,Universitaria,Superior,2,,1.0,,,3,,,,,,,,,,,,,,,,,,,,,,,,,,,,,,,,,9,1,0,1.0,2.0
50463,1,1,1,1,1.0,0,,,,,1,Hombre,57,3249,8,Postgrado,Superior,2,,,,,3,,,,,,,,,,,,,,,,,,,,,,,,,,,,,,,,,9,6,0,1.0,1.0
50469,1,1,1,0,,1,,,,,2,Mujer,22,484,5,Media,Media,2,,1.0,,,3,,,,,,,,,,,,,,,,,,,,,,,,,,,,,,,,,9,2,1,1.0,2.0
50472,1,1,1,0,,1,,,,,1,Hombre,25,625,7,Universitaria,Superior,2,,1.0,,,3,,,,,,,,,,,,,,,,,,,,,,,,,,,,,,,,,9,6,0,1.0,1.0
50483,2,1,2,0,,1,,,,,2,Mujer,30,900,5,Media,Media,2,,1.0,,,3,,,,,,,,,,,,,,,,,,,,,,,,,,,,,,,,,9,6,1,1.0,2.0
50498,4,1,4,0,,1,,,,,1,Hombre,22,484,7,Universitaria,Superior,2,,1.0,,,9,,,,,,,,,,,,,,,,,,,,,,,,,,,,,,,,,9,6,0,1.0,1.0
50501,3,1,3,1,1.0,0,,,,,1,Hombre,40,1600,5,Media,Media,2,,1.0,,,3,,,,,,,,,,,,,,,,,,,,,,,,,,,,,,,,,9,5,1,1.0,1.0
50503,3,1,3,1,1.0,0,20000.0,9.903487552536127,15.0,4000.0,2,Mujer,16,256,4,Basica secundaria,Media,1,1.0,1.0,,,3,4.0,1.0,15.0,1.0,CUATRO MIL PESOS,,,,1.0,,1.0,1.0,,,1.0,,,1.0,1.0,1.0,1.0,1.0,1.0,1.0,1.0,1.0,1.0,1.0,1.0,1.0,1.0,1.0,9,6,0,,
50505,2,1,2,1,1.0,0,,,,,2,Mujer,37,1369,5,Media,Media,2,,1.0,,,3,,,,,,,,,,,,,,,,,,,,,,,,,,,,,,,,,9,2,1,1.0,2.0
50507,1,1,1,1,1.0,0,1000.0,6.907755278982137,2.0,1000.0,2,Mujer,30,900,7,Universitaria,Superior,1,1.0,1.0,,,3,3.0,1.0,2.0,1.0,MIL PESOS,,,,1.0,,,,,,1.0,1.0,,2.0,2.0,2.0,2.0,2.0,2.0,2.0,2.0,2.0,2.0,1.0,2.0,2.0,2.0,2.0,9,6,0,1.0,2.0
50511,1,1,1,0,,1,20000.0,9.903487552536127,15.0,1000.0,1,Hombre,32,1024,5,Media,Media,1,,1.0,,,3,3.0,1.0,20.0,1.0,MIL PESO,,,1.0,,,,,,,2.0,,,2.0,2.0,2.0,2.0,2.0,1.0,2.0,2.0,1.0,2.0,2.0,1.0,2.0,2.0,2.0,9,2,2,1.0,1.0
50526,2,1,2,0,,1,30000.0,10.308952660644293,30.0,3000.0,1,Hombre,61,3721,2,Preescolar,Baja,1,,1.0,,,3,5.0,1.0,30.0,1.0,TRES MIL PESOS,,,,,1.0,,,,,2.0,,,2.0,2.0,2.0,2.0,2.0,2.0,2.0,2.0,2.0,2.0,2.0,2.0,2.0,2.0,2.0,9,3,3,1.0,1.0
50529,3,1,3,0,,1,50000.0,10.819778284410283,15.0,3000.0,1,Hombre,25,625,7,Universitaria,Superior,1,,1.0,,,3,4.0,1.0,20.0,1.0,TRES MIL,,,1.0,1.0,,1.0,,,,2.0,,,2.0,2.0,2.0,2.0,2.0,2.0,2.0,2.0,2.0,2.0,2.0,2.0,2.0,2.0,2.0,9,6,0,1.0,1.0
50536,1,1,1,0,,1,,,,,2,Mujer,30,900,6,Tecnica/tecnologica,Superior,2,,1.0,,,3,,,,,,,,,,,,,,,,,,,,,,,,,,,,,,,,,9,5,1,1.0,2.0
50544,2,1,2,1,1.0,0,,,1.0,,1,Hombre,34,1156,7,Universitaria,Superior,1,,,,,2,1.0,2.0,,2.0,,,,,1.0,,,,,,2.0,,,2.0,2.0,2.0,2.0,2.0,2.0,2.0,2.0,2.0,2.0,2.0,2.0,2.0,2.0,2.0,1,6,0,3.0,1.0
50553,1,1,1,1,1.0,0,15000.0,9.615805480084347,10.0,,1,Hombre,32,1024,5,Media,Media,1,,1.0,,,3,3.0,1.0,10.0,2.0,,,,,1.0,,,,,,2.0,,,2.0,2.0,2.0,2.0,2.0,2.0,2.0,2.0,2.0,2.0,2.0,2.0,2.0,2.0,1.0,9,6,0,1.0,1.0
50556,3,1,3,0,,1,,,,,1,Hombre,50,2500,5,Media,Media,2,,1.0,,,3,,,,,,,,,,,,,,,,,,,,,,,,,,,,,,,,,9,6,0,1.0,1.0
50558,3,1,3,1,1.0,0,100000.0,11.512925464970229,20.0,4000.0,1,Hombre,29,841,7,Universitaria,Superior,1,,,,,3,5.0,1.0,21.0,1.0,CUATRO MIL PESOS,,,,1.0,,,,,,2.0,,,2.0,2.0,2.0,2.0,2.0,2.0,2.0,2.0,2.0,2.0,2.0,2.0,2.0,2.0,2.0,9,6,0,1.0,1.0
50560,1,1,1,0,,1,,,,,1,Hombre,33,1089,6,Tecnica/tecnologica,Superior,2,,1.0,,,3,,,,,,,,,,,,,,,,,,,,,,,,,,,,,,,,,9,6,0,1.0,1.0
50569,1,1,1,1,1.0,0,1000.0,6.907755278982137,12.0,5000.0,1,Hombre,36,1296,8,Postgrado,Superior,1,,1.0,,1.0,3,5.0,1.0,28.0,1.0,CINCO MIL PESOS,,,,,,,,1.0,,2.0,,,2.0,2.0,2.0,2.0,2.0,2.0,2.0,2.0,2.0,2.0,1.0,2.0,2.0,2.0,2.0,9,2,0,1.0,1.0
50572,1,1,1,1,1.0,0,,,2.0,3000.0,1,Hombre,48,2304,5,Media,Media,1,,1.0,,,2,3.0,2.0,,1.0,TRES MIL PESOS,,,1.0,,,,,,,2.0,,,2.0,2.0,2.0,2.0,2.0,2.0,2.0,2.0,2.0,2.0,2.0,2.0,2.0,2.0,2.0,9,2,0,1.0,1.0
50576,1,1,1,0,,1,,,,,1,Hombre,61,3721,7,Universitaria,Superior,2,,1.0,,,3,,,,,,,,,,,,,,,,,,,,,,,,,,,,,,,,,9,2,2,1.0,1.0
50590,2,1,2,1,1.0,0,,,1.0,5000.0,2,Mujer,40,1600,7,Universitaria,Superior,1,1.0,1.0,1.0,,3,2.0,2.0,,1.0,CINCO MIL PESOS,,,,1.0,,,,,,1.0,,,2.0,2.0,2.0,2.0,2.0,2.0,2.0,2.0,2.0,2.0,2.0,2.0,2.0,2.0,2.0,9,2,1,1.0,2.0
50595,3,1,3,0,,1,,,,,2,Mujer,18,324,5,Media,Media,2,,1.0,,,3,,,,,,,,,,,,,,,,,,,,,,,,,,,,,,,,,9,6,0,1.0,2.0
50597,3,1,3,1,1.0,0,,,,,1,Hombre,27,729,7,Universitaria,Superior,2,,,,,3,,,,,,,,,,,,,,,,,,,,,,,,,,,,,,,,,9,6,0,1.0,1.0
50609,1,1,1,0,,1,,,,,2,Mujer,63,3969,4,Basica secundaria,Media,2,,1.0,,,3,,,,,,,,,,,,,,,,,,,,,,,,,,,,,,,,,9,4,3,1.0,2.0
50612,2,1,2,1,1.0,0,120000.0,11.695247021764184,40.0,3000.0,1,Hombre,50,2500,5,Media,Media,1,,1.0,,,1,5.0,1.0,30.0,1.0,TRES MIL PESOS,,,1.0,,,1.0,,,,2.0,,,2.0,2.0,2.0,2.0,2.0,2.0,2.0,2.0,2.0,2.0,2.0,2.0,2.0,2.0,2.0,9,6,1,1.0,1.0
50614,2,1,2,1,1.0,0,15000.0,9.615805480084347,20.0,2000.0,1,Hombre,18,324,4,Basica secundaria,Media,1,1.0,,,,1,5.0,1.0,20.0,1.0,DOS MIL PESOS,,,,,,1.0,,,,1.0,,,2.0,2.0,2.0,2.0,2.0,2.0,2.0,2.0,2.0,2.0,2.0,2.0,2.0,2.0,2.0,9,6,0,1.0,1.0
50626,1,1,1,1,1.0,0,30000.0,10.308952660644293,4.0,2000.0,2,Mujer,41,1681,4,Basica secundaria,Media,1,1.0,1.0,,,3,4.0,1.0,6.0,1.0,DOS MIL PESOS,,,,1.0,,,,,,1.0,1.0,,2.0,1.0,2.0,1.0,2.0,2.0,2.0,2.0,1.0,2.0,1.0,1.0,2.0,2.0,1.0,9,2,2,1.0,2.0
50645,1,1,1,1,1.0,0,,,,,1,Hombre,26,676,6,Tecnica/tecnologica,Superior,2,,1.0,1.0,,3,,,,,,,,,,,,,,,,,,,,,,,,,,,,,,,,,9,6,0,1.0,1.0
50646,2,1,2,0,,1,,,,,2,Mujer,51,2601,7,Universitaria,Superior,2,,1.0,,,3,,,,,,,,,,,,,,,,,,,,,,,,,,,,,,,,,1,3,1,1.0,2.0
50659,4,1,4,1,1.0,0,,,2.0,5000.0,1,Hombre,26,676,6,Tecnica/tecnologica,Superior,1,,,,,3,2.0,1.0,3.0,1.0,CINCOMIL,,,1.0,,,,,,,2.0,,,1.0,2.0,2.0,2.0,1.0,2.0,2.0,2.0,2.0,2.0,1.0,1.0,1.0,2.0,1.0,9,6,0,2.0,1.0
50670,1,1,1,0,,1,,,,,1,Hombre,29,841,7,Universitaria,Superior,2,,1.0,,,3,,,,,,,,,,,,,,,,,,,,,,,,,,,,,,,,,9,3,1,1.0,1.0
50684,2,1,2,1,1.0,0,60000.0,11.002099841204238,15.0,2000.0,2,Mujer,21,441,7,Universitaria,Superior,1,1.0,1.0,,1.0,3,4.0,1.0,20.0,1.0,DOSMIL PESOS,,1.0,1.0,,,,1.0,,,1.0,,,2.0,2.0,2.0,2.0,2.0,1.0,2.0,2.0,1.0,1.0,2.0,2.0,2.0,2.0,2.0,9,6,0,3.0,2.0
50698,1,1,1,0,,1,,,,,2,Mujer,41,1681,4,Basica secundaria,Media,2,,1.0,,,3,,,,,,,,,,,,,,,,,,,,,,,,,,,,,,,,,9,6,3,1.0,2.0
50721,1,1,1,0,,1,5000.0,8.517193191416238,5.0,1000.0,1,Hombre,57,3249,3,Basica primaria,Baja,1,,1.0,,,3,4.0,1.0,5.0,1.0,MIL,,,1.0,,,,,,,2.0,,,2.0,2.0,2.0,2.0,2.0,1.0,1.0,2.0,2.0,2.0,2.0,2.0,2.0,2.0,1.0,9,5,2,1.0,1.0
50723,3,1,3,0,,1,,,,,2,Mujer,25,625,5,Media,Media,2,,1.0,,,3,,,,,,,,,,,,,,,,,,,,,,,,,,,,,,,,,9,5,2,1.0,2.0
50726,1,1,1,0,,1,,,,,1,Hombre,35,1225,7,Universitaria,Superior,2,,1.0,,,3,,,,,,,,,,,,,,,,,,,,,,,,,,,,,,,,,9,6,0,1.0,1.0
50737,1,1,1,1,1.0,0,,,,,1,Hombre,45,2025,4,Basica secundaria,Media,2,,1.0,,,3,,,,,,,,,,,,,,,,,,,,,,,,,,,,,,,,,9,5,2,1.0,1.0
50739,1,1,1,0,,1,,,,,2,Mujer,39,1521,6,Tecnica/tecnologica,Superior,2,,1.0,,,3,,,,,,,,,,,,,,,,,,,,,,,,,,,,,,,,,9,6,2,1.0,2.0
50766,1,1,1,1,1.0,0,18000.0,9.798127036878302,15.0,1500.0,1,Hombre,24,576,7,Universitaria,Superior,1,,,,,3,4.0,1.0,9.0,1.0,MIL QUINIENTOS PESOS,,,1.0,,,,,,,2.0,,,2.0,2.0,2.0,2.0,2.0,2.0,2.0,2.0,2.0,2.0,1.0,2.0,2.0,2.0,2.0,5,2,0,1.0,1.0
50803,2,1,2,0,,1,,,,,2,Mujer,35,1225,8,Postgrado,Superior,2,,,,1.0,3,,,,,,,,,,,,,,,,,,,,,,,,,,,,,,,,,9,2,0,2.0,2.0
50817,1,1,1,0,,1,,,,,1,Hombre,30,900,6,Tecnica/tecnologica,Superior,2,,1.0,,,3,,,,,,,,,,,,,,,,,,,,,,,,,,,,,,,,,9,3,2,1.0,1.0
50824,2,1,2,1,1.0,0,,,2.0,4000.0,1,Hombre,31,961,8,Postgrado,Superior,1,1.0,,,,3,1.0,1.0,1.0,1.0,CUATRO MIL,,,,,1.0,,,,,1.0,,,2.0,2.0,2.0,2.0,2.0,2.0,2.0,2.0,2.0,2.0,2.0,2.0,2.0,2.0,2.0,9,3,2,2.0,1.0
50829,2,1,2,1,1.0,0,,,,,2,Mujer,23,529,7,Universitaria,Superior,2,,,,,3,,,,,,,,,,,,,,,,,,,,,,,,,,,,,,,,,9,2,1,1.0,2.0
50837,1,1,1,0,,1,,,,,1,Hombre,45,2025,5,Media,Media,2,,1.0,,,3,,,,,,,,,,,,,,,,,,,,,,,,,,,,,,,,,9,3,2,1.0,1.0
50840,3,1,3,1,1.0,0,10000.0,9.210340371976184,26.0,1000.0,1,Hombre,32,1024,7,Universitaria,Superior,1,1.0,1.0,,,3,5.0,1.0,30.0,1.0,MIL PESOS,,,1.0,1.0,,,,,,1.0,,1.0,2.0,1.0,1.0,2.0,2.0,1.0,1.0,2.0,1.0,1.0,1.0,1.0,1.0,2.0,2.0,9,2,1,1.0,1.0
50857,1,1,1,0,,1,,,,,1,Hombre,40,1600,6,Tecnica/tecnologica,Superior,2,,1.0,1.0,,3,,,,,,,,,,,,,,,,,,,,,,,,,,,,,,,,,1,3,0,1.0,1.0
50870,3,1,3,0,,1,,,,,2,Mujer,18,324,5,Media,Media,2,,1.0,,,3,,,,,,,,,,,,,,,,,,,,,,,,,,,,,,,,,9,6,0,1.0,2.0
50875,2,1,2,0,,1,,,,,2,Mujer,30,900,7,Universitaria,Superior,2,,1.0,,,3,,,,,,,,,,,,,,,,,,,,,,,,,,,,,,,,,9,2,1,1.0,2.0
50880,3,1,3,0,,1,3000.0,8.006367567650246,,4000.0,1,Hombre,30,900,4,Basica secundaria,Media,1,,1.0,,,1,4.0,1.0,6.0,1.0,CUATRO MIL PESOS,,,,,,1.0,,,,2.0,,,2.0,2.0,2.0,2.0,2.0,1.0,1.0,1.0,1.0,1.0,1.0,1.0,1.0,1.0,1.0,9,6,1,1.0,1.0
50888,1,1,1,0,,1,,,,,1,Hombre,30,900,5,Media,Media,2,,1.0,,,3,,,,,,,,,,,,,,,,,,,,,,,,,,,,,,,,,5,1,1,1.0,1.0
50915,2,1,2,1,1.0,0,,,,,2,Mujer,47,2209,4,Basica secundaria,Media,2,,1.0,,,3,,,,,,,,,,,,,,,,,,,,,,,,,,,,,,,,,9,6,1,1.0,2.0
50918,2,1,2,0,,1,,,,,2,Mujer,65,4225,4,Basica secundaria,Media,2,,1.0,,,3,,,,,,,,,,,,,,,,,,,,,,,,,,,,,,,,,9,3,2,1.0,2.0
50921,1,1,1,0,,1,,,,,1,Hombre,35,1225,4,Basica secundaria,Media,2,,1.0,,,3,,,,,,,,,,,,,,,,,,,,,,,,,,,,,,,,,9,3,1,1.0,1.0
50936,4,1,4,1,1.0,0,,,15.0,2000.0,2,Mujer,24,576,5,Media,Media,1,1.0,1.0,1.0,,3,4.0,1.0,20.0,1.0,DOS MIL,,,,1.0,1.0,,,,,1.0,,,2.0,2.0,2.0,2.0,2.0,1.0,2.0,2.0,1.0,1.0,1.0,1.0,2.0,2.0,2.0,9,6,0,1.0,2.0
50943,2,1,2,1,1.0,0,100000.0,11.512925464970229,30.0,2000.0,1,Hombre,55,3025,3,Basica primaria,Baja,1,,1.0,,,1,5.0,1.0,30.0,1.0,DOS MIL PESOS,,,1.0,,,,,,,2.0,,,2.0,2.0,2.0,2.0,2.0,2.0,2.0,2.0,2.0,2.0,2.0,2.0,1.0,2.0,2.0,9,6,0,1.0,1.0
50944,3,1,3,1,1.0,0,11000.0,9.305650551780507,10.0,,1,Hombre,26,676,7,Universitaria,Superior,1,1.0,1.0,,,1,4.0,1.0,30.0,2.0,,,,,,1.0,,,,,1.0,1.0,,2.0,2.0,2.0,2.0,2.0,2.0,2.0,2.0,2.0,2.0,2.0,2.0,2.0,2.0,2.0,9,6,0,1.0,1.0
50951,3,1,3,1,1.0,0,,,4.0,5000.0,1,Hombre,29,841,6,Tecnica/tecnologica,Superior,1,,1.0,,,3,2.0,2.0,,1.0,cinco mil pesos,,,1.0,,,,,,,2.0,,,2.0,2.0,2.0,2.0,2.0,2.0,2.0,2.0,2.0,2.0,2.0,2.0,2.0,2.0,2.0,9,6,0,1.0,1.0
50975,1,1,1,0,,1,,,,,1,Hombre,40,1600,8,Postgrado,Superior,2,,1.0,,,9,,,,,,,,,,,,,,,,,,,,,,,,,,,,,,,,,9,6,0,1.0,1.0
50986,3,1,3,0,,1,,,,,1,Hombre,45,2025,5,Media,Media,2,,1.0,,,3,,,,,,,,,,,,,,,,,,,,,,,,,,,,,,,,,9,6,0,1.0,1.0
50994,1,1,1,0,,1,,,,,1,Hombre,35,1225,8,Postgrado,Superior,2,,1.0,,,9,,,,,,,,,,,,,,,,,,,,,,,,,,,,,,,,,4,5,2,1.0,1.0
50996,4,1,4,0,,1,5000.0,8.517193191416238,3.0,1000.0,2,Mujer,20,400,5,Media,Media,1,1.0,1.0,,,3,3.0,1.0,15.0,1.0,MIL PESOS,,,1.0,,,,,,,1.0,,,2.0,2.0,2.0,2.0,1.0,1.0,2.0,2.0,2.0,2.0,2.0,2.0,2.0,2.0,1.0,9,1,0,3.0,2.0
50997,1,1,1,1,1.0,0,,,,,1,Hombre,48,2304,8,Postgrado,Superior,2,,,,,3,,,,,,,,,,,,,,,,,,,,,,,,,,,,,,,,,9,5,1,1.0,2.0
51001,2,1,2,1,1.0,0,,,,,1,Hombre,26,676,6,Tecnica/tecnologica,Superior,2,,,,,3,,,,,,,,,,,,,,,,,,,,,,,,,,,,,,,,,9,6,0,1.0,1.0
51006,3,1,3,0,,1,,,,,1,Hombre,28,784,6,Tecnica/tecnologica,Superior,2,,1.0,,,9,,,,,,,,,,,,,,,,,,,,,,,,,,,,,,,,,5,6,0,1.0,1.0
51026,1,1,1,1,1.0,0,4000.0,8.294049640102028,2.0,4000.0,1,Hombre,27,729,5,Media,Media,1,1.0,1.0,,,3,4.0,1.0,2.0,1.0,CUATRO MIL PESOS,,,,1.0,,,,,,1.0,,,1.0,2.0,2.0,2.0,2.0,2.0,1.0,2.0,2.0,1.0,1.0,2.0,2.0,2.0,1.0,9,6,3,1.0,1.0
51030,1,1,1,0,,1,,,,,1,Hombre,58,3364,7,Universitaria,Superior,2,,1.0,,,3,,,,,,,,,,,,,,,,,,,,,,,,,,,,,,,,,9,3,2,1.0,1.0
51037,4,1,4,1,1.0,0,20000.0,9.903487552536127,10.0,2000.0,1,Hombre,29,841,5,Media,Media,1,,,,,3,2.0,1.0,10.0,1.0,dos mil pesos,,,1.0,1.0,,,,,,2.0,,,2.0,2.0,2.0,2.0,2.0,2.0,2.0,2.0,2.0,2.0,2.0,2.0,2.0,2.0,2.0,9,6,0,1.0,1.0
51047,4,1,4,1,1.0,0,,,1.0,1000.0,1,Hombre,26,676,5,Media,Media,1,,,,,2,2.0,2.0,,1.0,MIL PESOS,,,,1.0,,,,,,2.0,,,2.0,2.0,2.0,2.0,2.0,2.0,2.0,2.0,2.0,2.0,2.0,2.0,2.0,2.0,2.0,5,2,2,1.0,1.0
51048,2,1,2,1,1.0,0,20000.0,9.903487552536127,10.0,1000.0,2,Mujer,24,576,5,Media,Media,1,,1.0,1.0,,3,4.0,1.0,10.0,1.0,MIL PESOS,,,,1.0,,,,,,2.0,,,2.0,2.0,2.0,2.0,2.0,2.0,2.0,2.0,2.0,2.0,2.0,2.0,2.0,2.0,2.0,9,6,0,1.0,2.0
51050,1,1,1,0,,1,,,,,1,Hombre,48,2304,7,Universitaria,Superior,2,,1.0,,,3,,,,,,,,,,,,,,,,,,,,,,,,,,,,,,,,,9,5,1,1.0,1.0
51052,1,1,1,0,,1,,,,,1,Hombre,65,4225,4,Basica secundaria,Media,2,,1.0,,,3,,,,,,,,,,,,,,,,,,,,,,,,,,,,,,,,,9,3,3,1.0,1.0
51054,1,1,1,0,,1,,,,,1,Hombre,42,1764,6,Tecnica/tecnologica,Superior,2,,1.0,,,3,,,,,,,,,,,,,,,,,,,,,,,,,,,,,,,,,5,5,3,1.0,1.0
51064,3,1,3,1,1.0,0,,,,,1,Hombre,31,961,7,Universitaria,Superior,2,,,,,3,,,,,,,,,,,,,,,,,,,,,,,,,,,,,,,,,9,5,1,1.0,1.0
51085,4,1,4,1,1.0,0,,,,,1,Hombre,49,2401,5,Media,Media,2,,1.0,,,3,,,,,,,,,,,,,,,,,,,,,,,,,,,,,,,,,9,6,0,1.0,1.0
51103,1,1,1,0,,1,,,,,1,Hombre,37,1369,6,Tecnica/tecnologica,Superior,2,,1.0,,,3,,,,,,,,,,,,,,,,,,,,,,,,,,,,,,,,,9,2,2,1.0,1.0
51115,2,1,2,1,1.0,0,,,,,1,Hombre,27,729,7,Universitaria,Superior,2,,1.0,,,3,,,,,,,,,,,,,,,,,,,,,,,,,,,,,,,,,9,6,0,1.0,1.0
51116,3,1,3,0,,1,,,,,1,Hombre,20,400,5,Media,Media,2,,1.0,,,3,,,,,,,,,,,,,,,,,,,,,,,,,,,,,,,,,9,2,1,1.0,1.0
51118,1,1,1,0,,1,,,,,1,Hombre,31,961,5,Media,Media,2,,1.0,,,3,,,,,,,,,,,,,,,,,,,,,,,,,,,,,,,,,5,2,2,1.0,1.0
51130,3,1,3,1,1.0,0,5000.0,8.517193191416238,40.0,2500.0,1,Hombre,20,400,7,Universitaria,Superior,1,1.0,,,,1,5.0,1.0,15.0,1.0,DOS MIL QUINIENTOS PESOS,,,,,,,,1.0,,1.0,,,2.0,2.0,2.0,2.0,2.0,1.0,1.0,2.0,1.0,1.0,1.0,1.0,1.0,1.0,2.0,9,6,0,1.0,1.0
51135,1,1,1,0,,1,,,2.0,3000.0,1,Hombre,44,1936,5,Media,Media,1,,1.0,,,3,3.0,2.0,,1.0,TRES MIL PESOS,,,1.0,,,,,,,2.0,,,2.0,2.0,2.0,2.0,2.0,2.0,2.0,2.0,2.0,2.0,2.0,2.0,2.0,2.0,2.0,9,6,1,1.0,1.0
51137,3,1,3,1,1.0,0,5000.0,8.517193191416238,4.0,1500.0,2,Mujer,40,1600,7,Universitaria,Superior,1,1.0,1.0,,,3,2.0,1.0,4.0,1.0,MIL QUINIENTOS PESOS,,,,1.0,,,,,,1.0,,,2.0,2.0,2.0,2.0,2.0,2.0,2.0,2.0,2.0,2.0,2.0,2.0,2.0,2.0,2.0,9,5,1,1.0,2.0
51139,2,1,2,0,,1,,,1.0,,2,Mujer,30,900,8,Postgrado,Superior,1,1.0,1.0,,,2,2.0,2.0,,2.0,,,,,1.0,,,,,,1.0,,,2.0,2.0,2.0,2.0,2.0,2.0,2.0,2.0,2.0,2.0,2.0,2.0,2.0,2.0,2.0,9,6,0,1.0,2.0
51159,2,1,2,1,1.0,0,5000.0,8.517193191416238,3.0,,1,Hombre,23,529,6,Tecnica/tecnologica,Superior,1,,,,,3,3.0,1.0,1.0,2.0,,,,1.0,,,,,,,2.0,,,2.0,2.0,2.0,1.0,2.0,2.0,2.0,2.0,2.0,2.0,2.0,2.0,2.0,2.0,2.0,9,6,0,1.0,1.0
51160,1,1,1,0,,1,,,,,2,Mujer,47,2209,8,Postgrado,Superior,2,,1.0,,,3,,,,,,,,,,,,,,,,,,,,,,,,,,,,,,,,,9,6,0,1.0,2.0
51166,1,1,1,0,,1,,,,,2,Mujer,36,1296,8,Postgrado,Superior,2,,1.0,,,3,,,,,,,,,,,,,,,,,,,,,,,,,,,,,,,,,9,6,0,1.0,2.0
51195,4,1,4,1,1.0,0,45000.0,10.714417768752456,40.0,3000.0,1,Hombre,30,900,5,Media,Media,1,,1.0,,,3,5.0,1.0,30.0,1.0,TRES MIL PESOS,,,,1.0,,,,,,2.0,,,2.0,2.0,2.0,1.0,2.0,1.0,2.0,2.0,2.0,2.0,2.0,2.0,2.0,2.0,2.0,9,6,1,1.0,1.0
51199,1,1,1,0,,1,,,,,1,Hombre,57,3249,3,Basica primaria,Baja,2,,,,1.0,3,,,,,,,,,,,,,,,,,,,,,,,,,,,,,,,,,9,2,1,1.0,1.0
51235,2,1,2,0,,1,,,1.0,,2,Mujer,32,1024,8,Postgrado,Superior,1,,1.0,,,3,2.0,2.0,,2.0,,,,,,1.0,,,,,2.0,,,2.0,2.0,2.0,2.0,1.0,2.0,2.0,2.0,2.0,2.0,2.0,2.0,2.0,2.0,2.0,9,1,0,1.0,2.0
51240,1,1,1,1,1.0,0,,,,,2,Mujer,27,729,6,Tecnica/tecnologica,Superior,1,,,,,2,3.0,1.0,8.0,2.0,,,,,1.0,,,1.0,,,2.0,,,2.0,2.0,2.0,2.0,2.0,2.0,2.0,2.0,2.0,2.0,2.0,2.0,2.0,2.0,2.0,9,6,3,1.0,2.0
51242,1,1,1,0,,1,,,,,1,Hombre,40,1600,5,Media,Media,2,,1.0,,,3,,,,,,,,,,,,,,,,,,,,,,,,,,,,,,,,,9,6,1,1.0,1.0
51249,1,1,1,1,1.0,0,,,,,1,Hombre,41,1681,8,Postgrado,Superior,2,,1.0,,,3,,,,,,,,,,,,,,,,,,,,,,,,,,,,,,,,,9,3,1,1.0,1.0
51255,1,1,1,0,,1,,,,,1,Hombre,36,1296,5,Media,Media,2,,1.0,,,3,,,,,,,,,,,,,,,,,,,,,,,,,,,,,,,,,9,2,1,1.0,1.0
51264,1,1,1,0,,1,,,,,1,Hombre,33,1089,3,Basica primaria,Baja,2,,1.0,,,3,,,,,,,,,,,,,,,,,,,,,,,,,,,,,,,,,9,4,1,1.0,1.0
51280,2,1,2,0,,1,,,,,2,Mujer,63,3969,7,Universitaria,Superior,2,,1.0,,,3,,,,,,,,,,,,,,,,,,,,,,,,,,,,,,,,,9,3,2,1.0,2.0
51301,4,1,4,1,1.0,0,16000.0,9.680344001221918,,1500.0,1,Hombre,18,324,5,Media,Media,1,1.0,1.0,,1.0,2,4.0,1.0,16.0,1.0,MIL QUINIENTOS PESOS,,,,1.0,,,,,,1.0,,,2.0,2.0,2.0,2.0,2.0,2.0,2.0,2.0,2.0,2.0,1.0,2.0,2.0,2.0,2.0,1,6,0,3.0,1.0
51396,3,1,3,0,,1,,,,,1,Hombre,34,1156,5,Media,Media,2,,1.0,,,3,,,,,,,,,,,,,,,,,,,,,,,,,,,,,,,,,9,6,2,1.0,1.0
51429,2,1,2,1,1.0,0,,,,,1,Hombre,30,900,6,Tecnica/tecnologica,Superior,2,,,,,3,,,,,,,,,,,,,,,,,,,,,,,,,,,,,,,,,9,6,0,1.0,1.0
51431,1,1,1,0,,1,,,,,2,Mujer,45,2025,3,Basica primaria,Baja,2,,1.0,,,3,,,,,,,,,,,,,,,,,,,,,,,,,,,,,,,,,5,3,2,1.0,2.0
51445,2,1,2,1,1.0,0,80000.0,11.289781913656018,150.0,2000.0,1,Hombre,18,324,5,Media,Media,1,,1.0,,,3,5.0,1.0,30.0,1.0,DOS MIL PESOS,,,1.0,,,,,,,2.0,,,1.0,2.0,2.0,1.0,1.0,2.0,2.0,1.0,2.0,2.0,2.0,2.0,1.0,2.0,1.0,9,6,0,1.0,1.0
51446,1,1,1,0,,1,,,,,1,Hombre,39,1521,7,Universitaria,Superior,2,,1.0,,,3,,,,,,,,,,,,,,,,,,,,,,,,,,,,,,,,,9,2,2,1.0,1.0
51498,3,1,3,0,,1,15000.0,9.615805480084347,5.0,3000.0,2,Mujer,15,225,4,Basica secundaria,Media,1,1.0,,,1.0,3,4.0,1.0,5.0,1.0,TRES MIL PESOS,,,,1.0,,,,,,1.0,,,1.0,2.0,2.0,1.0,2.0,2.0,2.0,2.0,1.0,2.0,1.0,2.0,2.0,2.0,2.0,9,6,0,,
51502,2,1,2,0,,1,,,,,1,Hombre,45,2025,4,Basica secundaria,Media,2,,1.0,,,3,,,,,,,,,,,,,,,,,,,,,,,,,,,,,,,,,9,6,0,1.0,1.0
51509,2,1,2,0,,1,,,,,1,Hombre,29,841,6,Tecnica/tecnologica,Superior,2,,1.0,,,3,,,,,,,,,,,,,,,,,,,,,,,,,,,,,,,,,9,5,2,1.0,1.0
51531,7,1,7,1,1.0,0,,,,,1,Hombre,42,1764,5,Media,Media,2,,1.0,,,3,,,,,,,,,,,,,,,,,,,,,,,,,,,,,,,,,9,6,0,1.0,1.0
51543,1,1,1,0,,1,,,,,2,Mujer,65,4225,3,Basica primaria,Baja,2,,1.0,,,3,,,,,,,,,,,,,,,,,,,,,,,,,,,,,,,,,9,6,4,1.0,2.0
51545,1,1,1,1,1.0,0,,,,,2,Mujer,27,729,5,Media,Media,2,,,,,3,,,,,,,,,,,,,,,,,,,,,,,,,,,,,,,,,9,5,2,1.0,2.0
51551,1,1,1,0,,1,,,,,1,Hombre,65,4225,3,Basica primaria,Baja,2,,1.0,,,3,,,,,,,,,,,,,,,,,,,,,,,,,,,,,,,,,9,5,1,1.0,1.0
51552,4,1,4,0,,1,,,,,1,Hombre,19,361,5,Media,Media,2,,1.0,,,3,,,,,,,,,,,,,,,,,,,,,,,,,,,,,,,,,9,6,0,1.0,1.0
51575,3,1,3,1,1.0,0,,,,,1,Hombre,27,729,7,Universitaria,Superior,2,,,,,3,,,,,,,,,,,,,,,,,,,,,,,,,,,,,,,,,5,6,0,1.0,1.0
51580,4,1,4,0,,1,,,,,1,Hombre,29,841,4,Basica secundaria,Media,2,,1.0,,,3,,,,,,,,,,,,,,,,,,,,,,,,,,,,,,,,,9,6,1,1.0,1.0
51600,3,1,3,1,1.0,0,,,,,1,Hombre,21,441,7,Universitaria,Superior,2,,,,,3,,,,,,,,,,,,,,,,,,,,,,,,,,,,,,,,,9,6,0,1.0,1.0
51602,1,1,1,0,,1,,,,,2,Mujer,28,784,7,Universitaria,Superior,2,,1.0,,,3,,,,,,,,,,,,,,,,,,,,,,,,,,,,,,,,,9,6,0,1.0,2.0
51619,2,1,2,0,,1,,,,,2,Mujer,27,729,7,Universitaria,Superior,2,,,,1.0,3,,,,,,,,,,,,,,,,,,,,,,,,,,,,,,,,,9,6,0,1.0,2.0
51673,1,1,1,1,1.0,0,,,,,2,Mujer,30,900,5,Media,Media,2,,1.0,,,3,,,,,,,,,,,,,,,,,,,,,,,,,,,,,,,,,9,5,2,1.0,2.0
51676,3,1,3,1,1.0,0,,,,,1,Hombre,37,1369,6,Tecnica/tecnologica,Superior,2,,,,,3,,,,,,,,,,,,,,,,,,,,,,,,,,,,,,,,,9,6,3,1.0,1.0
51723,1,1,1,0,,1,,,,,2,Mujer,24,576,5,Media,Media,2,,1.0,,,3,,,,,,,,,,,,,,,,,,,,,,,,,,,,,,,,,9,2,1,1.0,2.0
51725,2,1,2,0,,1,,,,,2,Mujer,26,676,5,Media,Media,2,,1.0,,,3,,,,,,,,,,,,,,,,,,,,,,,,,,,,,,,,,9,2,1,3.0,2.0
51735,1,1,1,0,,1,,,,,1,Hombre,53,2809,7,Universitaria,Superior,2,,1.0,,,3,,,,,,,,,,,,,,,,,,,,,,,,,,,,,,,,,5,6,0,1.0,1.0
51747,5,1,5,1,1.0,0,,,10.0,1000.0,2,Mujer,24,576,4,Basica secundaria,Media,1,,1.0,,,3,4.0,1.0,10.0,1.0,MIL PESOS,,,,1.0,,,,,,2.0,,,2.0,2.0,2.0,2.0,2.0,2.0,2.0,2.0,2.0,2.0,2.0,2.0,2.0,2.0,2.0,9,2,1,1.0,2.0
51749,2,1,2,0,,1,,,,,2,Mujer,22,484,3,Basica primaria,Baja,2,,1.0,,,3,,,,,,,,,,,,,,,,,,,,,,,,,,,,,,,,,9,5,2,1.0,2.0
51788,3,1,3,1,1.0,0,15000.0,9.615805480084347,30.0,1000.0,2,Mujer,19,361,4,Basica secundaria,Media,1,,1.0,1.0,,3,5.0,1.0,30.0,1.0,MIL PESOS,,,,1.0,,,1.0,,,2.0,,,1.0,1.0,1.0,1.0,1.0,1.0,1.0,1.0,1.0,1.0,1.0,1.0,1.0,1.0,1.0,9,6,0,3.0,2.0
51832,2,1,2,0,,1,,,,,2,Mujer,62,3844,3,Basica primaria,Baja,2,,1.0,,,3,,,,,,,,,,,,,,,,,,,,,,,,,,,,,,,,,9,5,1,1.0,2.0
51852,1,1,1,0,,1,,,,,1,Hombre,48,2304,5,Media,Media,2,,1.0,,,3,,,,,,,,,,,,,,,,,,,,,,,,,,,,,,,,,5,2,1,1.0,1.0
51855,2,1,2,1,1.0,0,160000.0,11.982929094215963,60.0,2000.0,1,Hombre,43,1849,3,Basica primaria,Baja,1,,1.0,,,3,5.0,1.0,30.0,1.0,DOS MIL PESOS,,,,1.0,,,,,,2.0,,,2.0,2.0,2.0,2.0,2.0,2.0,2.0,2.0,2.0,2.0,2.0,2.0,2.0,2.0,1.0,9,6,0,1.0,1.0
51861,1,1,1,0,,1,,,,,1,Hombre,20,400,5,Media,Media,1,,1.0,,,2,1.0,2.0,,2.0,,,,,1.0,,,,,,2.0,,,2.0,2.0,2.0,2.0,2.0,2.0,2.0,2.0,2.0,2.0,2.0,2.0,2.0,2.0,2.0,9,6,0,1.0,1.0
51918,2,1,2,0,,1,,,,,2,Mujer,46,2116,6,Tecnica/tecnologica,Superior,2,,1.0,,,3,,,,,,,,,,,,,,,,,,,,,,,,,,,,,,,,,5,3,3,1.0,2.0
51932,3,1,3,1,1.0,0,,,,,1,Hombre,18,324,5,Media,Media,2,,,,,3,,,,,,,,,,,,,,,,,,,,,,,,,,,,,,,,,9,6,0,3.0,1.0
51942,2,1,2,1,1.0,0,,,1.0,10000.0,2,Mujer,21,441,6,Tecnica/tecnologica,Superior,1,,,,,3,2.0,2.0,,1.0,DIEZ MIL PESOS,,,,1.0,,,,,,2.0,,,2.0,2.0,2.0,2.0,2.0,2.0,2.0,2.0,2.0,2.0,2.0,2.0,2.0,2.0,2.0,9,6,0,1.0,2.0
51949,1,1,1,0,,1,,,,,1,Hombre,52,2704,4,Basica secundaria,Media,2,,1.0,,,3,,,,,,,,,,,,,,,,,,,,,,,,,,,,,,,,,9,2,3,1.0,1.0
51958,3,1,3,0,,1,,,1.0,,2,Mujer,22,484,7,Universitaria,Superior,1,,1.0,,,2,1.0,2.0,,2.0,,,,1.0,,,,,,,2.0,,,2.0,2.0,2.0,2.0,2.0,2.0,2.0,2.0,2.0,2.0,2.0,2.0,2.0,2.0,2.0,5,6,0,1.0,2.0
51963,1,1,1,0,,1,,,,,1,Hombre,28,784,5,Media,Media,2,,1.0,,,3,,,,,,,,,,,,,,,,,,,,,,,,,,,,,,,,,9,5,1,1.0,1.0
51995,1,1,1,0,,1,,,,,1,Hombre,31,961,5,Media,Media,2,,1.0,,,9,,,,,,,,,,,,,,,,,,,,,,,,,,,,,,,,,9,2,2,1.0,1.0
52002,2,1,2,0,,1,,,,,2,Mujer,31,961,7,Universitaria,Superior,2,,1.0,,,3,,,,,,,,,,,,,,,,,,,,,,,,,,,,,,,,,9,2,1,1.0,2.0
52019,2,1,2,0,,1,,,,,2,Mujer,15,225,4,Basica secundaria,Media,2,,,,1.0,3,,,,,,,,,,,,,,,,,,,,,,,,,,,,,,,,,9,6,0,,
52046,3,1,3,0,,1,60000.0,11.002099841204238,60.0,1000.0,1,Hombre,40,1600,4,Basica secundaria,Media,1,,1.0,,,1,5.0,1.0,30.0,1.0,MIL PESOS,,,1.0,,,,,,,2.0,,,2.0,2.0,1.0,2.0,1.0,1.0,1.0,1.0,1.0,1.0,1.0,1.0,1.0,2.0,1.0,9,6,1,1.0,1.0
52059,2,1,2,0,,1,,,,,1,Hombre,36,1296,5,Media,Media,2,,1.0,,,3,,,,,,,,,,,,,,,,,,,,,,,,,,,,,,,,,9,6,3,1.0,1.0
52065,2,1,2,1,1.0,0,,,,,2,Mujer,28,784,7,Universitaria,Superior,2,,,,,3,,,,,,,,,,,,,,,,,,,,,,,,,,,,,,,,,9,2,3,1.0,2.0
52068,2,1,2,0,,1,,,1.0,,1,Hombre,18,324,5,Media,Media,1,,1.0,,,2,1.0,2.0,,2.0,,,,,1.0,,,,,,2.0,,,2.0,1.0,1.0,1.0,2.0,1.0,1.0,2.0,2.0,2.0,1.0,1.0,2.0,2.0,1.0,9,6,0,1.0,1.0
52097,1,1,1,0,,1,,,,,1,Hombre,62,3844,4,Basica secundaria,Media,2,,1.0,,,3,,,,,,,,,,,,,,,,,,,,,,,,,,,,,,,,,9,3,2,1.0,1.0
52108,1,1,1,1,1.0,0,120000.0,11.695247021764184,120.0,1000.0,1,Hombre,60,3600,5,Media,Media,1,,,,,3,5.0,1.0,30.0,1.0,MIL PESOS,,,1.0,,,,,,,2.0,,,2.0,2.0,1.0,2.0,1.0,2.0,1.0,1.0,1.0,1.0,1.0,1.0,1.0,1.0,1.0,9,6,2,1.0,1.0
52153,5,1,5,1,1.0,0,,,1.0,3000.0,1,Hombre,25,625,5,Media,Media,1,,,,,9,2.0,2.0,,1.0,TRES MIL PESOS,,,,1.0,,,,,,2.0,,,2.0,2.0,2.0,1.0,2.0,1.0,2.0,2.0,2.0,2.0,1.0,2.0,1.0,2.0,2.0,9,6,0,1.0,1.0
52156,3,1,3,0,,1,,,,,1,Hombre,44,1936,7,Universitaria,Superior,2,,,1.0,,3,,,,,,,,,,,,,,,,,,,,,,,,,,,,,,,,,9,6,0,1.0,1.0
52158,3,1,3,1,1.0,0,,,,,1,Hombre,24,576,7,Universitaria,Superior,2,,,,,3,,,,,,,,,,,,,,,,,,,,,,,,,,,,,,,,,9,6,0,1.0,1.0
52160,3,1,3,0,,1,,,,,1,Hombre,29,841,8,Postgrado,Superior,2,,1.0,,,3,,,,,,,,,,,,,,,,,,,,,,,,,,,,,,,,,9,6,0,1.0,1.0
52184,2,1,2,1,1.0,0,,,,,1,Hombre,37,1369,5,Media,Media,2,,,,,3,,,,,,,,,,,,,,,,,,,,,,,,,,,,,,,,,9,5,1,1.0,1.0
52211,1,1,1,0,,1,,,,,1,Hombre,62,3844,3,Basica primaria,Baja,2,,1.0,,,3,,,,,,,,,,,,,,,,,,,,,,,,,,,,,,,,,9,5,3,1.0,1.0
52213,1,1,1,0,,1,,,,,2,Mujer,42,1764,3,Basica primaria,Baja,2,,1.0,,,3,,,,,,,,,,,,,,,,,,,,,,,,,,,,,,,,,1,5,1,1.0,2.0
52264,3,1,3,1,1.0,0,,,,,2,Mujer,28,784,7,Universitaria,Superior,2,,1.0,,,3,,,,,,,,,,,,,,,,,,,,,,,,,,,,,,,,,5,6,0,1.0,2.0
52365,1,1,1,0,,1,,,,,1,Hombre,36,1296,8,Postgrado,Superior,2,,1.0,,,3,,,,,,,,,,,,,,,,,,,,,,,,,,,,,,,,,9,2,0,1.0,1.0
52396,2,1,2,0,,1,,,,,1,Hombre,65,4225,7,Universitaria,Superior,2,,1.0,,,3,,,,,,,,,,,,,,,,,,,,,,,,,,,,,,,,,9,6,0,1.0,1.0
52404,2,1,2,1,1.0,0,180000.0,12.100712129872347,60.0,3000.0,1,Hombre,30,900,3,Basica primaria,Baja,1,1.0,,,,3,5.0,1.0,30.0,1.0,TRES MIL PESOS,,,1.0,1.0,,1.0,,,,1.0,,,2.0,2.0,2.0,2.0,2.0,2.0,2.0,2.0,2.0,2.0,2.0,2.0,2.0,2.0,2.0,9,6,1,1.0,1.0
52407,1,1,1,0,,1,,,,,1,Hombre,33,1089,7,Universitaria,Superior,2,,1.0,,,3,,,,,,,,,,,,,,,,,,,,,,,,,,,,,,,,,9,6,0,1.0,1.0
52414,5,1,5,1,1.0,0,,,,,1,Hombre,16,256,4,Basica secundaria,Media,2,,,,,3,,,,,,,,,,,,,,,,,,,,,,,,,,,,,,,,,9,6,0,,
52429,2,1,2,1,1.0,0,60000.0,11.002099841204238,30.0,1000.0,1,Hombre,29,841,5,Media,Media,1,,,,,3,5.0,1.0,30.0,1.0,MIL PESOS,,,,,,1.0,,,,2.0,,,2.0,1.0,1.0,1.0,1.0,2.0,2.0,2.0,2.0,1.0,1.0,1.0,1.0,1.0,1.0,9,6,0,1.0,1.0
52464,3,1,3,0,,1,20000.0,9.903487552536127,30.0,1000.0,1,Hombre,33,1089,6,Tecnica/tecnologica,Superior,1,,1.0,,,3,3.0,1.0,15.0,1.0,MIL,,,,1.0,,,,,,2.0,,,1.0,2.0,2.0,1.0,2.0,1.0,2.0,2.0,2.0,2.0,2.0,2.0,2.0,2.0,2.0,9,6,0,1.0,1.0
52514,1,1,1,1,1.0,0,,,,,2,Mujer,27,729,7,Universitaria,Superior,2,,,,,3,,,,,,,,,,,,,,,,,,,,,,,,,,,,,,,,,5,2,0,1.0,2.0
52518,2,1,2,0,,1,,,,,2,Mujer,29,841,5,Media,Media,2,,1.0,,,3,,,,,,,,,,,,,,,,,,,,,,,,,,,,,,,,,9,1,1,1.0,2.0
52529,1,1,1,1,1.0,0,,,,,1,Hombre,55,3025,3,Basica primaria,Baja,2,,,,,3,,,,,,,,,,,,,,,,,,,,,,,,,,,,,,,,,9,6,2,1.0,1.0
52530,1,1,1,0,,1,,,,,1,Hombre,63,3969,3,Basica primaria,Baja,2,,1.0,,,3,,,,,,,,,,,,,,,,,,,,,,,,,,,,,,,,,9,3,2,1.0,1.0
52599,1,1,1,1,1.0,0,20000.0,9.903487552536127,4.0,5000.0,2,Mujer,18,324,3,Basica primaria,Baja,1,,,,,3,4.0,1.0,4.0,1.0,CINCO MIL PESOS,,,,,1.0,,,,,2.0,,,2.0,2.0,2.0,2.0,2.0,1.0,1.0,2.0,2.0,2.0,2.0,2.0,1.0,1.0,1.0,1,6,0,1.0,2.0
52607,1,1,1,0,,1,,,,,1,Hombre,23,529,5,Media,Media,2,,1.0,,,3,,,,,,,,,,,,,,,,,,,,,,,,,,,,,,,,,9,6,0,1.0,1.0
52609,2,1,2,1,1.0,0,,,,,2,Mujer,23,529,3,Basica primaria,Baja,2,,,,,3,,,,,,,,,,,,,,,,,,,,,,,,,,,,,,,,,9,5,1,1.0,2.0
52642,1,1,1,1,1.0,0,,,,,2,Mujer,28,784,4,Basica secundaria,Media,2,,,,,3,,,,,,,,,,,,,,,,,,,,,,,,,,,,,,,,,9,5,2,1.0,2.0
52653,3,1,3,1,1.0,0,,,,,1,Hombre,23,529,5,Media,Media,2,,,,,3,,,,,,,,,,,,,,,,,,,,,,,,,,,,,,,,,9,6,0,1.0,1.0
52690,1,1,1,0,,1,,,,,1,Hombre,30,900,5,Media,Media,2,,1.0,,,3,,,,,,,,,,,,,,,,,,,,,,,,,,,,,,,,,5,2,0,1.0,1.0
52696,1,1,1,0,,1,,,,,1,Hombre,62,3844,4,Basica secundaria,Media,2,,1.0,,,3,,,,,,,,,,,,,,,,,,,,,,,,,,,,,,,,,9,5,4,1.0,1.0
52701,2,1,2,1,1.0,0,,,,,1,Hombre,24,576,6,Tecnica/tecnologica,Superior,2,,1.0,1.0,,3,,,,,,,,,,,,,,,,,,,,,,,,,,,,,,,,,9,6,0,1.0,1.0
52742,2,1,2,0,,1,,,,,2,Mujer,30,900,5,Media,Media,2,,1.0,,,3,,,,,,,,,,,,,,,,,,,,,,,,,,,,,,,,,9,6,2,1.0,2.0
52766,1,1,1,0,,1,,,,,2,Mujer,40,1600,5,Media,Media,2,,1.0,,,3,,,,,,,,,,,,,,,,,,,,,,,,,,,,,,,,,9,5,3,1.0,2.0
52769,2,1,2,1,1.0,0,,,,,1,Hombre,23,529,7,Universitaria,Superior,2,,,,,3,,,,,,,,,,,,,,,,,,,,,,,,,,,,,,,,,9,6,0,1.0,1.0
52818,2,1,2,1,1.0,0,,,,,1,Hombre,38,1444,5,Media,Media,2,,1.0,1.0,,3,,,,,,,,,,,,,,,,,,,,,,,,,,,,,,,,,9,5,1,1.0,1.0
52825,1,1,1,0,,1,,,,,1,Hombre,37,1369,7,Universitaria,Superior,2,,1.0,,,3,,,,,,,,,,,,,,,,,,,,,,,,,,,,,,,,,5,3,1,1.0,1.0
52828,2,1,2,1,1.0,0,,,2.0,2500.0,1,Hombre,25,625,4,Basica secundaria,Media,1,,,,,3,2.0,2.0,,1.0,DOS MIL QUINIENTOS PESOS,,,1.0,,,,,,,2.0,,,2.0,2.0,2.0,2.0,2.0,2.0,2.0,2.0,2.0,2.0,2.0,2.0,2.0,2.0,2.0,9,1,2,1.0,1.0
52863,3,1,3,0,,1,,,,,1,Hombre,33,1089,8,Postgrado,Superior,2,,1.0,,,3,,,,,,,,,,,,,,,,,,,,,,,,,,,,,,,,,9,6,0,1.0,1.0
52887,1,1,1,0,,1,,,,,1,Hombre,29,841,7,Universitaria,Superior,2,,1.0,,,3,,,,,,,,,,,,,,,,,,,,,,,,,,,,,,,,,5,2,0,1.0,2.0
52892,3,1,3,1,1.0,0,150000.0,11.918390573078392,30.0,5000.0,1,Hombre,27,729,5,Media,Media,1,,,,,1,5.0,1.0,30.0,1.0,CINCO MIL PESOS,,,,1.0,,,,,,2.0,,,1.0,2.0,1.0,1.0,2.0,2.0,2.0,1.0,1.0,1.0,1.0,1.0,2.0,2.0,2.0,9,6,0,1.0,1.0
52893,3,1,3,1,1.0,0,,,,,2,Mujer,23,529,6,Tecnica/tecnologica,Superior,2,,,,,3,,,,,,,,,,,,,,,,,,,,,,,,,,,,,,,,,5,5,1,1.0,2.0
52917,1,1,1,1,1.0,0,,,,,1,Hombre,24,576,5,Media,Media,2,,,,,3,,,,,,,,,,,,,,,,,,,,,,,,,,,,,,,,,5,2,1,1.0,1.0
52935,1,1,1,0,,1,,,,,1,Hombre,43,1849,7,Universitaria,Superior,2,,1.0,,,3,,,,,,,,,,,,,,,,,,,,,,,,,,,,,,,,,9,1,0,1.0,1.0
52959,1,1,1,1,1.0,0,,,,,2,Mujer,23,529,3,Basica primaria,Baja,2,,,,,3,,,,,,,,,,,,,,,,,,,,,,,,,,,,,,,,,9,1,3,1.0,2.0
52977,2,1,2,0,,1,,,,,1,Hombre,60,3600,4,Basica secundaria,Media,2,,1.0,,,3,,,,,,,,,,,,,,,,,,,,,,,,,,,,,,,,,9,6,0,1.0,1.0
52983,2,1,2,0,,1,,,,,2,Mujer,59,3481,7,Universitaria,Superior,2,,1.0,,,3,,,,,,,,,,,,,,,,,,,,,,,,,,,,,,,,,9,3,2,1.0,2.0
52991,3,1,3,1,1.0,0,90000.0,11.407564949312402,30.0,1000.0,1,Hombre,23,529,5,Media,Media,1,,,,,3,5.0,1.0,30.0,1.0,MIL PESOS,,,1.0,,,,,,,2.0,,,2.0,2.0,2.0,2.0,2.0,2.0,2.0,2.0,1.0,1.0,1.0,1.0,2.0,1.0,1.0,5,2,1,1.0,1.0
53011,4,1,4,0,,1,,,1.0,2000.0,1,Hombre,21,441,7,Universitaria,Superior,1,,1.0,,,3,2.0,2.0,,1.0,DOS MIL PESOS,,,,1.0,,,,,,2.0,,,2.0,2.0,2.0,2.0,2.0,2.0,2.0,2.0,2.0,2.0,2.0,2.0,2.0,2.0,2.0,9,6,0,1.0,1.0
53058,2,1,2,1,1.0,0,,,,,1,Hombre,33,1089,7,Universitaria,Superior,2,,1.0,,,3,,,,,,,,,,,,,,,,,,,,,,,,,,,,,,,,,9,2,0,1.0,1.0
53079,1,1,1,1,1.0,0,20000.0,9.903487552536127,3.0,1500.0,1,Hombre,62,3844,5,Media,Media,1,,,,,3,4.0,1.0,3.0,1.0,MIL QUINIENTOS PESOS,,,,1.0,,,,,,2.0,,,2.0,2.0,2.0,2.0,2.0,2.0,2.0,2.0,2.0,2.0,2.0,2.0,2.0,2.0,2.0,9,3,2,1.0,1.0
53104,2,1,2,0,,1,8000.0,8.987196820661973,,1000.0,1,Hombre,21,441,6,Tecnica/tecnologica,Superior,1,,1.0,,,3,3.0,1.0,8.0,1.0,MIL PESOS,,,1.0,,,,,,,2.0,,,2.0,1.0,1.0,2.0,2.0,1.0,1.0,2.0,2.0,2.0,2.0,2.0,2.0,2.0,2.0,9,6,0,1.0,1.0
53114,2,1,2,0,,1,,,,,2,Mujer,28,784,5,Media,Media,2,,1.0,,,3,,,,,,,,,,,,,,,,,,,,,,,,,,,,,,,,,9,1,2,2.0,2.0
53126,3,1,3,1,1.0,0,,,,,1,Hombre,25,625,4,Basica secundaria,Media,2,,,,,3,,,,,,,,,,,,,,,,,,,,,,,,,,,,,,,,,9,1,1,1.0,1.0
53139,3,1,3,0,,1,,,1.0,2000.0,1,Hombre,27,729,7,Universitaria,Superior,1,,,1.0,,2,3.0,2.0,,1.0,DOS MIL PESOS,,,,,,1.0,,,,2.0,,,2.0,2.0,2.0,2.0,2.0,2.0,2.0,2.0,2.0,2.0,2.0,2.0,2.0,2.0,2.0,9,6,0,1.0,1.0
53143,1,1,1,1,1.0,0,,,,,1,Hombre,28,784,3,Basica primaria,Baja,2,,,,,3,,,,,,,,,,,,,,,,,,,,,,,,,,,,,,,,,1,2,1,1.0,1.0
53151,2,1,2,0,,1,,,,,1,Hombre,42,1764,3,Basica primaria,Baja,2,,1.0,,,3,,,,,,,,,,,,,,,,,,,,,,,,,,,,,,,,,5,2,6,1.0,1.0
53168,1,1,1,0,,1,,,,,2,Mujer,27,729,5,Media,Media,2,,1.0,,,3,,,,,,,,,,,,,,,,,,,,,,,,,,,,,,,,,5,6,4,1.0,2.0
53187,1,1,1,0,,1,,,,,2,Mujer,53,2809,3,Basica primaria,Baja,2,,1.0,,,3,,,,,,,,,,,,,,,,,,,,,,,,,,,,,,,,,9,5,5,1.0,2.0
53188,1,1,1,0,,1,,,,,1,Hombre,39,1521,6,Tecnica/tecnologica,Superior,2,,1.0,,,3,,,,,,,,,,,,,,,,,,,,,,,,,,,,,,,,,5,6,0,1.0,1.0
53229,1,1,1,1,1.0,0,5000.0,8.517193191416238,20.0,1000.0,1,Hombre,23,529,4,Basica secundaria,Media,1,,,,,3,4.0,1.0,5.0,1.0,MIL,,,1.0,,,,,,,2.0,,,1.0,1.0,1.0,1.0,1.0,1.0,1.0,1.0,1.0,2.0,1.0,1.0,1.0,1.0,1.0,5,6,0,1.0,1.0
53234,3,1,3,0,,1,,,,,1,Hombre,18,324,6,Tecnica/tecnologica,Superior,2,,,,1.0,2,,,,,,,,,,,,,,,,,,,,,,,,,,,,,,,,,5,6,0,1.0,1.0
53257,2,1,2,0,,1,,,,,2,Mujer,60,3600,5,Media,Media,2,,,,1.0,3,,,,,,,,,,,,,,,,,,,,,,,,,,,,,,,,,9,2,1,1.0,2.0
53262,1,1,1,1,1.0,0,8000.0,8.987196820661973,15.0,3000.0,1,Hombre,30,900,6,Tecnica/tecnologica,Superior,1,,,,,3,5.0,1.0,27.0,1.0,TRES MIL PESOS,,,,1.0,,,,,,2.0,,,1.0,1.0,1.0,2.0,2.0,1.0,1.0,2.0,2.0,2.0,1.0,2.0,2.0,2.0,1.0,9,6,0,3.0,1.0
53283,1,1,1,1,1.0,0,,,,,1,Hombre,25,625,5,Media,Media,2,,,,,3,,,,,,,,,,,,,,,,,,,,,,,,,,,,,,,,,9,6,0,1.0,1.0
53371,3,1,3,0,,1,,,,,1,Hombre,25,625,5,Media,Media,2,,1.0,,,3,,,,,,,,,,,,,,,,,,,,,,,,,,,,,,,,,9,6,0,1.0,1.0
53376,4,1,4,0,,1,,,,2000.0,2,Mujer,24,576,5,Media,Media,1,,1.0,,,1,2.0,2.0,,1.0,DOS MIL PESOS,,,,,1.0,,,,,2.0,,,2.0,2.0,2.0,2.0,2.0,2.0,2.0,2.0,2.0,2.0,2.0,2.0,2.0,2.0,2.0,9,1,2,1.0,2.0
53380,2,1,2,1,1.0,0,,,,,2,Mujer,36,1296,5,Media,Media,2,,1.0,1.0,,3,,,,,,,,,,,,,,,,,,,,,,,,,,,,,,,,,9,6,1,1.0,2.0
53429,1,1,1,1,1.0,0,,,,,1,Hombre,31,961,5,Media,Media,2,,,,,3,,,,,,,,,,,,,,,,,,,,,,,,,,,,,,,,,9,6,0,1.0,1.0
53437,2,1,2,0,,1,60000.0,11.002099841204238,30.0,1000.0,1,Hombre,21,441,5,Media,Media,1,1.0,1.0,,,3,5.0,1.0,30.0,1.0,MIL PESOS,,,,1.0,,,,,,1.0,,,2.0,2.0,2.0,2.0,2.0,2.0,2.0,2.0,2.0,2.0,2.0,2.0,2.0,2.0,2.0,9,6,0,1.0,1.0
53450,1,1,1,0,,1,,,,,2,Mujer,65,4225,5,Media,Media,2,,1.0,,,3,,,,,,,,,,,,,,,,,,,,,,,,,,,,,,,,,9,6,0,1.0,2.0
53463,1,1,1,0,,1,,,,,1,Hombre,52,2704,5,Media,Media,2,,1.0,,,3,,,,,,,,,,,,,,,,,,,,,,,,,,,,,,,,,1,3,3,1.0,1.0
53479,2,1,2,0,,1,,,,,1,Hombre,21,441,6,Tecnica/tecnologica,Superior,2,,1.0,,,3,,,,,,,,,,,,,,,,,,,,,,,,,,,,,,,,,9,6,0,1.0,1.0
53483,1,1,1,0,,1,,,,,2,Mujer,33,1089,7,Universitaria,Superior,2,,1.0,,,3,,,,,,,,,,,,,,,,,,,,,,,,,,,,,,,,,9,5,2,1.0,2.0
53488,1,1,1,0,,1,,,,,1,Hombre,40,1600,4,Basica secundaria,Media,2,,1.0,,,3,,,,,,,,,,,,,,,,,,,,,,,,,,,,,,,,,9,2,2,1.0,1.0
53496,1,1,1,1,1.0,0,,,,,1,Hombre,30,900,5,Media,Media,2,,,,,3,,,,,,,,,,,,,,,,,,,,,,,,,,,,,,,,,9,2,2,1.0,1.0
53497,5,1,5,1,1.0,0,50000.0,10.819778284410283,10.0,5000.0,2,Mujer,22,484,5,Media,Media,1,1.0,1.0,,,3,5.0,1.0,30.0,1.0,CINCO MIL,,,1.0,,,,,,,1.0,,,1.0,2.0,1.0,1.0,1.0,2.0,2.0,1.0,2.0,1.0,1.0,1.0,2.0,2.0,1.0,9,1,1,3.0,2.0
53498,1,1,1,0,,1,,,,,1,Hombre,25,625,6,Tecnica/tecnologica,Superior,2,,1.0,,,3,,,,,,,,,,,,,,,,,,,,,,,,,,,,,,,,,9,3,0,1.0,1.0
53503,1,1,1,1,1.0,0,,,,,1,Hombre,38,1444,4,Basica secundaria,Media,2,,,,,3,,,,,,,,,,,,,,,,,,,,,,,,,,,,,,,,,9,6,3,1.0,1.0
53507,1,1,1,0,,1,,,,,1,Hombre,60,3600,7,Universitaria,Superior,2,,1.0,,,3,,,,,,,,,,,,,,,,,,,,,,,,,,,,,,,,,9,3,4,1.0,1.0
53517,1,1,1,0,,1,,,,,1,Hombre,53,2809,6,Tecnica/tecnologica,Superior,2,,1.0,,,3,,,,,,,,,,,,,,,,,,,,,,,,,,,,,,,,,9,3,4,1.0,1.0
53518,3,1,3,0,,1,,,1.0,5000.0,2,Mujer,21,441,6,Tecnica/tecnologica,Superior,1,1.0,1.0,,,3,2.0,2.0,,1.0,CINCO MIL PESOS,,,,1.0,,,,,,1.0,,,2.0,1.0,2.0,2.0,2.0,1.0,2.0,2.0,1.0,2.0,1.0,2.0,2.0,2.0,1.0,9,6,0,1.0,2.0
53522,5,1,5,0,,1,,,,,2,Mujer,18,324,4,Basica secundaria,Media,2,,1.0,,,3,,,,,,,,,,,,,,,,,,,,,,,,,,,,,,,,,9,6,0,1.0,2.0
53533,3,1,3,1,1.0,0,1000.0,6.907755278982137,1.0,5000.0,2,Mujer,23,529,7,Universitaria,Superior,1,1.0,1.0,1.0,,3,3.0,1.0,1.0,1.0,CINCO MIL PESOS,,,,1.0,,,,,,1.0,1.0,,2.0,2.0,2.0,2.0,2.0,1.0,2.0,2.0,2.0,2.0,1.0,1.0,2.0,2.0,2.0,9,6,0,1.0,2.0
53549,1,1,1,0,,1,,,,,1,Hombre,48,2304,5,Media,Media,2,,1.0,,,3,,,,,,,,,,,,,,,,,,,,,,,,,,,,,,,,,9,6,1,1.0,1.0
53551,1,1,1,1,1.0,0,7000.0,8.85366542803745,1.0,,2,Mujer,28,784,7,Universitaria,Superior,1,,1.0,,,3,2.0,1.0,2.0,2.0,,,,,,,1.0,,,,2.0,,,2.0,2.0,2.0,2.0,2.0,2.0,2.0,2.0,2.0,2.0,2.0,2.0,2.0,2.0,2.0,9,6,0,1.0,2.0
53553,2,1,2,1,1.0,0,,,,,2,Mujer,22,484,6,Tecnica/tecnologica,Superior,2,,,,,3,,,,,,,,,,,,,,,,,,,,,,,,,,,,,,,,,9,6,0,1.0,2.0
53567,3,1,3,0,,1,,,,,2,Mujer,37,1369,5,Media,Media,2,,1.0,,,3,,,,,,,,,,,,,,,,,,,,,,,,,,,,,,,,,9,3,3,1.0,2.0
53576,1,1,1,1,1.0,0,,,3.0,5000.0,1,Hombre,52,2704,4,Basica secundaria,Media,1,,1.0,1.0,,9,4.0,2.0,,1.0,CINCO MIL,,,,1.0,,,,,,2.0,,,2.0,2.0,2.0,2.0,2.0,2.0,2.0,2.0,2.0,2.0,2.0,2.0,2.0,2.0,2.0,9,5,1,1.0,1.0
53580,1,1,1,0,,1,20000.0,9.903487552536127,10.0,3000.0,2,Mujer,29,841,6,Tecnica/tecnologica,Superior,1,,,1.0,,2,2.0,1.0,15.0,1.0,TRES MIL PESOS,,,,,1.0,,,,,2.0,,,2.0,2.0,2.0,2.0,2.0,2.0,2.0,2.0,2.0,2.0,2.0,2.0,2.0,2.0,2.0,9,6,1,1.0,2.0
53589,6,1,6,0,,1,,,,,1,Hombre,17,289,4,Basica secundaria,Media,2,,1.0,,,3,,,,,,,,,,,,,,,,,,,,,,,,,,,,,,,,,9,6,0,,
53593,2,1,2,1,1.0,0,,,,,1,Hombre,31,961,7,Universitaria,Superior,2,,1.0,,,3,,,,,,,,,,,,,,,,,,,,,,,,,,,,,,,,,9,6,0,1.0,1.0
53598,2,1,2,0,,1,,,,,2,Mujer,33,1089,7,Universitaria,Superior,2,,1.0,,,3,,,,,,,,,,,,,,,,,,,,,,,,,,,,,,,,,9,3,3,1.0,2.0
53620,3,1,3,1,1.0,0,1000.0,6.907755278982137,1.0,,1,Hombre,35,1225,4,Basica secundaria,Media,1,,,,,3,2.0,1.0,1.0,2.0,,,,,1.0,,,,,,2.0,,,2.0,2.0,2.0,2.0,2.0,2.0,2.0,2.0,2.0,2.0,2.0,2.0,2.0,2.0,2.0,9,6,0,2.0,3.0
53624,3,1,3,0,,1,,,,,1,Hombre,31,961,5,Media,Media,2,,1.0,,,3,,,,,,,,,,,,,,,,,,,,,,,,,,,,,,,,,9,6,1,1.0,1.0
53625,1,1,1,0,,1,,,,,2,Mujer,28,784,8,Postgrado,Superior,2,,1.0,,,3,,,,,,,,,,,,,,,,,,,,,,,,,,,,,,,,,9,6,0,1.0,2.0
53627,2,1,2,0,,1,,,,,2,Mujer,64,4096,7,Universitaria,Superior,2,,1.0,,,3,,,,,,,,,,,,,,,,,,,,,,,,,,,,,,,,,9,3,2,1.0,2.0
53631,2,1,2,1,1.0,0,,,,,2,Mujer,26,676,5,Media,Media,2,,,,,3,,,,,,,,,,,,,,,,,,,,,,,,,,,,,,,,,9,2,2,1.0,2.0
53663,2,1,2,0,,1,,,,,2,Mujer,18,324,6,Tecnica/tecnologica,Superior,2,,1.0,,,3,,,,,,,,,,,,,,,,,,,,,,,,,,,,,,,,,9,6,0,1.0,2.0
53665,4,1,4,1,1.0,0,,,20.0,2000.0,1,Hombre,19,361,7,Universitaria,Superior,1,,1.0,1.0,,2,2.0,2.0,,1.0,DOS MIL PESOS,,,,1.0,1.0,1.0,,,,2.0,,,1.0,1.0,2.0,1.0,1.0,2.0,2.0,1.0,1.0,1.0,1.0,1.0,1.0,1.0,1.0,9,6,0,1.0,1.0
53692,2,1,2,0,,1,,,,,2,Mujer,44,1936,8,Postgrado,Superior,2,,1.0,,,3,,,,,,,,,,,,,,,,,,,,,,,,,,,,,,,,,9,3,1,1.0,2.0
53707,1,1,1,0,,1,,,1.0,,1,Hombre,48,2304,7,Universitaria,Superior,1,,1.0,,,3,2.0,2.0,,2.0,,,,,1.0,,,,,,2.0,,,2.0,2.0,2.0,2.0,2.0,2.0,2.0,2.0,2.0,2.0,2.0,2.0,2.0,2.0,2.0,9,5,1,1.0,1.0
53740,2,1,2,1,1.0,0,,,,,2,Mujer,28,784,5,Media,Media,2,,1.0,,,3,,,,,,,,,,,,,,,,,,,,,,,,,,,,,,,,,9,2,2,1.0,2.0
53761,3,1,3,0,,1,,,,,1,Hombre,39,1521,8,Postgrado,Superior,2,,1.0,,,3,,,,,,,,,,,,,,,,,,,,,,,,,,,,,,,,,9,3,2,1.0,1.0
53784,1,1,1,0,,1,,,3.0,,2,Mujer,20,400,5,Media,Media,1,1.0,1.0,,,3,3.0,1.0,3.0,2.0,,,,,1.0,,,,,,1.0,,,2.0,2.0,2.0,2.0,2.0,1.0,1.0,2.0,1.0,2.0,1.0,2.0,2.0,2.0,2.0,9,6,0,1.0,2.0
53785,3,1,3,1,1.0,0,,,,,2,Mujer,22,484,7,Universitaria,Superior,2,,,,,3,,,,,,,,,,,,,,,,,,,,,,,,,,,,,,,,,9,6,0,1.0,2.0
53789,2,1,2,1,1.0,0,,,,,1,Hombre,27,729,6,Tecnica/tecnologica,Superior,2,,,,,3,,,,,,,,,,,,,,,,,,,,,,,,,,,,,,,,,9,6,0,1.0,1.0
53791,1,1,1,0,,1,,,,,1,Hombre,30,900,5,Media,Media,2,,1.0,,,3,,,,,,,,,,,,,,,,,,,,,,,,,,,,,,,,,9,3,3,1.0,1.0
53807,2,1,2,0,,1,,,1.0,5000.0,2,Mujer,20,400,5,Media,Media,1,1.0,1.0,,,1,2.0,1.0,1.0,1.0,CINCO MIL PESOS,,,,1.0,,,,,,1.0,,,2.0,2.0,2.0,1.0,2.0,2.0,2.0,2.0,2.0,2.0,1.0,1.0,2.0,2.0,2.0,9,6,0,3.0,2.0
53809,2,1,2,0,,1,,,2.0,5000.0,1,Hombre,29,841,7,Universitaria,Superior,1,,1.0,,,2,2.0,2.0,,1.0,CINCO MIL PESOS,,,,1.0,,,,,,2.0,,,2.0,2.0,2.0,2.0,2.0,2.0,2.0,2.0,2.0,2.0,2.0,2.0,2.0,2.0,2.0,9,2,1,1.0,1.0
53811,3,1,3,0,,1,,,,,1,Hombre,33,1089,5,Media,Media,2,,1.0,,,3,,,,,,,,,,,,,,,,,,,,,,,,,,,,,,,,,9,6,0,1.0,1.0
53817,1,1,1,0,,1,,,4.0,,2,Mujer,38,1444,8,Postgrado,Superior,1,1.0,1.0,,,3,2.0,2.0,,2.0,,,,,1.0,,,,,,1.0,,,2.0,2.0,2.0,2.0,2.0,2.0,2.0,2.0,2.0,2.0,2.0,2.0,2.0,2.0,2.0,9,6,0,1.0,2.0
53830,1,1,1,1,1.0,0,,,,,2,Mujer,56,3136,7,Universitaria,Superior,2,,,,,3,,,,,,,,,,,,,,,,,,,,,,,,,,,,,,,,,9,5,2,1.0,2.0
53838,3,1,3,1,1.0,0,2500.0,7.824046010856292,15.0,2000.0,1,Hombre,18,324,4,Basica secundaria,Media,1,,,,,3,3.0,1.0,8.0,1.0,DOS MIL PESOS,,,,1.0,,,,,,2.0,,,1.0,2.0,1.0,1.0,2.0,2.0,2.0,2.0,2.0,2.0,1.0,2.0,2.0,1.0,1.0,9,6,0,1.0,1.0
53840,1,1,1,0,,1,,,1.0,,1,Hombre,55,3025,7,Universitaria,Superior,1,,1.0,,,3,2.0,2.0,,2.0,,,,,1.0,,,,,,2.0,,,2.0,2.0,2.0,2.0,2.0,2.0,2.0,2.0,2.0,2.0,2.0,2.0,2.0,2.0,2.0,9,5,4,1.0,1.0
53845,1,1,1,0,,1,,,1.0,,2,Mujer,24,576,8,Postgrado,Superior,1,1.0,1.0,,,2,2.0,2.0,,2.0,,,,,1.0,,,,,,1.0,,,2.0,2.0,2.0,2.0,2.0,2.0,2.0,2.0,2.0,2.0,1.0,2.0,2.0,2.0,2.0,9,6,0,3.0,2.0
53873,5,1,5,0,,1,,,1.0,2000.0,1,Hombre,19,361,7,Universitaria,Superior,1,1.0,1.0,,,3,2.0,1.0,1.0,1.0,DOS MIL PESOS,,,,1.0,,,,,,1.0,,,2.0,2.0,2.0,2.0,2.0,2.0,2.0,2.0,2.0,2.0,2.0,2.0,2.0,2.0,2.0,9,6,0,1.0,1.0
53885,2,1,2,1,1.0,0,9000.0,9.104979856318357,1.0,3000.0,1,Hombre,25,625,7,Universitaria,Superior,1,1.0,,,,3,3.0,1.0,3.0,1.0,TRES MIL PESOS,,,,1.0,,,,,,1.0,,,2.0,2.0,2.0,2.0,2.0,2.0,2.0,2.0,2.0,2.0,2.0,2.0,2.0,2.0,2.0,9,6,0,2.0,1.0
53891,3,1,3,1,1.0,0,20000.0,9.903487552536127,20.0,5000.0,1,Hombre,23,529,5,Media,Media,1,,1.0,,,3,3.0,1.0,10.0,1.0,CINCO MIL PESOS,,,,1.0,,,,,,2.0,,,2.0,2.0,2.0,2.0,2.0,2.0,2.0,2.0,2.0,2.0,2.0,2.0,2.0,2.0,2.0,9,6,2,1.0,1.0
53902,2,1,2,0,,1,,,,,1,Hombre,28,784,7,Universitaria,Superior,2,,1.0,,,3,,,,,,,,,,,,,,,,,,,,,,,,,,,,,,,,,9,6,0,1.0,1.0
53935,2,1,2,1,1.0,0,,,,,2,Mujer,50,2500,6,Tecnica/tecnologica,Superior,2,,,,,9,,,,,,,,,,,,,,,,,,,,,,,,,,,,,,,,,9,5,1,1.0,2.0
53944,1,1,1,0,,1,,,,,2,Mujer,58,3364,7,Universitaria,Superior,2,,1.0,,,3,,,,,,,,,,,,,,,,,,,,,,,,,,,,,,,,,9,5,4,1.0,2.0
53948,3,1,3,0,,1,,,,,2,Mujer,31,961,5,Media,Media,2,,1.0,,,3,,,,,,,,,,,,,,,,,,,,,,,,,,,,,,,,,9,6,1,1.0,2.0
53953,5,1,5,1,1.0,0,,,1.0,,2,Mujer,16,256,4,Basica secundaria,Media,1,,,,,9,1.0,2.0,,2.0,,,,,1.0,,,,,,2.0,,,2.0,2.0,2.0,2.0,2.0,2.0,2.0,2.0,2.0,2.0,2.0,2.0,2.0,2.0,2.0,9,6,0,,
53966,3,1,3,0,,1,,,,,2,Mujer,22,484,7,Universitaria,Superior,2,,1.0,,,3,,,,,,,,,,,,,,,,,,,,,,,,,,,,,,,,,9,6,0,1.0,1.0
53973,5,1,5,0,,1,,,1.0,3500.0,2,Mujer,24,576,7,Universitaria,Superior,1,,1.0,,,3,1.0,1.0,1.0,1.0,TRES MIL QUINIENTOS PESOS,,,,1.0,,,,,,2.0,,,2.0,2.0,2.0,2.0,2.0,2.0,2.0,2.0,2.0,2.0,2.0,2.0,2.0,2.0,2.0,9,6,0,1.0,2.0
53974,1,1,1,1,1.0,0,,,,,1,Hombre,26,676,5,Media,Media,2,,,,,3,,,,,,,,,,,,,,,,,,,,,,,,,,,,,,,,,9,6,0,1.0,1.0
53987,1,1,1,0,,1,,,,,2,Mujer,31,961,5,Media,Media,2,,1.0,,,3,,,,,,,,,,,,,,,,,,,,,,,,,,,,,,,,,9,6,2,1.0,2.0
53988,3,1,3,1,1.0,0,10000.0,9.210340371976184,30.0,2000.0,1,Hombre,21,441,6,Tecnica/tecnologica,Superior,1,1.0,1.0,,1.0,3,5.0,1.0,27.0,1.0,DOS MIL PESOS,,,,1.0,,,1.0,,,1.0,,,1.0,2.0,1.0,1.0,2.0,1.0,1.0,2.0,1.0,1.0,2.0,1.0,2.0,1.0,1.0,9,6,0,1.0,1.0
54008,4,1,4,1,1.0,0,3000.0,8.006367567650246,1.0,3000.0,1,Hombre,22,484,5,Media,Media,1,,,,,3,3.0,1.0,4.0,1.0,TRES MIL PESOS,,,,1.0,,,,,,2.0,,,1.0,1.0,2.0,1.0,2.0,1.0,1.0,2.0,1.0,2.0,2.0,2.0,2.0,2.0,2.0,9,6,0,1.0,1.0
54015,1,1,1,1,1.0,0,,,,,1,Hombre,27,729,5,Media,Media,2,,,,,3,,,,,,,,,,,,,,,,,,,,,,,,,,,,,,,,,9,6,0,1.0,1.0
54020,1,1,1,0,,1,,,,,1,Hombre,48,2304,4,Basica secundaria,Media,2,,1.0,,,3,,,,,,,,,,,,,,,,,,,,,,,,,,,,,,,,,9,6,1,1.0,1.0
54028,2,1,2,1,1.0,0,,,,,2,Mujer,18,324,5,Media,Media,2,,,,,3,,,,,,,,,,,,,,,,,,,,,,,,,,,,,,,,,9,2,1,1.0,2.0
54045,2,1,2,1,1.0,0,20000.0,9.903487552536127,10.0,3000.0,2,Mujer,29,841,6,Tecnica/tecnologica,Superior,1,1.0,1.0,1.0,,3,4.0,1.0,5.0,1.0,TRES MIL PESOS,,,,1.0,,,1.0,,,1.0,,,2.0,2.0,2.0,1.0,2.0,1.0,2.0,2.0,2.0,2.0,2.0,2.0,2.0,2.0,2.0,9,2,2,1.0,2.0
54054,1,1,1,0,,1,,,1.0,,1,Hombre,65,4225,4,Basica secundaria,Media,1,,1.0,,,3,2.0,2.0,,2.0,,,,,1.0,,,,,,2.0,,,2.0,2.0,2.0,2.0,2.0,2.0,2.0,2.0,2.0,2.0,2.0,2.0,2.0,2.0,2.0,9,5,7,1.0,1.0
54074,3,1,3,1,1.0,0,,,,,1,Hombre,26,676,7,Universitaria,Superior,2,,1.0,,,3,,,,,,,,,,,,,,,,,,,,,,,,,,,,,,,,,9,6,0,1.0,1.0
54079,1,1,1,0,,1,,,,,1,Hombre,41,1681,7,Universitaria,Superior,2,,1.0,,,3,,,,,,,,,,,,,,,,,,,,,,,,,,,,,,,,,9,3,1,1.0,1.0
54084,1,1,1,1,1.0,0,,,,,2,Mujer,22,484,7,Universitaria,Superior,2,,,,,3,,,,,,,,,,,,,,,,,,,,,,,,,,,,,,,,,1,6,1,1.0,2.0
54111,3,1,3,1,1.0,0,,,,,1,Hombre,23,529,7,Universitaria,Superior,2,,,,,3,,,,,,,,,,,,,,,,,,,,,,,,,,,,,,,,,9,6,0,1.0,1.0
54116,1,1,1,0,,1,,,,,1,Hombre,63,3969,3,Basica primaria,Baja,2,,1.0,,,3,,,,,,,,,,,,,,,,,,,,,,,,,,,,,,,,,9,5,11,1.0,1.0
54121,1,1,1,0,,1,,,1.0,,2,Mujer,42,1764,8,Postgrado,Superior,1,,,,1.0,2,1.0,2.0,,2.0,,,,,1.0,,,,,,2.0,,,2.0,2.0,2.0,2.0,2.0,2.0,2.0,2.0,2.0,2.0,2.0,2.0,2.0,2.0,2.0,9,5,2,1.0,2.0
54133,5,1,5,1,1.0,0,,,,,2,Mujer,21,441,5,Media,Media,2,,,,,3,,,,,,,,,,,,,,,,,,,,,,,,,,,,,,,,,9,6,1,1.0,2.0
54141,2,1,2,1,1.0,0,,,,,2,Mujer,30,900,6,Tecnica/tecnologica,Superior,2,,,,,3,,,,,,,,,,,,,,,,,,,,,,,,,,,,,,,,,9,6,1,1.0,2.0
54146,4,1,4,1,1.0,0,,,,,2,Mujer,29,841,6,Tecnica/tecnologica,Superior,2,,,,,3,,,,,,,,,,,,,,,,,,,,,,,,,,,,,,,,,9,2,2,1.0,2.0
54157,1,1,1,0,,1,,,1.0,2000.0,1,Hombre,61,3721,8,Postgrado,Superior,1,,,,1.0,2,1.0,2.0,,1.0,DOS MIL PESOS,,,,,,,,1.0,,2.0,,,2.0,2.0,2.0,2.0,2.0,2.0,2.0,2.0,2.0,2.0,2.0,2.0,2.0,2.0,2.0,9,2,0,1.0,1.0
54169,1,1,1,0,,1,,,,,2,Mujer,38,1444,5,Media,Media,2,,1.0,,,9,,,,,,,,,,,,,,,,,,,,,,,,,,,,,,,,,9,5,1,1.0,2.0
54177,3,1,3,1,1.0,0,6000.0,8.699514748210191,7.0,2000.0,1,Hombre,17,289,4,Basica secundaria,Media,1,1.0,,,,3,2.0,1.0,4.0,1.0,dos mil pesos,,,,1.0,,,,,,1.0,,,1.0,1.0,2.0,2.0,2.0,2.0,2.0,2.0,2.0,2.0,2.0,2.0,2.0,2.0,2.0,5,6,0,,
54178,2,1,2,0,,1,,,,,1,Hombre,28,784,6,Tecnica/tecnologica,Superior,2,,1.0,,,3,,,,,,,,,,,,,,,,,,,,,,,,,,,,,,,,,9,6,0,1.0,1.0
54180,2,1,2,1,1.0,0,10000.0,9.210340371976184,10.0,1500.0,1,Hombre,18,324,4,Basica secundaria,Media,1,,1.0,,,3,4.0,1.0,15.0,1.0,MIL QUINIENTOS,,,1.0,1.0,,,,,,2.0,,,2.0,2.0,1.0,2.0,1.0,1.0,2.0,2.0,1.0,1.0,1.0,2.0,2.0,2.0,1.0,9,6,0,1.0,1.0
54188,4,1,4,1,1.0,0,,,1.0,3000.0,2,Mujer,18,324,5,Media,Media,1,,,,,3,2.0,2.0,,1.0,TRES MIL PESOS,,,,1.0,,,,,,2.0,,,2.0,2.0,2.0,2.0,2.0,2.0,2.0,2.0,2.0,2.0,2.0,2.0,2.0,2.0,2.0,9,6,0,1.0,2.0
54204,2,1,2,0,,1,,,,,2,Mujer,65,4225,3,Basica primaria,Baja,2,,1.0,,,3,,,,,,,,,,,,,,,,,,,,,,,,,,,,,,,,,9,3,5,1.0,2.0
54205,3,1,3,0,,1,,,,,1,Hombre,18,324,5,Media,Media,2,,,1.0,,3,,,,,,,,,,,,,,,,,,,,,,,,,,,,,,,,,9,6,0,1.0,1.0
54213,1,1,1,0,,1,,,,,1,Hombre,59,3481,3,Basica primaria,Baja,2,,1.0,,,3,,,,,,,,,,,,,,,,,,,,,,,,,,,,,,,,,9,3,3,1.0,1.0
54219,2,1,2,1,1.0,0,2000.0,7.600902459542082,1.0,2000.0,1,Hombre,35,1225,5,Media,Media,1,,,,,3,3.0,1.0,1.0,1.0,DOS MIL PESOS,,,,1.0,,,,,,2.0,,,2.0,2.0,2.0,2.0,2.0,2.0,2.0,2.0,2.0,2.0,2.0,2.0,2.0,2.0,2.0,9,6,1,1.0,1.0
54237,2,1,2,1,1.0,0,,,1.0,5000.0,1,Hombre,22,484,6,Tecnica/tecnologica,Superior,1,,,,,3,2.0,2.0,,1.0,CINCO MIL PESOS,,,,1.0,,,,,,2.0,,,2.0,2.0,2.0,2.0,2.0,2.0,2.0,2.0,2.0,2.0,2.0,2.0,2.0,2.0,2.0,9,6,0,1.0,1.0
54256,1,1,1,1,1.0,0,1000.0,6.907755278982137,3.0,2000.0,2,Mujer,60,3600,6,Tecnica/tecnologica,Superior,1,,,,,3,2.0,1.0,3.0,1.0,DOS MIL,,,,1.0,,,,,,2.0,,,2.0,2.0,2.0,2.0,2.0,2.0,2.0,2.0,2.0,2.0,2.0,2.0,2.0,2.0,2.0,2,6,4,1.0,1.0
54285,2,1,2,0,,1,,,1.0,4000.0,1,Hombre,25,625,5,Media,Media,1,,1.0,,,2,2.0,2.0,,1.0,CUATRO MIL PESOS,,,1.0,1.0,,,,,,2.0,,,2.0,2.0,2.0,2.0,2.0,2.0,2.0,2.0,2.0,2.0,2.0,2.0,2.0,2.0,2.0,9,6,0,1.0,1.0
54291,2,1,2,1,1.0,0,,,,,1,Hombre,18,324,4,Basica secundaria,Media,2,,,,,3,,,,,,,,,,,,,,,,,,,,,,,,,,,,,,,,,9,1,0,1.0,1.0
54298,1,1,1,1,1.0,0,,,,,1,Hombre,25,625,7,Universitaria,Superior,2,,,,,3,,,,,,,,,,,,,,,,,,,,,,,,,,,,,,,,,9,6,1,1.0,1.0
54306,1,1,1,0,,1,,,1.0,,1,Hombre,27,729,7,Universitaria,Superior,1,,1.0,,,3,1.0,2.0,,2.0,,,,,1.0,,,,,,2.0,,,2.0,2.0,2.0,2.0,2.0,2.0,2.0,2.0,2.0,2.0,2.0,2.0,2.0,2.0,2.0,9,6,0,3.0,1.0
54319,1,1,1,1,1.0,0,,,,,1,Hombre,26,676,7,Universitaria,Superior,2,,,,,3,,,,,,,,,,,,,,,,,,,,,,,,,,,,,,,,,9,1,0,1.0,1.0
54330,1,1,1,0,,1,,,,,2,Mujer,42,1764,8,Postgrado,Superior,2,,1.0,,,3,,,,,,,,,,,,,,,,,,,,,,,,,,,,,,,,,9,6,0,1.0,1.0
54331,3,1,3,1,1.0,0,,,,,2,Mujer,17,289,5,Media,Media,2,,,,,3,,,,,,,,,,,,,,,,,,,,,,,,,,,,,,,,,9,6,0,,
54346,4,1,4,0,,1,,,,,1,Hombre,27,729,7,Universitaria,Superior,2,,1.0,,,3,,,,,,,,,,,,,,,,,,,,,,,,,,,,,,,,,9,6,0,1.0,1.0
54362,1,1,1,0,,1,,,,,2,Mujer,50,2500,8,Postgrado,Superior,2,,1.0,,,3,,,,,,,,,,,,,,,,,,,,,,,,,,,,,,,,,5,3,1,1.0,2.0
54421,2,1,2,0,,1,,,,,2,Mujer,37,1369,8,Postgrado,Superior,2,,1.0,,,3,,,,,,,,,,,,,,,,,,,,,,,,,,,,,,,,,9,2,0,2.0,2.0
54437,3,1,3,0,,1,,,,,1,Hombre,37,1369,7,Universitaria,Superior,2,,1.0,,,3,,,,,,,,,,,,,,,,,,,,,,,,,,,,,,,,,9,6,0,3.0,1.0
54463,3,1,3,1,1.0,0,,,,,1,Hombre,54,2916,4,Basica secundaria,Media,2,,,,,3,,,,,,,,,,,,,,,,,,,,,,,,,,,,,,,,,9,6,0,1.0,1.0
54501,2,1,2,0,,1,,,1.0,,2,Mujer,36,1296,6,Tecnica/tecnologica,Superior,1,,,1.0,,2,2.0,2.0,,2.0,,,,,1.0,,,,,,2.0,,,2.0,2.0,2.0,2.0,2.0,2.0,2.0,2.0,2.0,2.0,2.0,2.0,2.0,2.0,2.0,9,6,0,3.0,2.0
54530,1,1,1,1,1.0,0,,,,,2,Mujer,28,784,7,Universitaria,Superior,2,,1.0,,,3,,,,,,,,,,,,,,,,,,,,,,,,,,,,,,,,,9,6,0,1.0,2.0
54532,2,1,2,1,1.0,0,,,4.0,2000.0,2,Mujer,14,196,4,Basica secundaria,Media,1,,,,,2,4.0,2.0,,1.0,DOS MIL PESOS,,,,1.0,,,,,,2.0,,,1.0,2.0,2.0,1.0,2.0,1.0,2.0,2.0,1.0,1.0,1.0,1.0,1.0,2.0,2.0,9,6,0,,
54544,1,1,1,1,1.0,0,,,,,1,Hombre,26,676,5,Media,Media,2,,1.0,,,3,,,,,,,,,,,,,,,,,,,,,,,,,,,,,,,,,9,6,0,1.0,1.0
54548,1,1,1,1,1.0,0,,,1.0,1500.0,2,Mujer,30,900,6,Tecnica/tecnologica,Superior,1,,1.0,,,3,2.0,2.0,,1.0,MIL QUINIENTOS,,,,1.0,,,,,,2.0,,,2.0,2.0,2.0,2.0,2.0,2.0,2.0,2.0,2.0,2.0,2.0,2.0,2.0,2.0,2.0,9,6,1,1.0,2.0
54549,1,1,1,1,1.0,0,,,2.0,2000.0,1,Hombre,29,841,6,Tecnica/tecnologica,Superior,1,1.0,,1.0,,3,2.0,2.0,,1.0,DOS MIL,1.0,1.0,1.0,1.0,1.0,1.0,1.0,,,1.0,,,2.0,2.0,2.0,2.0,2.0,1.0,1.0,2.0,2.0,2.0,2.0,2.0,2.0,2.0,2.0,9,6,1,1.0,1.0
54556,4,1,4,0,,1,1000.0,6.907755278982137,1.0,10000.0,2,Mujer,22,484,7,Universitaria,Superior,1,1.0,,,1.0,3,3.0,1.0,4.0,1.0,DIEZ MIL PESOS,,,,1.0,,,,,,1.0,,,2.0,2.0,2.0,2.0,2.0,2.0,1.0,2.0,1.0,1.0,2.0,1.0,2.0,2.0,1.0,9,6,0,1.0,2.0
54574,1,1,1,1,1.0,0,,,,,2,Mujer,23,529,7,Universitaria,Superior,2,,1.0,,,3,,,,,,,,,,,,,,,,,,,,,,,,,,,,,,,,,9,6,0,1.0,2.0
54585,1,1,1,1,1.0,0,,,,,2,Mujer,34,1156,6,Tecnica/tecnologica,Superior,2,,,,,3,,,,,,,,,,,,,,,,,,,,,,,,,,,,,,,,,9,5,1,1.0,2.0
54611,1,1,1,0,,1,,,,,1,Hombre,36,1296,8,Postgrado,Superior,2,,,1.0,,3,,,,,,,,,,,,,,,,,,,,,,,,,,,,,,,,,9,2,0,1.0,1.0
54626,2,1,2,0,,1,,,,,1,Hombre,27,729,5,Media,Media,2,,1.0,,,3,,,,,,,,,,,,,,,,,,,,,,,,,,,,,,,,,9,1,1,1.0,1.0
54644,3,1,3,0,,1,,,,,2,Mujer,27,729,6,Tecnica/tecnologica,Superior,2,,1.0,,,3,,,,,,,,,,,,,,,,,,,,,,,,,,,,,,,,,9,6,2,1.0,2.0
54646,1,1,1,0,,1,,,,,1,Hombre,29,841,6,Tecnica/tecnologica,Superior,2,,1.0,,,3,,,,,,,,,,,,,,,,,,,,,,,,,,,,,,,,,9,2,4,1.0,1.0
54651,3,1,3,0,,1,,,,,1,Hombre,19,361,7,Universitaria,Superior,2,,1.0,,,3,,,,,,,,,,,,,,,,,,,,,,,,,,,,,,,,,5,6,0,1.0,1.0
54652,2,1,2,0,,1,,,,,1,Hombre,34,1156,5,Media,Media,2,,1.0,,,3,,,,,,,,,,,,,,,,,,,,,,,,,,,,,,,,,9,6,0,1.0,1.0
54669,3,1,3,1,1.0,0,,,,,2,Mujer,24,576,6,Tecnica/tecnologica,Superior,2,,,,,3,,,,,,,,,,,,,,,,,,,,,,,,,,,,,,,,,9,6,0,1.0,2.0
54700,1,1,1,0,,1,,,,,1,Hombre,53,2809,7,Universitaria,Superior,2,,1.0,,,3,,,,,,,,,,,,,,,,,,,,,,,,,,,,,,,,,9,2,1,1.0,1.0
54704,4,1,4,1,1.0,0,,,,,1,Hombre,19,361,7,Universitaria,Superior,2,,,,,3,,,,,,,,,,,,,,,,,,,,,,,,,,,,,,,,,9,6,0,1.0,1.0
54705,3,1,3,0,,1,,,1.0,,1,Hombre,20,400,5,Media,Media,1,1.0,1.0,,,3,2.0,1.0,3.0,2.0,,,,,1.0,,,,,,1.0,,,2.0,2.0,2.0,2.0,2.0,1.0,2.0,2.0,1.0,2.0,2.0,2.0,2.0,2.0,2.0,9,6,0,1.0,1.0
54721,1,1,1,0,,1,,,,,1,Hombre,56,3136,8,Postgrado,Superior,2,,1.0,,,3,,,,,,,,,,,,,,,,,,,,,,,,,,,,,,,,,9,5,2,1.0,1.0
54724,1,1,1,0,,1,,,,,2,Mujer,50,2500,7,Universitaria,Superior,2,,1.0,,,3,,,,,,,,,,,,,,,,,,,,,,,,,,,,,,,,,9,5,2,1.0,2.0
54742,3,1,3,0,,1,,,,,2,Mujer,33,1089,5,Media,Media,2,,,,1.0,3,,,,,,,,,,,,,,,,,,,,,,,,,,,,,,,,,9,6,0,1.0,2.0
54764,1,1,1,1,1.0,0,10000.0,9.210340371976184,4.0,,1,Hombre,28,784,7,Universitaria,Superior,1,,,,,3,1.0,1.0,1.0,2.0,,,,,1.0,,,,,,2.0,,,2.0,2.0,2.0,2.0,2.0,2.0,2.0,2.0,2.0,2.0,2.0,2.0,2.0,2.0,2.0,9,2,0,1.0,1.0
54766,1,1,1,0,,1,,,,,2,Mujer,42,1764,5,Media,Media,2,,1.0,,,3,,,,,,,,,,,,,,,,,,,,,,,,,,,,,,,,,9,5,1,1.0,2.0
54813,1,1,1,1,1.0,0,45000.0,10.714417768752456,,5000.0,2,Mujer,18,324,5,Media,Media,1,1.0,,,,3,5.0,1.0,6.0,1.0,cinco mil,,,,1.0,,,,,,1.0,,,1.0,1.0,2.0,2.0,2.0,2.0,2.0,2.0,2.0,2.0,2.0,2.0,2.0,2.0,2.0,9,6,0,1.0,2.0
54819,1,1,1,0,,1,8000.0,8.987196820661973,2.0,4000.0,1,Hombre,61,3721,5,Media,Media,1,,1.0,,,3,2.0,1.0,3.0,1.0,CUATRO MIL PESOS,,,,,,1.0,,,,2.0,,,2.0,2.0,2.0,1.0,2.0,2.0,2.0,2.0,2.0,2.0,2.0,2.0,2.0,2.0,2.0,9,2,1,1.0,1.0
54863,2,1,2,1,1.0,0,,,,,2,Mujer,23,529,6,Tecnica/tecnologica,Superior,2,,,,,3,,,,,,,,,,,,,,,,,,,,,,,,,,,,,,,,,9,3,1,1.0,2.0
54868,1,1,1,0,,1,,,,,1,Hombre,20,400,6,Tecnica/tecnologica,Superior,2,,1.0,,,3,,,,,,,,,,,,,,,,,,,,,,,,,,,,,,,,,9,6,0,2.0,1.0
54873,2,1,2,0,,1,5000.0,8.517193191416238,2.0,2000.0,2,Mujer,23,529,7,Universitaria,Superior,1,,1.0,,,3,2.0,1.0,2.0,1.0,DOS MIL PESOS,,,,,,1.0,,,,2.0,,,2.0,2.0,2.0,2.0,2.0,2.0,2.0,2.0,2.0,2.0,2.0,2.0,2.0,2.0,2.0,9,2,0,1.0,2.0
54875,1,1,1,0,,1,,,,,2,Mujer,30,900,7,Universitaria,Superior,2,,1.0,,,3,,,,,,,,,,,,,,,,,,,,,,,,,,,,,,,,,9,6,0,1.0,2.0
54903,1,1,1,1,1.0,0,10000.0,9.210340371976184,30.0,5000.0,1,Hombre,29,841,7,Universitaria,Superior,1,1.0,1.0,1.0,,3,5.0,1.0,30.0,1.0,CINCO MIL PESOS,,1.0,1.0,1.0,1.0,1.0,1.0,,,1.0,,,1.0,1.0,1.0,1.0,2.0,1.0,1.0,1.0,1.0,1.0,1.0,1.0,1.0,1.0,1.0,9,6,0,3.0,1.0
54908,2,1,2,0,,1,,,,,2,Mujer,17,289,4,Basica secundaria,Media,2,,1.0,,,3,,,,,,,,,,,,,,,,,,,,,,,,,,,,,,,,,9,1,0,,
54915,2,1,2,1,1.0,0,50000.0,10.819778284410283,60.0,2000.0,1,Hombre,23,529,5,Media,Media,1,1.0,1.0,,,3,5.0,1.0,30.0,1.0,DOS MIL PESOS,,,1.0,,,,,,,1.0,,,1.0,2.0,2.0,2.0,2.0,1.0,1.0,1.0,1.0,1.0,1.0,1.0,1.0,1.0,1.0,9,6,0,1.0,1.0
54923,1,1,1,0,,1,,,,,1,Hombre,59,3481,3,Basica primaria,Baja,2,,1.0,,,3,,,,,,,,,,,,,,,,,,,,,,,,,,,,,,,,,9,5,4,1.0,1.0
54937,1,1,1,0,,1,,,,,1,Hombre,43,1849,3,Basica primaria,Baja,2,,1.0,,,3,,,,,,,,,,,,,,,,,,,,,,,,,,,,,,,,,9,6,0,1.0,1.0
54938,3,1,3,1,1.0,0,,,,,1,Hombre,19,361,5,Media,Media,2,,1.0,1.0,,3,,,,,,,,,,,,,,,,,,,,,,,,,,,,,,,,,9,6,0,1.0,1.0
54939,1,1,1,1,1.0,0,,,1.0,,1,Hombre,27,729,6,Tecnica/tecnologica,Superior,1,,,,,3,2.0,2.0,,2.0,,,,,1.0,,,,,,2.0,,,2.0,2.0,2.0,2.0,2.0,1.0,1.0,2.0,2.0,2.0,1.0,2.0,2.0,2.0,2.0,9,6,0,1.0,1.0
54963,1,1,1,0,,1,,,,,2,Mujer,53,2809,7,Universitaria,Superior,2,,,,1.0,3,,,,,,,,,,,,,,,,,,,,,,,,,,,,,,,,,9,5,1,1.0,2.0
54975,2,1,2,0,,1,,,,,2,Mujer,27,729,5,Media,Media,2,,1.0,,,3,,,,,,,,,,,,,,,,,,,,,,,,,,,,,,,,,9,2,2,1.0,2.0
54978,1,1,1,0,,1,,,,,1,Hombre,62,3844,3,Basica primaria,Baja,2,,1.0,,,3,,,,,,,,,,,,,,,,,,,,,,,,,,,,,,,,,9,2,2,1.0,1.0
54979,1,1,1,0,,1,,,,,1,Hombre,45,2025,7,Universitaria,Superior,2,,1.0,,,3,,,,,,,,,,,,,,,,,,,,,,,,,,,,,,,,,9,3,0,1.0,1.0
54986,2,1,2,0,,1,,,,,1,Hombre,40,1600,8,Postgrado,Superior,2,,1.0,,,3,,,,,,,,,,,,,,,,,,,,,,,,,,,,,,,,,9,6,0,1.0,1.0
54992,1,1,1,0,,1,,,,,2,Mujer,41,1681,8,Postgrado,Superior,2,,1.0,,,3,,,,,,,,,,,,,,,,,,,,,,,,,,,,,,,,,9,5,1,1.0,2.0
55001,2,1,2,1,1.0,0,,,,,2,Mujer,22,484,5,Media,Media,2,,,,,3,,,,,,,,,,,,,,,,,,,,,,,,,,,,,,,,,9,6,2,1.0,2.0
55029,2,1,2,1,1.0,0,,,1.0,3000.0,2,Mujer,29,841,3,Basica primaria,Baja,1,1.0,,,,3,2.0,2.0,,1.0,TRES MIL PESOS,,,,1.0,,,1.0,,,1.0,,,2.0,2.0,2.0,2.0,2.0,2.0,2.0,2.0,2.0,2.0,2.0,2.0,2.0,2.0,2.0,9,1,2,3.0,2.0
55036,2,1,2,1,1.0,0,,,,,1,Hombre,48,2304,5,Media,Media,2,,,,,3,,,,,,,,,,,,,,,,,,,,,,,,,,,,,,,,,9,6,0,1.0,1.0
55042,1,1,1,1,1.0,0,,,,,2,Mujer,49,2401,6,Tecnica/tecnologica,Superior,2,,,,,3,,,,,,,,,,,,,,,,,,,,,,,,,,,,,,,,,9,6,1,1.0,2.0
55053,1,1,1,0,,1,,,,,1,Hombre,43,1849,8,Postgrado,Superior,2,,1.0,,,3,,,,,,,,,,,,,,,,,,,,,,,,,,,,,,,,,9,3,1,1.0,1.0
55067,1,1,1,1,1.0,0,,,,,1,Hombre,30,900,5,Media,Media,2,,1.0,,,3,,,,,,,,,,,,,,,,,,,,,,,,,,,,,,,,,9,6,1,1.0,1.0
55079,1,1,1,0,,1,1000.0,6.907755278982137,1.0,,2,Mujer,29,841,7,Universitaria,Superior,1,,1.0,,,3,3.0,1.0,2.0,2.0,,,,,1.0,,,,,,2.0,,,2.0,2.0,2.0,2.0,2.0,2.0,2.0,2.0,2.0,2.0,2.0,2.0,2.0,2.0,2.0,9,1,0,1.0,2.0
55092,1,1,1,0,,1,,,,,2,Mujer,37,1369,7,Universitaria,Superior,2,,1.0,,,3,,,,,,,,,,,,,,,,,,,,,,,,,,,,,,,,,9,6,0,1.0,2.0
55093,1,1,1,0,,1,,,,,1,Hombre,29,841,4,Basica secundaria,Media,2,,1.0,,,3,,,,,,,,,,,,,,,,,,,,,,,,,,,,,,,,,9,1,0,1.0,1.0
55095,1,1,1,0,,1,,,,,2,Mujer,21,441,5,Media,Media,2,,1.0,,,3,,,,,,,,,,,,,,,,,,,,,,,,,,,,,,,,,9,1,0,1.0,2.0
55105,2,1,2,0,,1,,,,,2,Mujer,29,841,6,Tecnica/tecnologica,Superior,2,,1.0,,,3,,,,,,,,,,,,,,,,,,,,,,,,,,,,,,,,,9,2,1,1.0,2.0
55127,4,1,4,1,1.0,0,,,,,1,Hombre,17,289,5,Media,Media,2,,,,,3,,,,,,,,,,,,,,,,,,,,,,,,,,,,,,,,,9,6,0,,
55167,1,1,1,0,,1,,,,,1,Hombre,23,529,7,Universitaria,Superior,2,,1.0,,,3,,,,,,,,,,,,,,,,,,,,,,,,,,,,,,,,,9,6,0,1.0,1.0
55176,1,1,1,1,1.0,0,,,1.0,3000.0,2,Mujer,21,441,4,Basica secundaria,Media,1,,,,,2,2.0,1.0,8.0,1.0,TRES MIL PESOS,,,,1.0,,,,,,2.0,,,2.0,2.0,2.0,2.0,2.0,2.0,2.0,2.0,2.0,2.0,2.0,2.0,2.0,2.0,2.0,9,6,0,1.0,2.0
55183,2,1,2,0,,1,,,,,2,Mujer,40,1600,6,Tecnica/tecnologica,Superior,2,,1.0,,,3,,,,,,,,,,,,,,,,,,,,,,,,,,,,,,,,,9,3,3,1.0,1.0
55199,1,1,1,1,1.0,0,,,,,2,Mujer,25,625,5,Media,Media,2,,,,,3,,,,,,,,,,,,,,,,,,,,,,,,,,,,,,,,,9,6,2,1.0,2.0
55214,1,1,1,1,1.0,0,20000.0,9.903487552536127,15.0,2500.0,1,Hombre,60,3600,6,Tecnica/tecnologica,Superior,1,,1.0,1.0,,3,5.0,1.0,30.0,1.0,DOS MUL QUINIENTOS PESOS,,,1.0,,,,,,,2.0,,,2.0,1.0,2.0,2.0,2.0,2.0,1.0,2.0,1.0,2.0,1.0,2.0,2.0,2.0,1.0,9,6,3,1.0,1.0
55218,1,1,1,0,,1,,,,,1,Hombre,42,1764,8,Postgrado,Superior,2,,1.0,,,3,,,,,,,,,,,,,,,,,,,,,,,,,,,,,,,,,9,3,1,1.0,1.0
55243,3,1,3,1,1.0,0,,,,,1,Hombre,28,784,7,Universitaria,Superior,2,,1.0,,,3,,,,,,,,,,,,,,,,,,,,,,,,,,,,,,,,,9,6,1,1.0,1.0
55277,1,1,1,0,,1,,,1.0,,1,Hombre,31,961,4,Basica secundaria,Media,1,,1.0,,,3,2.0,2.0,,2.0,,,,,1.0,,,,,,2.0,,,2.0,2.0,2.0,2.0,2.0,2.0,2.0,2.0,2.0,2.0,2.0,2.0,2.0,2.0,2.0,9,6,6,1.0,2.0
55278,3,1,3,1,1.0,0,30000.0,10.308952660644293,30.0,2000.0,1,Hombre,22,484,7,Universitaria,Superior,1,1.0,,,,3,5.0,1.0,20.0,1.0,DOS MIL PESOS,,,,1.0,,,,,,1.0,,,2.0,2.0,2.0,1.0,2.0,2.0,2.0,2.0,2.0,2.0,2.0,2.0,2.0,2.0,2.0,9,6,0,1.0,1.0
55303,2,1,2,1,1.0,0,,,5.0,,2,Mujer,23,529,5,Media,Media,1,1.0,,,,9,1.0,2.0,,2.0,,,,,1.0,,,,,,1.0,,,2.0,2.0,2.0,2.0,2.0,1.0,1.0,2.0,2.0,2.0,2.0,2.0,2.0,2.0,2.0,5,3,3,1.0,2.0
55305,3,1,3,0,,1,,,,,2,Mujer,25,625,6,Tecnica/tecnologica,Superior,2,,1.0,,,3,,,,,,,,,,,,,,,,,,,,,,,,,,,,,,,,,9,6,0,1.0,2.0
55323,2,1,2,0,,1,,,1.0,3000.0,1,Hombre,24,576,7,Universitaria,Superior,1,,1.0,,,2,2.0,2.0,,1.0,TRES MIL PESOS,,,,,,1.0,,,,2.0,,,2.0,2.0,2.0,2.0,2.0,2.0,2.0,2.0,2.0,2.0,2.0,2.0,2.0,2.0,2.0,9,6,0,1.0,1.0
55345,3,1,3,1,1.0,0,6000.0,8.699514748210191,3.0,2000.0,1,Hombre,30,900,7,Universitaria,Superior,1,,1.0,,,3,3.0,1.0,2.0,1.0,DOSMIL PESOS,,,,1.0,,,,,,2.0,,,2.0,2.0,1.0,2.0,2.0,2.0,2.0,2.0,2.0,2.0,2.0,2.0,2.0,2.0,2.0,9,6,0,1.0,1.0
55361,2,1,2,0,,1,1000.0,6.907755278982137,1.0,5000.0,2,Mujer,26,676,7,Universitaria,Superior,1,1.0,1.0,,,3,2.0,1.0,1.0,1.0,CINCO MIL PESOS,,,,1.0,,,,,,1.0,,,2.0,2.0,2.0,2.0,2.0,2.0,2.0,2.0,2.0,2.0,2.0,2.0,2.0,2.0,2.0,9,3,1,1.0,2.0
55384,1,1,1,0,,1,,,,,1,Hombre,57,3249,5,Media,Media,2,,1.0,,,3,,,,,,,,,,,,,,,,,,,,,,,,,,,,,,,,,5,3,3,1.0,1.0
55389,2,1,2,0,,1,,,,,1,Hombre,31,961,5,Media,Media,2,,1.0,,,3,,,,,,,,,,,,,,,,,,,,,,,,,,,,,,,,,9,3,2,1.0,1.0
55391,1,1,1,0,,1,,,,,1,Hombre,65,4225,3,Basica primaria,Baja,2,,1.0,,,3,,,,,,,,,,,,,,,,,,,,,,,,,,,,,,,,,9,5,3,1.0,1.0
55400,4,1,4,1,1.0,0,,,1.0,,1,Hombre,18,324,5,Media,Media,1,,,,,2,1.0,2.0,,2.0,,,,,1.0,,,,,,2.0,,,2.0,2.0,2.0,2.0,2.0,2.0,2.0,2.0,2.0,2.0,2.0,2.0,2.0,2.0,2.0,9,6,0,1.0,1.0
55409,1,1,1,0,,1,,,,,1,Hombre,49,2401,7,Universitaria,Superior,2,,1.0,,,3,,,,,,,,,,,,,,,,,,,,,,,,,,,,,,,,,9,6,0,1.0,1.0
55414,3,1,3,0,,1,,,,,2,Mujer,25,625,7,Universitaria,Superior,2,,1.0,,,9,,,,,,,,,,,,,,,,,,,,,,,,,,,,,,,,,9,6,0,1.0,2.0
55432,2,1,2,0,,1,,,,,2,Mujer,40,1600,7,Universitaria,Superior,2,,1.0,,,3,,,,,,,,,,,,,,,,,,,,,,,,,,,,,,,,,9,3,1,1.0,2.0
55433,2,1,2,1,1.0,0,,,30.0,2000.0,1,Hombre,23,529,4,Basica secundaria,Media,1,,1.0,1.0,,3,4.0,1.0,20.0,1.0,DOS MIL PESOS,,,,,,,,1.0,,2.0,,,2.0,2.0,2.0,2.0,2.0,2.0,2.0,1.0,2.0,2.0,1.0,1.0,2.0,1.0,2.0,1,6,2,1.0,1.0
55467,2,1,2,0,,1,,,,,2,Mujer,42,1764,6,Tecnica/tecnologica,Superior,2,,1.0,,,9,,,,,,,,,,,,,,,,,,,,,,,,,,,,,,,,,9,3,3,1.0,2.0
55468,1,1,1,1,1.0,0,30000.0,10.308952660644293,30.0,2000.0,1,Hombre,46,2116,5,Media,Media,1,,1.0,1.0,,3,5.0,1.0,15.0,1.0,DOS MIL PESOS,,,,1.0,,,,,,2.0,,,2.0,2.0,1.0,2.0,2.0,2.0,2.0,2.0,2.0,1.0,1.0,2.0,1.0,2.0,1.0,9,3,1,1.0,1.0
55470,3,1,3,1,1.0,0,50000.0,10.819778284410283,12.0,,1,Hombre,22,484,5,Media,Media,1,,,,,3,4.0,1.0,20.0,2.0,,,,,1.0,,,,,,2.0,,,2.0,2.0,2.0,2.0,2.0,1.0,1.0,2.0,1.0,2.0,1.0,2.0,2.0,1.0,1.0,9,6,0,1.0,1.0
55471,4,1,4,0,,1,,,,,1,Hombre,34,1156,6,Tecnica/tecnologica,Superior,2,,1.0,,,9,,,,,,,,,,,,,,,,,,,,,,,,,,,,,,,,,9,2,1,1.0,1.0
55476,3,1,3,1,1.0,0,,,,,1,Hombre,21,441,4,Basica secundaria,Media,2,,1.0,,,3,,,,,,,,,,,,,,,,,,,,,,,,,,,,,,,,,9,5,3,1.0,1.0
55498,1,1,1,0,,1,,,,,2,Mujer,35,1225,7,Universitaria,Superior,2,,1.0,,,3,,,,,,,,,,,,,,,,,,,,,,,,,,,,,,,,,9,6,2,1.0,2.0
55514,1,1,1,0,,1,,,,,1,Hombre,54,2916,7,Universitaria,Superior,2,,1.0,,,3,,,,,,,,,,,,,,,,,,,,,,,,,,,,,,,,,9,6,0,1.0,1.0
55537,2,1,2,1,1.0,0,,,,,1,Hombre,41,1681,5,Media,Media,2,,,,,3,,,,,,,,,,,,,,,,,,,,,,,,,,,,,,,,,9,3,2,1.0,1.0
55546,3,1,3,0,,1,50000.0,10.819778284410283,20.0,3000.0,1,Hombre,20,400,7,Universitaria,Superior,1,1.0,1.0,,,3,4.0,1.0,20.0,1.0,TRES MIL,,,1.0,,,,,,,1.0,,,2.0,2.0,1.0,1.0,2.0,2.0,1.0,2.0,1.0,1.0,1.0,1.0,1.0,1.0,1.0,9,6,0,1.0,1.0
55557,1,1,1,0,,1,,,2.0,,1,Hombre,30,900,7,Universitaria,Superior,1,,1.0,,,9,3.0,2.0,,2.0,,,,,1.0,,,1.0,,,2.0,,,2.0,2.0,2.0,2.0,2.0,2.0,2.0,2.0,2.0,2.0,1.0,2.0,2.0,2.0,2.0,9,6,0,3.0,1.0
55559,4,1,4,0,,1,,,,,1,Hombre,38,1444,5,Media,Media,2,,1.0,,,3,,,,,,,,,,,,,,,,,,,,,,,,,,,,,,,,,9,6,0,1.0,1.0
55560,1,1,1,1,1.0,0,,,,,1,Hombre,38,1444,6,Tecnica/tecnologica,Superior,2,,,,,3,,,,,,,,,,,,,,,,,,,,,,,,,,,,,,,,,9,3,1,1.0,1.0
55606,1,1,1,0,,1,,,1.0,,1,Hombre,25,625,7,Universitaria,Superior,1,1.0,1.0,,,2,1.0,2.0,,2.0,,,,,1.0,,,,,,1.0,,,2.0,2.0,2.0,2.0,2.0,2.0,2.0,2.0,2.0,2.0,2.0,2.0,2.0,2.0,2.0,9,6,0,1.0,1.0
55610,3,1,3,1,1.0,0,150000.0,11.918390573078392,30.0,2000.0,2,Mujer,25,625,6,Tecnica/tecnologica,Superior,1,1.0,,,,3,5.0,1.0,30.0,1.0,DOS MIL PESOS,,,,1.0,,,,,,1.0,,,2.0,2.0,2.0,2.0,2.0,2.0,2.0,1.0,2.0,2.0,2.0,2.0,2.0,2.0,2.0,9,6,0,1.0,2.0
55614,1,1,1,0,,1,,,,,1,Hombre,25,625,5,Media,Media,2,,1.0,,,3,,,,,,,,,,,,,,,,,,,,,,,,,,,,,,,,,9,3,0,1.0,1.0
55617,1,1,1,0,,1,100000.0,11.512925464970229,11.0,3000.0,1,Hombre,40,1600,7,Universitaria,Superior,1,1.0,,1.0,,3,5.0,1.0,20.0,1.0,TRES MIL PESOS,1.0,,,,,,,,,1.0,,,2.0,2.0,2.0,2.0,2.0,2.0,2.0,2.0,2.0,2.0,2.0,2.0,2.0,2.0,2.0,9,6,0,1.0,1.0
55671,1,1,1,0,,1,20000.0,9.903487552536127,1.0,,1,Hombre,24,576,7,Universitaria,Superior,1,,1.0,,,3,4.0,1.0,15.0,2.0,,,,,1.0,,,,,,2.0,,,2.0,2.0,2.0,2.0,2.0,2.0,2.0,1.0,2.0,2.0,1.0,2.0,2.0,2.0,2.0,9,6,0,2.0,1.0
55692,1,1,1,0,,1,,,,,1,Hombre,50,2500,5,Media,Media,2,,1.0,,,3,,,,,,,,,,,,,,,,,,,,,,,,,,,,,,,,,9,2,0,1.0,1.0
55700,1,1,1,0,,1,50000.0,10.819778284410283,30.0,3000.0,2,Mujer,29,841,7,Universitaria,Superior,1,1.0,1.0,,,3,5.0,1.0,30.0,1.0,TRES MIL PESOS,,,,1.0,,,,,,1.0,,,2.0,2.0,2.0,2.0,2.0,2.0,2.0,2.0,2.0,2.0,2.0,2.0,2.0,2.0,2.0,9,6,0,1.0,2.0
55701,1,1,1,0,,1,,,,,2,Mujer,25,625,5,Media,Media,2,,1.0,,,9,,,,,,,,,,,,,,,,,,,,,,,,,,,,,,,,,9,2,2,1.0,2.0
55703,4,1,4,0,,1,,,,,1,Hombre,36,1296,4,Basica secundaria,Media,2,,1.0,,,3,,,,,,,,,,,,,,,,,,,,,,,,,,,,,,,,,9,6,0,1.0,1.0
55722,2,1,2,1,1.0,0,,,,,1,Hombre,25,625,7,Universitaria,Superior,2,,1.0,1.0,,3,,,,,,,,,,,,,,,,,,,,,,,,,,,,,,,,,9,5,0,1.0,1.0
55727,1,1,1,0,,1,,,,,2,Mujer,31,961,8,Postgrado,Superior,2,,1.0,,,3,,,,,,,,,,,,,,,,,,,,,,,,,,,,,,,,,9,3,0,1.0,2.0
55728,1,1,1,0,,1,,,,,1,Hombre,58,3364,5,Media,Media,2,,1.0,,,3,,,,,,,,,,,,,,,,,,,,,,,,,,,,,,,,,9,3,5,1.0,1.0
55740,3,1,3,1,1.0,0,,,,,1,Hombre,37,1369,6,Tecnica/tecnologica,Superior,2,,,,,3,,,,,,,,,,,,,,,,,,,,,,,,,,,,,,,,,9,5,0,1.0,1.0
55744,3,1,3,0,,1,,,,,1,Hombre,34,1156,8,Postgrado,Superior,2,,1.0,1.0,,3,,,,,,,,,,,,,,,,,,,,,,,,,,,,,,,,,9,6,0,1.0,1.0
55747,3,1,3,0,,1,,,,,2,Mujer,48,2304,7,Universitaria,Superior,2,,1.0,,,3,,,,,,,,,,,,,,,,,,,,,,,,,,,,,,,,,9,2,2,1.0,2.0
55759,8,1,8,0,,1,,,,,2,Mujer,19,361,4,Basica secundaria,Media,2,,1.0,,,3,,,,,,,,,,,,,,,,,,,,,,,,,,,,,,,,,9,1,0,1.0,2.0
55765,1,1,1,0,,1,,,,,1,Hombre,47,2209,8,Postgrado,Superior,2,,1.0,,,3,,,,,,,,,,,,,,,,,,,,,,,,,,,,,,,,,9,6,0,1.0,1.0
55768,5,1,5,0,,1,,,,,1,Hombre,17,289,4,Basica secundaria,Media,2,,1.0,,,3,,,,,,,,,,,,,,,,,,,,,,,,,,,,,,,,,9,1,1,,
55776,1,1,1,0,,1,,,,,1,Hombre,27,729,6,Tecnica/tecnologica,Superior,2,,1.0,,,3,,,,,,,,,,,,,,,,,,,,,,,,,,,,,,,,,9,6,0,1.0,1.0
55798,1,1,1,0,,1,,,,,1,Hombre,47,2209,3,Basica primaria,Baja,2,,1.0,,,3,,,,,,,,,,,,,,,,,,,,,,,,,,,,,,,,,9,5,1,1.0,1.0
55800,1,1,1,0,,1,,,,,1,Hombre,30,900,4,Basica secundaria,Media,2,,1.0,,,3,,,,,,,,,,,,,,,,,,,,,,,,,,,,,,,,,9,2,1,1.0,1.0
55802,1,1,1,1,1.0,0,40000.0,10.596634733096073,15.0,3000.0,2,Mujer,29,841,8,Postgrado,Superior,1,1.0,,,,3,5.0,1.0,30.0,1.0,TRES MIL PESOS,,,,1.0,,,,,,1.0,,,2.0,2.0,1.0,2.0,2.0,1.0,2.0,2.0,1.0,2.0,2.0,2.0,2.0,2.0,1.0,9,6,0,3.0,2.0
55816,3,1,3,0,,1,,,1.0,2500.0,2,Mujer,21,441,6,Tecnica/tecnologica,Superior,1,,1.0,,,3,1.0,2.0,,1.0,DOS MIL QUINIENTOS,,,,1.0,,,,,,2.0,,,2.0,2.0,2.0,2.0,2.0,2.0,2.0,2.0,2.0,2.0,2.0,2.0,2.0,2.0,2.0,2,6,0,1.0,2.0
55817,2,1,2,1,1.0,0,,,,,1,Hombre,33,1089,6,Tecnica/tecnologica,Superior,2,,,,,3,,,,,,,,,,,,,,,,,,,,,,,,,,,,,,,,,9,2,1,1.0,1.0
55827,1,1,1,0,,1,,,,,2,Mujer,57,3249,6,Tecnica/tecnologica,Superior,2,,1.0,,,3,,,,,,,,,,,,,,,,,,,,,,,,,,,,,,,,,9,2,2,1.0,2.0
55834,1,1,1,1,1.0,0,,,,,1,Hombre,28,784,7,Universitaria,Superior,2,,,1.0,,3,,,,,,,,,,,,,,,,,,,,,,,,,,,,,,,,,9,1,0,1.0,1.0
55836,1,1,1,0,,1,,,1.0,,2,Mujer,29,841,5,Media,Media,1,,1.0,,,3,3.0,2.0,,2.0,,,,,1.0,,,,,,2.0,,,2.0,2.0,2.0,2.0,2.0,2.0,2.0,2.0,2.0,2.0,2.0,2.0,2.0,2.0,2.0,9,6,1,1.0,2.0
55843,2,1,2,1,1.0,0,,,,,2,Mujer,34,1156,6,Tecnica/tecnologica,Superior,2,,,,,3,,,,,,,,,,,,,,,,,,,,,,,,,,,,,,,,,9,3,1,1.0,2.0
55847,5,1,5,1,1.0,0,1000.0,6.907755278982137,30.0,2000.0,1,Hombre,18,324,5,Media,Media,1,1.0,1.0,,,3,3.0,1.0,20.0,1.0,DOS MIL PESOS,,,,1.0,,,,,,1.0,,,1.0,2.0,2.0,2.0,2.0,2.0,2.0,2.0,2.0,2.0,2.0,2.0,2.0,2.0,2.0,9,6,0,1.0,1.0
55860,2,1,2,0,,1,,,1.0,,1,Hombre,19,361,7,Universitaria,Superior,1,1.0,1.0,,,3,2.0,2.0,,2.0,,,,,1.0,,,,,,1.0,,,2.0,2.0,2.0,2.0,2.0,2.0,2.0,2.0,1.0,1.0,2.0,2.0,2.0,2.0,2.0,9,6,0,1.0,1.0
55871,1,1,1,0,,1,,,,,1,Hombre,45,2025,7,Universitaria,Superior,2,,1.0,,,3,,,,,,,,,,,,,,,,,,,,,,,,,,,,,,,,,9,3,0,1.0,1.0
55887,3,1,3,0,,1,,,3.0,2000.0,1,Hombre,21,441,7,Universitaria,Superior,1,,1.0,,,3,1.0,2.0,,1.0,DOS MIL PESOS,,,,1.0,,,,,,2.0,,,2.0,2.0,2.0,2.0,2.0,2.0,2.0,2.0,2.0,2.0,2.0,2.0,2.0,2.0,2.0,9,6,0,1.0,1.0
55892,2,1,2,1,1.0,0,30000.0,10.308952660644293,20.0,3000.0,1,Hombre,17,289,4,Basica secundaria,Media,1,1.0,1.0,1.0,,3,4.0,1.0,20.0,1.0,TRES MIL PESOS,,,1.0,,,,,,,1.0,,,1.0,1.0,1.0,1.0,2.0,1.0,1.0,2.0,1.0,1.0,1.0,1.0,1.0,1.0,1.0,9,6,0,,
55894,3,1,3,1,1.0,0,,,,,2,Mujer,35,1225,7,Universitaria,Superior,2,,,,,3,,,,,,,,,,,,,,,,,,,,,,,,,,,,,,,,,9,6,0,1.0,2.0
55912,1,1,1,1,1.0,0,,,,,1,Hombre,36,1296,4,Basica secundaria,Media,2,,1.0,,,3,,,,,,,,,,,,,,,,,,,,,,,,,,,,,,,,,9,2,2,1.0,1.0
55944,2,1,2,0,,1,,,,,2,Mujer,31,961,7,Universitaria,Superior,2,,1.0,,,3,,,,,,,,,,,,,,,,,,,,,,,,,,,,,,,,,9,2,1,1.0,2.0
55957,2,1,2,1,1.0,0,,,1.0,2000.0,1,Hombre,27,729,6,Tecnica/tecnologica,Superior,1,1.0,1.0,,,3,2.0,2.0,,1.0,DOS MIL PESOS,,,1.0,1.0,,,,,,1.0,,,2.0,2.0,2.0,2.0,2.0,1.0,2.0,2.0,2.0,2.0,1.0,2.0,2.0,2.0,2.0,9,6,0,1.0,1.0
55961,2,1,2,0,,1,,,,,2,Mujer,61,3721,3,Basica primaria,Baja,2,,1.0,,,3,,,,,,,,,,,,,,,,,,,,,,,,,,,,,,,,,9,2,4,1.0,2.0
55962,1,1,1,0,,1,,,,,1,Hombre,52,2704,3,Basica primaria,Baja,2,,,,1.0,3,,,,,,,,,,,,,,,,,,,,,,,,,,,,,,,,,9,5,1,1.0,1.0
55963,2,1,2,1,1.0,0,,,,,1,Hombre,18,324,5,Media,Media,2,,,,,3,,,,,,,,,,,,,,,,,,,,,,,,,,,,,,,,,9,1,0,1.0,1.0
55974,3,1,3,0,,1,,,1.0,,1,Hombre,21,441,5,Media,Media,1,,,,1.0,3,2.0,2.0,,2.0,,,,,1.0,,,,,,2.0,,,2.0,2.0,2.0,2.0,2.0,2.0,2.0,2.0,2.0,2.0,2.0,2.0,2.0,2.0,2.0,9,6,0,2.0,2.0
55988,1,1,1,1,1.0,0,1000.0,6.907755278982137,,2000.0,1,Hombre,37,1369,4,Basica secundaria,Media,1,,1.0,,,3,3.0,1.0,2.0,1.0,DOS MIL PESOS,,,,1.0,,,,,,2.0,,,2.0,2.0,2.0,1.0,2.0,2.0,2.0,2.0,2.0,2.0,2.0,2.0,2.0,2.0,2.0,9,6,0,2.0,2.0
55991,1,1,1,1,1.0,0,10000.0,9.210340371976184,20.0,2000.0,1,Hombre,20,400,7,Universitaria,Superior,1,1.0,1.0,,,3,4.0,1.0,4.0,1.0,DOS MIL PESOS,,,,1.0,,,,,,1.0,,,2.0,2.0,2.0,2.0,2.0,2.0,2.0,2.0,1.0,2.0,2.0,1.0,2.0,2.0,2.0,9,6,0,1.0,1.0
55994,1,1,1,1,1.0,0,,,,,1,Hombre,27,729,7,Universitaria,Superior,2,,,,,3,,,,,,,,,,,,,,,,,,,,,,,,,,,,,,,,,9,3,0,1.0,1.0
55995,3,1,3,0,,1,,,,,1,Hombre,22,484,7,Universitaria,Superior,2,,1.0,,,3,,,,,,,,,,,,,,,,,,,,,,,,,,,,,,,,,9,6,0,1.0,1.0
56002,1,1,1,1,1.0,0,,,,,2,Mujer,40,1600,8,Postgrado,Superior,2,,,,,3,,,,,,,,,,,,,,,,,,,,,,,,,,,,,,,,,9,6,0,4.0,2.0
56027,3,1,3,1,1.0,0,10000.0,9.210340371976184,5.0,1000.0,1,Hombre,17,289,5,Media,Media,1,1.0,1.0,,,3,2.0,1.0,10.0,1.0,MIL PESOS,,,,1.0,,,,,,1.0,,,2.0,2.0,2.0,2.0,2.0,2.0,2.0,2.0,2.0,2.0,2.0,2.0,2.0,2.0,2.0,9,6,0,,
56028,1,1,1,0,,1,,,,,2,Mujer,52,2704,6,Tecnica/tecnologica,Superior,2,,1.0,,,3,,,,,,,,,,,,,,,,,,,,,,,,,,,,,,,,,9,6,2,1.0,2.0
56029,1,1,1,0,,1,,,,,1,Hombre,40,1600,6,Tecnica/tecnologica,Superior,2,,1.0,,,3,,,,,,,,,,,,,,,,,,,,,,,,,,,,,,,,,9,3,2,1.0,1.0
56032,1,1,1,1,1.0,0,10000.0,9.210340371976184,2.0,2000.0,2,Mujer,29,841,5,Media,Media,1,,1.0,,,3,4.0,1.0,10.0,1.0,DOS MIL PESOS,,,,1.0,,,,,,2.0,,,2.0,2.0,2.0,2.0,2.0,2.0,2.0,2.0,2.0,2.0,2.0,2.0,2.0,2.0,2.0,9,6,1,1.0,2.0
56033,1,1,1,0,,1,,,,,1,Hombre,63,3969,3,Basica primaria,Baja,2,,1.0,,,3,,,,,,,,,,,,,,,,,,,,,,,,,,,,,,,,,9,4,4,1.0,1.0
56038,1,1,1,0,,1,,,,,2,Mujer,25,625,7,Universitaria,Superior,2,,1.0,,,3,,,,,,,,,,,,,,,,,,,,,,,,,,,,,,,,,9,1,0,1.0,2.0
56041,2,1,2,1,1.0,0,,,,,2,Mujer,25,625,6,Tecnica/tecnologica,Superior,2,,,,,3,,,,,,,,,,,,,,,,,,,,,,,,,,,,,,,,,9,2,0,1.0,2.0
56047,3,1,3,1,1.0,0,50000.0,10.819778284410283,60.0,2000.0,1,Hombre,27,729,4,Basica secundaria,Media,1,1.0,1.0,,,3,5.0,1.0,30.0,1.0,DOS MIL PESOS,,,,,,1.0,,,,1.0,,,2.0,2.0,1.0,2.0,2.0,2.0,2.0,1.0,1.0,2.0,2.0,2.0,2.0,2.0,2.0,9,2,1,1.0,1.0
56056,1,1,1,1,1.0,0,,,,,1,Hombre,32,1024,6,Tecnica/tecnologica,Superior,2,,1.0,,,3,,,,,,,,,,,,,,,,,,,,,,,,,,,,,,,,,9,6,1,1.0,1.0
56070,1,1,1,0,,1,,,,,1,Hombre,55,3025,3,Basica primaria,Baja,2,,1.0,,,3,,,,,,,,,,,,,,,,,,,,,,,,,,,,,,,,,9,2,2,1.0,1.0
56078,2,1,2,0,,1,20000.0,9.903487552536127,10.0,2000.0,1,Hombre,36,1296,3,Basica primaria,Baja,1,,1.0,,,3,5.0,1.0,30.0,1.0,DOS MIL PESOS,,,,1.0,,,,,,2.0,,,2.0,2.0,2.0,1.0,2.0,2.0,1.0,2.0,2.0,2.0,1.0,2.0,2.0,2.0,1.0,9,6,0,1.0,1.0
56086,2,1,2,0,,1,,,,,1,Hombre,25,625,6,Tecnica/tecnologica,Superior,2,,1.0,,,3,,,,,,,,,,,,,,,,,,,,,,,,,,,,,,,,,9,6,0,1.0,1.0
56092,2,1,2,0,,1,60000.0,11.002099841204238,90.0,2000.0,2,Mujer,19,361,4,Basica secundaria,Media,1,,1.0,,,3,5.0,1.0,30.0,1.0,DOS MIL PESOS,,,,1.0,,,,,,2.0,,,1.0,2.0,2.0,2.0,2.0,2.0,2.0,2.0,2.0,2.0,2.0,2.0,2.0,2.0,2.0,9,1,0,1.0,2.0
56101,1,1,1,1,1.0,0,20000.0,9.903487552536127,70.0,2000.0,1,Hombre,42,1764,3,Basica primaria,Baja,1,,,,,3,5.0,1.0,30.0,1.0,DOS MIL,,,1.0,,,,,,,2.0,,,2.0,2.0,1.0,1.0,2.0,2.0,2.0,2.0,2.0,1.0,2.0,2.0,2.0,2.0,1.0,9,6,0,1.0,1.0
56106,3,1,3,0,,1,,,,,1,Hombre,50,2500,7,Universitaria,Superior,2,,,1.0,,3,,,,,,,,,,,,,,,,,,,,,,,,,,,,,,,,,9,3,1,1.0,1.0
56109,1,1,1,1,1.0,0,5000.0,8.517193191416238,2.0,3000.0,1,Hombre,26,676,7,Universitaria,Superior,1,1.0,1.0,1.0,,3,4.0,1.0,10.0,1.0,TRES MIL PESOS,,,,1.0,,,,,,1.0,,,2.0,2.0,2.0,2.0,2.0,1.0,2.0,2.0,1.0,2.0,2.0,2.0,2.0,2.0,1.0,9,6,0,1.0,1.0
56111,1,1,1,0,,1,,,,,1,Hombre,28,784,8,Postgrado,Superior,2,,1.0,,,3,,,,,,,,,,,,,,,,,,,,,,,,,,,,,,,,,9,6,0,1.0,1.0
56115,2,1,2,1,1.0,0,,,1.0,2000.0,2,Mujer,27,729,7,Universitaria,Superior,1,1.0,1.0,,,3,2.0,2.0,,1.0,DOS MIL PESOS,,,,1.0,,,,,,1.0,,,2.0,2.0,2.0,2.0,2.0,2.0,2.0,2.0,2.0,2.0,2.0,1.0,2.0,2.0,2.0,9,6,0,1.0,2.0
56123,1,1,1,1,1.0,0,,,,,1,Hombre,31,961,6,Tecnica/tecnologica,Superior,2,,,,,3,,,,,,,,,,,,,,,,,,,,,,,,,,,,,,,,,1,5,0,1.0,1.0
56124,3,1,3,1,1.0,0,5000.0,8.517193191416238,3.0,,1,Hombre,24,576,7,Universitaria,Superior,1,,1.0,,1.0,3,2.0,1.0,5.0,2.0,,,,,1.0,,,,,,2.0,,,2.0,2.0,2.0,2.0,1.0,1.0,2.0,2.0,2.0,2.0,2.0,2.0,2.0,2.0,2.0,9,6,0,3.0,1.0
56127,1,1,1,0,,1,,,,,1,Hombre,32,1024,5,Media,Media,2,,1.0,,,3,,,,,,,,,,,,,,,,,,,,,,,,,,,,,,,,,9,1,0,1.0,1.0
56141,1,1,1,0,,1,,,,,1,Hombre,62,3844,3,Basica primaria,Baja,2,,1.0,,,3,,,,,,,,,,,,,,,,,,,,,,,,,,,,,,,,,9,2,1,1.0,1.0
56178,8,1,8,0,,1,,,,,1,Hombre,24,576,3,Basica primaria,Baja,2,,1.0,1.0,,3,,,,,,,,,,,,,,,,,,,,,,,,,,,,,,,,,9,2,0,1.0,1.0
56181,1,1,1,0,,1,,,,,2,Mujer,30,900,8,Postgrado,Superior,2,,1.0,,,3,,,,,,,,,,,,,,,,,,,,,,,,,,,,,,,,,9,6,0,1.0,2.0
56204,4,1,4,0,,1,,,,,1,Hombre,31,961,4,Basica secundaria,Media,2,,,,1.0,3,,,,,,,,,,,,,,,,,,,,,,,,,,,,,,,,,9,6,0,1.0,1.0
56208,1,1,1,1,1.0,0,1000.0,6.907755278982137,2.0,2000.0,2,Mujer,27,729,7,Universitaria,Superior,1,1.0,1.0,,,3,4.0,1.0,5.0,1.0,DOS MIL PESOS,,,,1.0,,,,,,1.0,,,2.0,2.0,2.0,2.0,2.0,2.0,2.0,2.0,2.0,2.0,2.0,2.0,2.0,2.0,2.0,9,6,0,4.0,2.0
56217,2,1,2,1,1.0,0,5000.0,8.517193191416238,20.0,5000.0,1,Hombre,18,324,4,Basica secundaria,Media,1,,,,,3,5.0,1.0,1.0,1.0,CINCO MIL PESOS,,,,1.0,,,,,,2.0,,,1.0,2.0,2.0,1.0,2.0,2.0,2.0,1.0,2.0,2.0,2.0,2.0,1.0,1.0,1.0,9,6,1,1.0,1.0
56220,4,1,4,1,1.0,0,,,,,1,Hombre,21,441,6,Tecnica/tecnologica,Superior,2,,1.0,,,3,,,,,,,,,,,,,,,,,,,,,,,,,,,,,,,,,9,6,0,1.0,1.0
56221,3,1,3,1,1.0,0,50000.0,10.819778284410283,70.0,1000.0,1,Hombre,26,676,6,Tecnica/tecnologica,Superior,1,1.0,1.0,1.0,,3,5.0,1.0,30.0,1.0,MIL PESOS,,,1.0,1.0,,1.0,,,,1.0,,,2.0,2.0,2.0,2.0,1.0,1.0,1.0,2.0,1.0,1.0,1.0,1.0,2.0,2.0,1.0,9,6,0,1.0,1.0
56270,2,1,2,1,1.0,0,200000.0,12.206072645530174,80.0,2000.0,1,Hombre,19,361,4,Basica secundaria,Media,1,,,,,3,4.0,1.0,20.0,1.0,DOS MIL PESOS,,,1.0,,,,,,,2.0,,,1.0,1.0,1.0,1.0,1.0,2.0,2.0,1.0,1.0,1.0,1.0,1.0,1.0,1.0,1.0,9,6,0,1.0,1.0
56272,1,1,1,1,1.0,0,50000.0,10.819778284410283,,3000.0,1,Hombre,34,1156,7,Universitaria,Superior,1,1.0,1.0,,,3,4.0,1.0,15.0,1.0,TRES MIL PESOS,,,,1.0,,,,,,1.0,,,2.0,2.0,2.0,2.0,2.0,2.0,2.0,2.0,1.0,1.0,1.0,1.0,2.0,2.0,2.0,9,6,0,1.0,1.0
56283,2,1,2,0,,1,,,1.0,3000.0,1,Hombre,23,529,6,Tecnica/tecnologica,Superior,1,1.0,,1.0,,3,2.0,2.0,,1.0,TRES MIL PESOS,,,,,,1.0,,,,1.0,,,2.0,2.0,2.0,2.0,2.0,2.0,2.0,2.0,1.0,2.0,2.0,2.0,2.0,2.0,2.0,9,6,0,1.0,1.0
56285,4,1,4,0,,1,,,,,1,Hombre,39,1521,3,Basica primaria,Baja,2,,1.0,,,3,,,,,,,,,,,,,,,,,,,,,,,,,,,,,,,,,9,6,1,1.0,1.0
56297,3,1,3,0,,1,1000.0,6.907755278982137,4.0,3000.0,1,Hombre,26,676,6,Tecnica/tecnologica,Superior,1,,1.0,,,3,4.0,1.0,1.0,1.0,TRES MIL PESOS,,,,1.0,,,,,,2.0,,,2.0,2.0,2.0,2.0,2.0,2.0,2.0,2.0,2.0,2.0,2.0,2.0,2.0,2.0,2.0,9,6,1,1.0,1.0
56312,2,1,2,0,,1,10000.0,9.210340371976184,10.0,1000.0,2,Mujer,38,1444,5,Media,Media,1,,1.0,,,3,2.0,1.0,10.0,1.0,MIL PESOS,,,1.0,,,,,,,2.0,,,2.0,2.0,2.0,2.0,2.0,1.0,1.0,2.0,1.0,2.0,1.0,2.0,1.0,2.0,2.0,9,2,1,1.0,2.0
56320,1,1,1,0,,1,,,,,2,Mujer,21,441,6,Tecnica/tecnologica,Superior,2,,1.0,,,3,,,,,,,,,,,,,,,,,,,,,,,,,,,,,,,,,9,6,0,1.0,2.0
56340,1,1,1,0,,1,,,,,2,Mujer,34,1156,6,Tecnica/tecnologica,Superior,2,,1.0,,,3,,,,,,,,,,,,,,,,,,,,,,,,,,,,,,,,,9,6,1,1.0,2.0
56358,4,1,4,1,1.0,0,100000.0,11.512925464970229,120.0,4000.0,1,Hombre,33,1089,3,Basica primaria,Baja,1,,1.0,,,3,5.0,1.0,30.0,1.0,CUATRO MIL PESOS,,,1.0,1.0,,,,,,2.0,,,2.0,2.0,2.0,1.0,2.0,2.0,2.0,2.0,2.0,2.0,2.0,2.0,2.0,2.0,2.0,9,6,0,1.0,1.0
56380,1,1,1,0,,1,,,,,1,Hombre,30,900,7,Universitaria,Superior,2,,,,1.0,3,,,,,,,,,,,,,,,,,,,,,,,,,,,,,,,,,9,3,1,1.0,1.0
56382,1,1,1,1,1.0,0,20000.0,9.903487552536127,40.0,500.0,1,Hombre,32,1024,7,Universitaria,Superior,1,1.0,,,,3,5.0,1.0,30.0,1.0,QUINIENTOS PESOS,,,,,,,,,1.0,1.0,,,2.0,1.0,1.0,2.0,2.0,2.0,2.0,2.0,2.0,2.0,2.0,2.0,1.0,2.0,2.0,9,6,0,1.0,1.0
56383,2,1,2,0,,1,,,,,2,Mujer,30,900,3,Basica primaria,Baja,2,,1.0,,,3,,,,,,,,,,,,,,,,,,,,,,,,,,,,,,,,,9,2,4,1.0,2.0
56386,1,1,1,1,1.0,0,55000.0,10.915088464214607,60.0,1000.0,2,Mujer,24,576,7,Universitaria,Superior,1,1.0,,,,3,5.0,1.0,30.0,1.0,MIL PESOS,,,,,1.0,,,,,1.0,,,2.0,2.0,2.0,2.0,2.0,2.0,2.0,2.0,2.0,2.0,2.0,2.0,2.0,2.0,2.0,9,6,0,4.0,3.0
56401,1,1,1,1,1.0,0,5000.0,8.517193191416238,2.0,3000.0,1,Hombre,34,1156,8,Postgrado,Superior,1,1.0,1.0,,,3,2.0,1.0,1.0,1.0,TRES MIL PESOS,,,,1.0,,,,,,1.0,,,2.0,2.0,2.0,2.0,2.0,2.0,2.0,2.0,2.0,2.0,2.0,2.0,2.0,2.0,2.0,9,6,0,1.0,1.0
56403,1,1,1,0,,1,,,,,1,Hombre,40,1600,6,Tecnica/tecnologica,Superior,2,,1.0,,,3,,,,,,,,,,,,,,,,,,,,,,,,,,,,,,,,,9,5,1,1.0,1.0
56433,2,1,2,1,1.0,0,,,,,1,Hombre,30,900,8,Postgrado,Superior,2,,,,,3,,,,,,,,,,,,,,,,,,,,,,,,,,,,,,,,,9,3,0,1.0,1.0
56437,2,1,2,0,,1,,,,,2,Mujer,55,3025,3,Basica primaria,Baja,2,,,,1.0,3,,,,,,,,,,,,,,,,,,,,,,,,,,,,,,,,,9,3,3,1.0,2.0
56438,1,1,1,0,,1,,,,,1,Hombre,39,1521,5,Media,Media,2,,1.0,,,3,,,,,,,,,,,,,,,,,,,,,,,,,,,,,,,,,9,3,0,1.0,1.0
56439,2,1,2,0,,1,,,,,2,Mujer,43,1849,7,Universitaria,Superior,2,,1.0,,,3,,,,,,,,,,,,,,,,,,,,,,,,,,,,,,,,,9,2,2,1.0,2.0
56455,3,1,3,1,1.0,0,,,,,1,Hombre,17,289,5,Media,Media,2,,,1.0,,3,,,,,,,,,,,,,,,,,,,,,,,,,,,,,,,,,9,6,0,,
56461,1,1,1,1,1.0,0,,,,,1,Hombre,19,361,4,Basica secundaria,Media,2,,1.0,1.0,,3,,,,,,,,,,,,,,,,,,,,,,,,,,,,,,,,,9,1,1,1.0,1.0
56478,2,1,2,1,1.0,0,,,,,1,Hombre,21,441,6,Tecnica/tecnologica,Superior,2,,,,,3,,,,,,,,,,,,,,,,,,,,,,,,,,,,,,,,,9,6,0,1.0,2.0
56480,1,1,1,0,,1,,,,,1,Hombre,43,1849,7,Universitaria,Superior,2,,,,1.0,3,,,,,,,,,,,,,,,,,,,,,,,,,,,,,,,,,9,2,2,1.0,1.0
56486,1,1,1,0,,1,,,,,2,Mujer,28,784,7,Universitaria,Superior,2,,1.0,,,3,,,,,,,,,,,,,,,,,,,,,,,,,,,,,,,,,9,2,0,1.0,2.0
56499,2,1,2,1,1.0,0,,,,,2,Mujer,23,529,7,Universitaria,Superior,2,,,,,3,,,,,,,,,,,,,,,,,,,,,,,,,,,,,,,,,9,6,0,1.0,2.0
56502,1,1,1,0,,1,,,,,1,Hombre,35,1225,5,Media,Media,2,,1.0,,,3,,,,,,,,,,,,,,,,,,,,,,,,,,,,,,,,,9,6,0,1.0,1.0
56505,1,1,1,1,1.0,0,10000.0,9.210340371976184,4.0,1000.0,1,Hombre,55,3025,6,Tecnica/tecnologica,Superior,1,,1.0,,,3,3.0,1.0,5.0,1.0,MIL PESOS,,,,1.0,,,,,,2.0,,,2.0,2.0,2.0,2.0,2.0,2.0,2.0,2.0,2.0,2.0,2.0,2.0,1.0,2.0,2.0,9,2,0,1.0,2.0
56513,3,1,3,1,1.0,0,,,,,2,Mujer,49,2401,7,Universitaria,Superior,2,,,,,3,,,,,,,,,,,,,,,,,,,,,,,,,,,,,,,,,9,2,2,1.0,2.0
56516,3,1,3,1,1.0,0,,,,,2,Mujer,19,361,6,Tecnica/tecnologica,Superior,2,,1.0,,,3,,,,,,,,,,,,,,,,,,,,,,,,,,,,,,,,,9,6,0,3.0,2.0
56552,1,1,1,1,1.0,0,,,2.0,2000.0,1,Hombre,23,529,7,Universitaria,Superior,1,1.0,1.0,1.0,,3,3.0,2.0,,1.0,DOS MIL PESOS,,,,1.0,,,,,,1.0,,,2.0,2.0,2.0,2.0,2.0,1.0,2.0,2.0,2.0,2.0,2.0,1.0,2.0,2.0,2.0,9,6,0,1.0,1.0
56569,2,1,2,1,1.0,0,,,,,1,Hombre,27,729,5,Media,Media,2,,,,,3,,,,,,,,,,,,,,,,,,,,,,,,,,,,,,,,,9,3,0,1.0,1.0
56584,2,1,2,0,,1,,,,,2,Mujer,56,3136,7,Universitaria,Superior,2,,,,1.0,3,,,,,,,,,,,,,,,,,,,,,,,,,,,,,,,,,9,4,2,1.0,2.0
56595,4,1,4,1,1.0,0,,,1.0,,1,Hombre,22,484,7,Universitaria,Superior,1,1.0,1.0,1.0,,3,2.0,2.0,,2.0,,,,,1.0,,,,,,1.0,,,2.0,2.0,2.0,2.0,2.0,2.0,2.0,2.0,2.0,2.0,2.0,2.0,2.0,2.0,2.0,9,6,0,1.0,1.0
56596,1,1,1,1,1.0,0,,,,,2,Mujer,22,484,7,Universitaria,Superior,2,,1.0,,,3,,,,,,,,,,,,,,,,,,,,,,,,,,,,,,,,,1,6,0,1.0,2.0
56600,1,1,1,0,,1,,,,,2,Mujer,47,2209,8,Postgrado,Superior,2,,1.0,,,3,,,,,,,,,,,,,,,,,,,,,,,,,,,,,,,,,9,5,1,1.0,2.0
56605,2,1,2,0,,1,,,,,2,Mujer,35,1225,7,Universitaria,Superior,2,,1.0,,,3,,,,,,,,,,,,,,,,,,,,,,,,,,,,,,,,,9,3,0,1.0,2.0
56634,2,1,2,0,,1,,,,,1,Hombre,38,1444,7,Universitaria,Superior,2,,1.0,,,3,,,,,,,,,,,,,,,,,,,,,,,,,,,,,,,,,9,6,0,1.0,1.0
56641,1,1,1,0,,1,,,,,1,Hombre,31,961,7,Universitaria,Superior,2,,1.0,,,3,,,,,,,,,,,,,,,,,,,,,,,,,,,,,,,,,9,6,0,1.0,1.0
56649,2,1,2,0,,1,,,,,1,Hombre,28,784,5,Media,Media,2,,1.0,,,3,,,,,,,,,,,,,,,,,,,,,,,,,,,,,,,,,1,5,0,1.0,1.0
56674,3,1,3,1,1.0,0,,,1.0,3000.0,2,Mujer,21,441,7,Universitaria,Superior,1,1.0,1.0,,,2,1.0,2.0,,1.0,TRES MIL PESOS,,,1.0,,,,,,,1.0,,,2.0,2.0,2.0,2.0,2.0,2.0,2.0,2.0,2.0,2.0,2.0,2.0,2.0,2.0,2.0,9,6,0,1.0,2.0
56687,3,1,3,0,,1,,,,,1,Hombre,49,2401,5,Media,Media,2,,1.0,,,3,,,,,,,,,,,,,,,,,,,,,,,,,,,,,,,,,9,6,0,1.0,1.0
56697,1,1,1,0,,1,,,,,1,Hombre,39,1521,7,Universitaria,Superior,2,,,,1.0,3,,,,,,,,,,,,,,,,,,,,,,,,,,,,,,,,,9,6,0,1.0,1.0
56710,1,1,1,1,1.0,0,80000.0,11.289781913656018,120.0,4000.0,1,Hombre,20,400,5,Media,Media,1,,1.0,1.0,,3,5.0,1.0,30.0,1.0,CUATRO MIL,,,,,,1.0,,,,2.0,,,1.0,1.0,2.0,1.0,1.0,1.0,1.0,2.0,1.0,1.0,1.0,1.0,1.0,2.0,1.0,9,6,0,1.0,1.0
56731,1,1,1,0,,1,,,,,1,Hombre,30,900,5,Media,Media,2,,1.0,,,3,,,,,,,,,,,,,,,,,,,,,,,,,,,,,,,,,9,3,1,1.0,1.0
56736,2,1,2,0,,1,,,,,2,Mujer,45,2025,7,Universitaria,Superior,2,,1.0,,,3,,,,,,,,,,,,,,,,,,,,,,,,,,,,,,,,,9,1,0,1.0,2.0
56738,2,1,2,1,1.0,0,,,,,2,Mujer,35,1225,5,Media,Media,2,,,,,3,,,,,,,,,,,,,,,,,,,,,,,,,,,,,,,,,9,2,2,1.0,2.0
56751,3,1,3,0,,1,,,1.0,8000.0,1,Hombre,18,324,5,Media,Media,1,1.0,,,1.0,3,3.0,2.0,,1.0,OCHO MIL PESOS,,,,1.0,,,,,,1.0,,,2.0,2.0,2.0,2.0,2.0,2.0,2.0,2.0,2.0,2.0,2.0,2.0,2.0,2.0,2.0,9,6,0,1.0,1.0
56756,2,1,2,1,1.0,0,,,,,2,Mujer,25,625,5,Media,Media,2,,1.0,,,3,,,,,,,,,,,,,,,,,,,,,,,,,,,,,,,,,9,3,1,1.0,2.0
56765,4,1,4,0,,1,,,,,1,Hombre,21,441,5,Media,Media,2,,1.0,,,3,,,,,,,,,,,,,,,,,,,,,,,,,,,,,,,,,9,6,0,1.0,1.0
56802,3,1,3,1,1.0,0,5000.0,8.517193191416238,5.0,2000.0,1,Hombre,27,729,7,Universitaria,Superior,1,,1.0,1.0,,3,4.0,1.0,18.0,1.0,DOS MIL PESOS,,,,1.0,,,,,,2.0,,,2.0,2.0,1.0,2.0,2.0,1.0,1.0,1.0,2.0,2.0,2.0,1.0,2.0,2.0,1.0,9,6,0,1.0,1.0
56804,1,1,1,0,,1,,,,,1,Hombre,37,1369,6,Tecnica/tecnologica,Superior,2,,1.0,,,3,,,,,,,,,,,,,,,,,,,,,,,,,,,,,,,,,9,3,2,1.0,1.0
56807,1,1,1,0,,1,,,,,2,Mujer,31,961,5,Media,Media,2,,,,1.0,3,,,,,,,,,,,,,,,,,,,,,,,,,,,,,,,,,9,6,2,1.0,2.0
56815,1,1,1,1,1.0,0,25000.0,10.126631103850338,15.0,2000.0,1,Hombre,25,625,6,Tecnica/tecnologica,Superior,1,,1.0,1.0,,3,4.0,1.0,15.0,1.0,DOS MIL PESOS,,,1.0,1.0,1.0,1.0,,,,2.0,,,2.0,1.0,2.0,1.0,2.0,2.0,2.0,2.0,1.0,1.0,1.0,1.0,2.0,2.0,1.0,9,1,1,1.0,1.0
56823,4,1,4,1,1.0,0,28000.0,10.239959789157341,7.0,4000.0,1,Hombre,24,576,5,Media,Media,1,,,,,3,3.0,1.0,4.0,1.0,CUATRO MIL PESOS,,,,1.0,,,,,,2.0,,,2.0,2.0,2.0,2.0,1.0,2.0,2.0,2.0,2.0,1.0,1.0,2.0,2.0,2.0,2.0,9,2,2,1.0,1.0
56824,3,1,3,0,,1,,,,,2,Mujer,36,1296,7,Universitaria,Superior,2,,1.0,,,3,,,,,,,,,,,,,,,,,,,,,,,,,,,,,,,,,9,3,1,1.0,2.0
56841,1,1,1,1,1.0,0,,,,,2,Mujer,65,4225,6,Tecnica/tecnologica,Superior,2,,,,,3,,,,,,,,,,,,,,,,,,,,,,,,,,,,,,,,,9,6,3,1.0,2.0
56875,2,1,2,0,,1,,,,,1,Hombre,18,324,7,Universitaria,Superior,2,,,,1.0,3,,,,,,,,,,,,,,,,,,,,,,,,,,,,,,,,,9,6,0,2.0,1.0
56881,2,1,2,1,1.0,0,,,,,2,Mujer,27,729,7,Universitaria,Superior,2,,,,,3,,,,,,,,,,,,,,,,,,,,,,,,,,,,,,,,,9,1,0,1.0,2.0
56888,3,1,3,1,1.0,0,,,,,2,Mujer,29,841,7,Universitaria,Superior,2,,,,,3,,,,,,,,,,,,,,,,,,,,,,,,,,,,,,,,,9,6,0,1.0,2.0
56917,2,1,2,1,1.0,0,,,,,2,Mujer,25,625,7,Universitaria,Superior,2,,,,,3,,,,,,,,,,,,,,,,,,,,,,,,,,,,,,,,,9,6,1,1.0,2.0
56920,2,1,2,0,,1,,,,,1,Hombre,52,2704,6,Tecnica/tecnologica,Superior,2,,1.0,,,3,,,,,,,,,,,,,,,,,,,,,,,,,,,,,,,,,9,5,4,1.0,1.0
56930,1,1,1,0,,1,,,1.0,3000.0,1,Hombre,27,729,7,Universitaria,Superior,1,1.0,,,1.0,3,3.0,1.0,15.0,1.0,TRES MIL PESOS,,,,,,1.0,,,,1.0,,,2.0,2.0,2.0,2.0,2.0,2.0,2.0,2.0,2.0,1.0,2.0,2.0,2.0,2.0,2.0,9,6,0,1.0,1.0
56961,2,1,2,0,,1,,,,,1,Hombre,46,2116,5,Media,Media,2,,1.0,,,3,,,,,,,,,,,,,,,,,,,,,,,,,,,,,,,,,9,3,2,1.0,1.0
56990,2,1,2,1,1.0,0,,,1.0,2500.0,2,Mujer,18,324,4,Basica secundaria,Media,1,1.0,1.0,1.0,,3,1.0,2.0,,1.0,DOS MIL QUINIENTOS,,,,,,,,,1.0,1.0,,,2.0,2.0,2.0,2.0,2.0,1.0,2.0,2.0,2.0,2.0,1.0,2.0,2.0,2.0,2.0,9,2,0,1.0,2.0
57010,1,1,1,0,,1,,,,,1,Hombre,36,1296,8,Postgrado,Superior,2,,1.0,,,3,,,,,,,,,,,,,,,,,,,,,,,,,,,,,,,,,9,3,2,1.0,1.0
57022,2,1,2,0,,1,,,,,1,Hombre,23,529,7,Universitaria,Superior,2,,1.0,,,3,,,,,,,,,,,,,,,,,,,,,,,,,,,,,,,,,9,6,0,1.0,1.0
57054,2,1,2,0,,1,,,,,2,Mujer,22,484,6,Tecnica/tecnologica,Superior,2,,1.0,,,3,,,,,,,,,,,,,,,,,,,,,,,,,,,,,,,,,9,3,1,1.0,2.0
57069,3,1,3,0,,1,250000.0,12.429216196844383,60.0,3000.0,1,Hombre,24,576,4,Basica secundaria,Media,1,1.0,1.0,,,3,5.0,1.0,30.0,1.0,TRE MIL PESOS,,,,1.0,,,,,,1.0,,,1.0,2.0,1.0,1.0,1.0,1.0,1.0,1.0,2.0,1.0,1.0,1.0,1.0,1.0,1.0,9,6,0,1.0,1.0
57081,1,1,1,0,,1,,,,,1,Hombre,49,2401,3,Basica primaria,Baja,2,,1.0,,,3,,,,,,,,,,,,,,,,,,,,,,,,,,,,,,,,,9,5,4,1.0,1.0
57085,2,1,2,1,1.0,0,30000.0,10.308952660644293,10.0,3000.0,1,Hombre,24,576,4,Basica secundaria,Media,1,1.0,1.0,,,3,3.0,1.0,4.0,1.0,TRES MIL PESOS,,,,1.0,,1.0,,,,1.0,,,2.0,2.0,2.0,2.0,2.0,2.0,2.0,2.0,2.0,2.0,2.0,2.0,2.0,2.0,2.0,9,6,0,1.0,1.0
57153,1,1,1,1,1.0,0,,,,,1,Hombre,18,324,7,Universitaria,Superior,2,,,,,3,,,,,,,,,,,,,,,,,,,,,,,,,,,,,,,,,9,6,0,1.0,1.0
57178,1,1,1,0,,1,,,,,2,Mujer,42,1764,7,Universitaria,Superior,2,,1.0,,,3,,,,,,,,,,,,,,,,,,,,,,,,,,,,,,,,,9,6,0,1.0,2.0
57197,1,1,1,0,,1,,,,,2,Mujer,53,2809,4,Basica secundaria,Media,2,,1.0,,,3,,,,,,,,,,,,,,,,,,,,,,,,,,,,,,,,,9,6,2,1.0,2.0
57203,2,1,2,0,,1,,,,,2,Mujer,63,3969,3,Basica primaria,Baja,2,,1.0,,,3,,,,,,,,,,,,,,,,,,,,,,,,,,,,,,,,,9,6,2,1.0,2.0
57247,2,1,2,1,1.0,0,20000.0,9.903487552536127,3.0,5000.0,1,Hombre,24,576,5,Media,Media,1,,,,,3,2.0,1.0,1.0,1.0,CINCO MIL PESOS,,,,1.0,,,,,,2.0,,,2.0,2.0,2.0,2.0,2.0,2.0,2.0,2.0,2.0,2.0,2.0,2.0,2.0,2.0,1.0,9,6,2,1.0,1.0
57294,1,1,1,0,,1,,,,,1,Hombre,56,3136,5,Media,Media,2,,1.0,,,3,,,,,,,,,,,,,,,,,,,,,,,,,,,,,,,,,1,2,1,1.0,1.0
57328,1,1,1,0,,1,,,1.0,2000.0,1,Hombre,34,1156,6,Tecnica/tecnologica,Superior,1,,1.0,,,3,2.0,2.0,,1.0,DOS MIL PESOS,,,,1.0,,,,,,1.0,1.0,,2.0,2.0,2.0,2.0,2.0,2.0,2.0,2.0,2.0,2.0,2.0,2.0,2.0,2.0,2.0,9,2,2,1.0,1.0
57349,2,1,2,0,,1,,,2.0,1000.0,1,Hombre,25,625,5,Media,Media,1,,1.0,,,3,3.0,2.0,,1.0,MIL PESOS,,,,1.0,,,,,,2.0,,,2.0,1.0,1.0,2.0,2.0,1.0,1.0,2.0,1.0,1.0,1.0,1.0,2.0,2.0,2.0,9,6,0,1.0,1.0
57365,2,1,2,0,,1,,,,,2,Mujer,46,2116,6,Tecnica/tecnologica,Superior,2,,1.0,,,3,,,,,,,,,,,,,,,,,,,,,,,,,,,,,,,,,9,3,2,1.0,2.0
57376,1,1,1,0,,1,,,,,1,Hombre,28,784,7,Universitaria,Superior,2,,1.0,,,3,,,,,,,,,,,,,,,,,,,,,,,,,,,,,,,,,9,6,0,1.0,1.0
57393,1,1,1,0,,1,,,,,2,Mujer,23,529,7,Universitaria,Superior,2,,1.0,,,3,,,,,,,,,,,,,,,,,,,,,,,,,,,,,,,,,9,6,0,1.0,2.0
57406,1,1,1,0,,1,,,,,1,Hombre,25,625,5,Media,Media,2,,1.0,,,3,,,,,,,,,,,,,,,,,,,,,,,,,,,,,,,,,9,2,2,1.0,1.0
57427,1,1,1,0,,1,,,,,2,Mujer,65,4225,7,Universitaria,Superior,2,,1.0,,,3,,,,,,,,,,,,,,,,,,,,,,,,,,,,,,,,,9,4,1,1.0,2.0
57431,1,1,1,0,,1,,,,,2,Mujer,56,3136,6,Tecnica/tecnologica,Superior,2,,1.0,,,9,,,,,,,,,,,,,,,,,,,,,,,,,,,,,,,,,9,3,3,1.0,2.0
57438,1,1,1,1,1.0,0,,,,,1,Hombre,62,3844,5,Media,Media,2,,,,,3,,,,,,,,,,,,,,,,,,,,,,,,,,,,,,,,,9,3,6,1.0,1.0
57472,1,1,1,1,1.0,0,50000.0,10.819778284410283,40.0,2000.0,1,Hombre,57,3249,5,Media,Media,1,,1.0,1.0,,3,5.0,1.0,30.0,1.0,DOS MIL PESOS AL MENUDEO,,,1.0,1.0,1.0,,,,,2.0,,,2.0,1.0,1.0,2.0,2.0,1.0,1.0,2.0,1.0,1.0,1.0,1.0,2.0,2.0,1.0,9,6,1,1.0,1.0
57474,2,1,2,0,,1,,,,,1,Hombre,60,3600,4,Basica secundaria,Media,2,,1.0,,,3,,,,,,,,,,,,,,,,,,,,,,,,,,,,,,,,,9,6,0,1.0,1.0
57484,1,1,1,1,1.0,0,,,,,1,Hombre,28,784,7,Universitaria,Superior,2,,,,,3,,,,,,,,,,,,,,,,,,,,,,,,,,,,,,,,,9,5,0,1.0,1.0
57517,1,1,1,0,,1,,,,,1,Hombre,65,4225,5,Media,Media,2,,1.0,,,3,,,,,,,,,,,,,,,,,,,,,,,,,,,,,,,,,9,4,2,1.0,1.0
57564,3,1,3,1,1.0,0,,,,,2,Mujer,19,361,6,Tecnica/tecnologica,Superior,2,,,,,3,,,,,,,,,,,,,,,,,,,,,,,,,,,,,,,,,9,6,0,1.0,2.0
57567,1,1,1,1,1.0,0,,,1.0,,1,Hombre,18,324,7,Universitaria,Superior,1,1.0,1.0,,,3,1.0,2.0,,2.0,,,,,1.0,,,,,,1.0,,,2.0,2.0,2.0,1.0,2.0,2.0,2.0,2.0,2.0,2.0,2.0,2.0,2.0,2.0,2.0,9,6,0,1.0,1.0
57581,3,1,3,1,1.0,0,1000.0,6.907755278982137,1.0,,1,Hombre,39,1521,7,Universitaria,Superior,1,,,,,3,2.0,1.0,1.0,2.0,,,,,1.0,,,,,,2.0,,,2.0,2.0,2.0,2.0,2.0,1.0,2.0,2.0,2.0,2.0,2.0,1.0,2.0,2.0,1.0,9,6,0,1.0,1.0
57616,2,1,2,0,,1,,,,,2,Mujer,31,961,5,Media,Media,2,,1.0,,,2,,,,,,,,,,,,,,,,,,,,,,,,,,,,,,,,,9,3,2,1.0,2.0
57623,1,1,1,0,,1,,,,,1,Hombre,58,3364,5,Media,Media,2,,1.0,,,3,,,,,,,,,,,,,,,,,,,,,,,,,,,,,,,,,9,3,3,1.0,1.0
57628,11,1,11,1,1.0,0,80000.0,11.289781913656018,100.0,2000.0,1,Hombre,19,361,4,Basica secundaria,Media,1,,,,,3,5.0,1.0,30.0,1.0,DOS MIL PESOS,,,,,1.0,,,,,2.0,,,2.0,1.0,1.0,2.0,2.0,2.0,1.0,1.0,1.0,1.0,1.0,2.0,2.0,2.0,1.0,9,3,0,2.0,1.0
57631,5,1,5,0,,1,,,,,1,Hombre,42,1764,4,Basica secundaria,Media,2,,1.0,,,3,,,,,,,,,,,,,,,,,,,,,,,,,,,,,,,,,9,6,0,1.0,1.0
57666,1,1,1,1,1.0,0,1000.0,6.907755278982137,60.0,2000.0,1,Hombre,25,625,7,Universitaria,Superior,1,1.0,1.0,1.0,,1,3.0,1.0,5.0,1.0,DOS MIL PESOS,,,,1.0,,,,,,1.0,,,2.0,2.0,2.0,2.0,2.0,2.0,2.0,2.0,1.0,1.0,1.0,2.0,2.0,2.0,1.0,9,6,0,1.0,1.0
57683,1,1,1,1,1.0,0,15000.0,9.615805480084347,15.0,2000.0,1,Hombre,21,441,6,Tecnica/tecnologica,Superior,1,1.0,1.0,,,3,5.0,1.0,30.0,1.0,DOS MIL PESOS,,1.0,,1.0,,,,,,1.0,,,2.0,2.0,2.0,1.0,2.0,2.0,2.0,2.0,1.0,2.0,2.0,2.0,2.0,2.0,1.0,9,6,0,1.0,1.0
57684,2,1,2,1,1.0,0,,,,,1,Hombre,37,1369,5,Media,Media,2,,,,,3,,,,,,,,,,,,,,,,,,,,,,,,,,,,,,,,,9,2,2,1.0,1.0
57702,4,1,4,0,,1,30000.0,10.308952660644293,30.0,1000.0,1,Hombre,40,1600,3,Basica primaria,Baja,1,,1.0,,,3,4.0,1.0,30.0,1.0,MIL,,,1.0,1.0,,,,,,2.0,,,2.0,2.0,2.0,2.0,2.0,2.0,2.0,2.0,2.0,2.0,2.0,2.0,2.0,2.0,2.0,9,6,0,1.0,1.0
57713,2,1,2,0,,1,,,,,2,Mujer,54,2916,7,Universitaria,Superior,2,,1.0,,,3,,,,,,,,,,,,,,,,,,,,,,,,,,,,,,,,,9,3,1,1.0,2.0
57715,2,1,2,0,,1,,,,,2,Mujer,40,1600,6,Tecnica/tecnologica,Superior,2,,1.0,,,3,,,,,,,,,,,,,,,,,,,,,,,,,,,,,,,,,9,2,2,1.0,2.0
57725,1,1,1,0,,1,,,,,1,Hombre,65,4225,3,Basica primaria,Baja,2,,1.0,,,3,,,,,,,,,,,,,,,,,,,,,,,,,,,,,,,,,9,2,2,1.0,1.0
57727,3,1,3,0,,1,,,,,2,Mujer,19,361,7,Universitaria,Superior,2,,1.0,,,3,,,,,,,,,,,,,,,,,,,,,,,,,,,,,,,,,9,6,0,1.0,2.0
57749,1,1,1,0,,1,,,,,1,Hombre,25,625,5,Media,Media,2,,1.0,,,3,,,,,,,,,,,,,,,,,,,,,,,,,,,,,,,,,9,3,0,1.0,1.0
57750,1,1,1,0,,1,1000.0,6.907755278982137,1.0,,1,Hombre,30,900,7,Universitaria,Superior,1,,1.0,,,3,3.0,1.0,5.0,2.0,,,,,1.0,,,,,,2.0,,,2.0,2.0,2.0,2.0,2.0,2.0,2.0,2.0,1.0,2.0,2.0,2.0,2.0,2.0,2.0,9,6,0,1.0,1.0
57753,2,1,2,1,1.0,0,,,2.0,2500.0,1,Hombre,24,576,5,Media,Media,1,1.0,1.0,,,3,3.0,2.0,,1.0,DOS MIL QUINIENTOS,,,,1.0,,,,,,1.0,,,2.0,2.0,2.0,2.0,2.0,2.0,2.0,2.0,2.0,2.0,2.0,2.0,2.0,2.0,2.0,9,6,0,1.0,1.0
57773,3,1,3,0,,1,,,,,1,Hombre,24,576,7,Universitaria,Superior,2,,1.0,,,3,,,,,,,,,,,,,,,,,,,,,,,,,,,,,,,,,9,6,0,1.0,1.0
57776,3,1,3,1,1.0,0,30000.0,10.308952660644293,3.0,2000.0,1,Hombre,34,1156,5,Media,Media,1,1.0,1.0,,,3,5.0,1.0,30.0,1.0,DOS MIL,,,,1.0,,,,,,1.0,,,1.0,1.0,2.0,1.0,1.0,1.0,1.0,1.0,1.0,1.0,1.0,1.0,1.0,1.0,1.0,9,6,1,1.0,1.0
57782,3,1,3,1,1.0,0,,,2.0,2000.0,1,Hombre,20,400,5,Media,Media,1,1.0,1.0,1.0,,3,3.0,2.0,,1.0,DOS MIL PESOS,,,1.0,,,,,1.0,,1.0,,,2.0,1.0,1.0,2.0,2.0,1.0,1.0,1.0,1.0,2.0,1.0,1.0,1.0,1.0,1.0,9,5,0,1.0,1.0
57787,2,1,2,0,,1,,,1.0,5000.0,2,Mujer,17,289,4,Basica secundaria,Media,1,,1.0,,,2,1.0,2.0,,1.0,CINCO MIL PESOS,,,,1.0,,,,,,2.0,,,2.0,2.0,2.0,2.0,2.0,2.0,2.0,2.0,2.0,2.0,2.0,2.0,2.0,2.0,2.0,9,6,0,,
57788,3,1,3,0,,1,150000.0,11.918390573078392,60.0,2500.0,1,Hombre,38,1444,3,Basica primaria,Baja,1,,1.0,,,3,5.0,1.0,30.0,1.0,DOS MIL QUINIENTOS PESOS,,,1.0,,,,,,,2.0,,,2.0,2.0,2.0,2.0,2.0,2.0,2.0,2.0,2.0,2.0,2.0,2.0,2.0,2.0,2.0,9,5,0,1.0,1.0
57803,2,1,2,1,1.0,0,20000.0,9.903487552536127,30.0,2000.0,1,Hombre,25,625,7,Universitaria,Superior,1,1.0,1.0,,,3,5.0,1.0,30.0,1.0,DOS MIL PESOS,,,,1.0,,,,,,1.0,,,1.0,2.0,1.0,2.0,1.0,2.0,2.0,2.0,2.0,2.0,1.0,2.0,1.0,2.0,1.0,9,6,0,1.0,1.0
57825,1,1,1,1,1.0,0,10000.0,9.210340371976184,1.0,,1,Hombre,25,625,7,Universitaria,Superior,1,,,,,3,3.0,1.0,2.0,2.0,,,,,,,,,1.0,,2.0,,,2.0,2.0,2.0,1.0,2.0,1.0,1.0,2.0,2.0,2.0,1.0,2.0,1.0,2.0,1.0,9,2,0,1.0,1.0
57837,1,1,1,0,,1,,,,,1,Hombre,43,1849,5,Media,Media,2,,1.0,,,3,,,,,,,,,,,,,,,,,,,,,,,,,,,,,,,,,9,5,2,1.0,1.0
57838,1,1,1,0,,1,,,,,1,Hombre,55,3025,5,Media,Media,2,,1.0,,,3,,,,,,,,,,,,,,,,,,,,,,,,,,,,,,,,,9,3,1,1.0,1.0
57839,3,1,3,0,,1,,,,,1,Hombre,20,400,7,Universitaria,Superior,2,,1.0,,,3,,,,,,,,,,,,,,,,,,,,,,,,,,,,,,,,,9,6,0,1.0,1.0
57849,1,1,1,1,1.0,0,75000.0,11.225243392518447,15.0,5000.0,1,Hombre,30,900,5,Media,Media,1,1.0,1.0,1.0,,3,4.0,1.0,15.0,1.0,cinco mil pesos,,,1.0,,,,,,,1.0,,,2.0,2.0,2.0,1.0,2.0,1.0,2.0,2.0,2.0,2.0,2.0,2.0,2.0,2.0,2.0,9,2,1,1.0,1.0
57860,2,1,2,0,,1,,,,,1,Hombre,18,324,5,Media,Media,2,,1.0,,,3,,,,,,,,,,,,,,,,,,,,,,,,,,,,,,,,,9,6,0,1.0,1.0
57870,1,1,1,1,1.0,0,10000.0,9.210340371976184,4.0,,1,Hombre,40,1600,8,Postgrado,Superior,1,1.0,,,,3,2.0,1.0,4.0,2.0,,,,,1.0,,,,,,1.0,,,2.0,2.0,2.0,2.0,2.0,2.0,2.0,2.0,2.0,2.0,2.0,2.0,2.0,2.0,2.0,9,1,0,1.0,1.0
57890,2,1,2,1,1.0,0,,,,,2,Mujer,31,961,5,Media,Media,2,,,,,3,,,,,,,,,,,,,,,,,,,,,,,,,,,,,,,,,9,2,3,1.0,2.0
57894,1,1,1,0,,1,,,,,1,Hombre,62,3844,3,Basica primaria,Baja,2,,1.0,,,3,,,,,,,,,,,,,,,,,,,,,,,,,,,,,,,,,9,3,3,1.0,1.0
57902,1,1,1,0,,1,,,,,1,Hombre,24,576,5,Media,Media,2,,1.0,,,3,,,,,,,,,,,,,,,,,,,,,,,,,,,,,,,,,9,2,2,1.0,1.0
57907,5,1,5,0,,1,,,1.0,,1,Hombre,21,441,5,Media,Media,1,,1.0,,,2,2.0,2.0,,2.0,,,,,1.0,,,,,,2.0,,,2.0,2.0,2.0,2.0,2.0,2.0,2.0,2.0,2.0,2.0,1.0,1.0,2.0,2.0,2.0,9,6,0,1.0,1.0
57912,1,1,1,1,1.0,0,,,,,1,Hombre,54,2916,7,Universitaria,Superior,2,,,,,3,,,,,,,,,,,,,,,,,,,,,,,,,,,,,,,,,9,3,1,1.0,1.0
57918,3,1,3,1,1.0,0,5000.0,8.517193191416238,5.0,2000.0,1,Hombre,17,289,4,Basica secundaria,Media,1,,,,,3,4.0,1.0,3.0,1.0,DOS MIL PESOS,,,1.0,,,,,,,2.0,,,2.0,2.0,2.0,2.0,1.0,1.0,2.0,2.0,1.0,1.0,2.0,2.0,2.0,1.0,1.0,9,6,0,,
57922,2,1,2,0,,1,,,,,1,Hombre,47,2209,7,Universitaria,Superior,2,,1.0,,,3,,,,,,,,,,,,,,,,,,,,,,,,,,,,,,,,,9,5,1,1.0,1.0
57932,3,1,3,1,1.0,0,,,,,1,Hombre,24,576,7,Universitaria,Superior,2,,,,,3,,,,,,,,,,,,,,,,,,,,,,,,,,,,,,,,,9,6,0,1.0,1.0
57938,1,1,1,0,,1,,,,,1,Hombre,60,3600,4,Basica secundaria,Media,2,,1.0,,,3,,,,,,,,,,,,,,,,,,,,,,,,,,,,,,,,,9,5,1,1.0,1.0
57939,1,1,1,0,,1,,,,,1,Hombre,27,729,5,Media,Media,2,,1.0,,,3,,,,,,,,,,,,,,,,,,,,,,,,,,,,,,,,,9,1,2,1.0,1.0
57947,4,1,4,1,1.0,0,,,,,1,Hombre,19,361,6,Tecnica/tecnologica,Superior,2,,1.0,,,3,,,,,,,,,,,,,,,,,,,,,,,,,,,,,,,,,9,6,0,1.0,1.0
57950,3,1,3,1,1.0,0,,,,,1,Hombre,24,576,7,Universitaria,Superior,2,,,,,3,,,,,,,,,,,,,,,,,,,,,,,,,,,,,,,,,9,6,0,1.0,1.0
57953,1,1,1,0,,1,,,,,1,Hombre,42,1764,5,Media,Media,2,,1.0,,,3,,,,,,,,,,,,,,,,,,,,,,,,,,,,,,,,,9,3,1,1.0,1.0
57967,1,1,1,0,,1,,,,,2,Mujer,35,1225,5,Media,Media,2,,1.0,,,3,,,,,,,,,,,,,,,,,,,,,,,,,,,,,,,,,9,6,1,1.0,2.0
57989,1,1,1,1,1.0,0,,,,,1,Hombre,30,900,6,Tecnica/tecnologica,Superior,2,,1.0,1.0,,3,,,,,,,,,,,,,,,,,,,,,,,,,,,,,,,,,9,5,3,1.0,1.0
58009,2,1,2,1,1.0,0,200000.0,12.206072645530174,150.0,5000.0,1,Hombre,27,729,4,Basica secundaria,Media,1,1.0,1.0,1.0,,3,5.0,1.0,30.0,1.0,CINCO MIL PESOS,,,,1.0,1.0,,,,,1.0,,,1.0,1.0,1.0,1.0,2.0,1.0,1.0,1.0,1.0,1.0,1.0,1.0,1.0,1.0,1.0,9,5,2,1.0,1.0
58043,3,1,3,1,1.0,0,,,,,2,Mujer,40,1600,8,Postgrado,Superior,2,,1.0,,,3,,,,,,,,,,,,,,,,,,,,,,,,,,,,,,,,,9,6,0,1.0,2.0
58045,1,1,1,0,,1,,,,,1,Hombre,31,961,7,Universitaria,Superior,2,,1.0,,,3,,,,,,,,,,,,,,,,,,,,,,,,,,,,,,,,,9,3,1,1.0,1.0
58053,2,1,2,1,1.0,0,,,,,2,Mujer,22,484,6,Tecnica/tecnologica,Superior,2,,,,,9,,,,,,,,,,,,,,,,,,,,,,,,,,,,,,,,,9,6,2,1.0,2.0
58075,1,1,1,1,1.0,0,,,,,1,Hombre,34,1156,4,Basica secundaria,Media,2,,1.0,,,3,,,,,,,,,,,,,,,,,,,,,,,,,,,,,,,,,9,2,1,1.0,1.0
58080,1,1,1,0,,1,,,,,2,Mujer,58,3364,5,Media,Media,2,,1.0,,,3,,,,,,,,,,,,,,,,,,,,,,,,,,,,,,,,,9,4,3,1.0,2.0
58088,1,1,1,0,,1,,,,,1,Hombre,28,784,5,Media,Media,2,,1.0,,,3,,,,,,,,,,,,,,,,,,,,,,,,,,,,,,,,,9,3,0,1.0,1.0
58113,1,1,1,1,1.0,0,,,,,1,Hombre,23,529,8,Postgrado,Superior,2,,,,,3,,,,,,,,,,,,,,,,,,,,,,,,,,,,,,,,,9,6,0,1.0,1.0
58140,1,1,1,0,,1,,,,,1,Hombre,40,1600,8,Postgrado,Superior,2,,1.0,,,3,,,,,,,,,,,,,,,,,,,,,,,,,,,,,,,,,9,3,0,1.0,1.0
58142,1,1,1,0,,1,,,,,1,Hombre,57,3249,7,Universitaria,Superior,2,,1.0,,,3,,,,,,,,,,,,,,,,,,,,,,,,,,,,,,,,,9,2,2,1.0,1.0
58146,1,1,1,1,1.0,0,,,,,1,Hombre,28,784,6,Tecnica/tecnologica,Superior,2,,,,,3,,,,,,,,,,,,,,,,,,,,,,,,,,,,,,,,,9,1,1,1.0,1.0
58150,3,1,3,0,,1,,,,,1,Hombre,32,1024,3,Basica primaria,Baja,2,,1.0,,,1,,,,,,,,,,,,,,,,,,,,,,,,,,,,,,,,,9,2,0,1.0,1.0
58157,3,1,3,0,,1,,,,,1,Hombre,23,529,5,Media,Media,2,,1.0,,,3,,,,,,,,,,,,,,,,,,,,,,,,,,,,,,,,,9,1,0,1.0,1.0
58162,1,1,1,0,,1,,,,,2,Mujer,30,900,3,Basica primaria,Baja,2,,1.0,,,3,,,,,,,,,,,,,,,,,,,,,,,,,,,,,,,,,9,2,3,1.0,2.0
58177,3,1,3,1,1.0,0,,,,,1,Hombre,25,625,7,Universitaria,Superior,2,,1.0,,,3,,,,,,,,,,,,,,,,,,,,,,,,,,,,,,,,,9,6,0,1.0,1.0
58187,3,1,3,0,,1,,,,,1,Hombre,28,784,8,Postgrado,Superior,2,,1.0,,,3,,,,,,,,,,,,,,,,,,,,,,,,,,,,,,,,,9,3,0,1.0,1.0
58192,3,1,3,1,1.0,0,,,2.0,1000.0,2,Mujer,21,441,7,Universitaria,Superior,1,,,,,2,1.0,2.0,,1.0,MIL PESOS,,,,1.0,,,,,,2.0,,,2.0,2.0,2.0,2.0,2.0,2.0,2.0,2.0,2.0,2.0,2.0,2.0,2.0,2.0,2.0,5,6,0,1.0,2.0
58195,1,1,1,0,,1,,,,,1,Hombre,53,2809,7,Universitaria,Superior,2,,1.0,,,3,,,,,,,,,,,,,,,,,,,,,,,,,,,,,,,,,9,3,2,1.0,1.0
58200,3,1,3,1,1.0,0,15000.0,9.615805480084347,70.0,1000.0,1,Hombre,18,324,5,Media,Media,1,,,,,3,5.0,1.0,30.0,1.0,MIL PESOS,,,,1.0,,,,,,2.0,,,1.0,2.0,2.0,1.0,2.0,2.0,2.0,2.0,1.0,1.0,1.0,2.0,2.0,2.0,1.0,9,6,0,1.0,1.0
58205,2,1,2,1,1.0,0,,,,,1,Hombre,39,1521,6,Tecnica/tecnologica,Superior,2,,,,,3,,,,,,,,,,,,,,,,,,,,,,,,,,,,,,,,,9,6,1,1.0,1.0
58213,6,1,6,0,,1,,,,,2,Mujer,21,441,5,Media,Media,2,,1.0,,,3,,,,,,,,,,,,,,,,,,,,,,,,,,,,,,,,,9,2,0,1.0,2.0
58218,2,1,2,1,1.0,0,,,,,1,Hombre,31,961,5,Media,Media,2,,,,,3,,,,,,,,,,,,,,,,,,,,,,,,,,,,,,,,,9,5,1,1.0,1.0
58219,1,1,1,0,,1,,,,,2,Mujer,42,1764,5,Media,Media,2,,1.0,,,3,,,,,,,,,,,,,,,,,,,,,,,,,,,,,,,,,9,2,2,1.0,2.0
58224,5,1,5,0,,1,,,,,1,Hombre,20,400,5,Media,Media,2,,1.0,,,2,,,,,,,,,,,,,,,,,,,,,,,,,,,,,,,,,9,6,1,1.0,2.0
58252,1,1,1,1,1.0,0,,,5.0,10000.0,1,Hombre,35,1225,6,Tecnica/tecnologica,Superior,1,,1.0,,,3,2.0,2.0,,1.0,DIEZ MIL PESOS,,,,1.0,1.0,,,,,2.0,,,2.0,2.0,2.0,2.0,2.0,2.0,2.0,2.0,2.0,2.0,2.0,2.0,2.0,2.0,2.0,9,6,0,1.0,1.0
58274,1,1,1,1,1.0,0,,,,,1,Hombre,54,2916,8,Postgrado,Superior,2,,,,,3,,,,,,,,,,,,,,,,,,,,,,,,,,,,,,,,,2,6,0,3.0,1.0
58279,2,1,2,0,,1,,,,,1,Hombre,52,2704,3,Basica primaria,Baja,2,,1.0,,,3,,,,,,,,,,,,,,,,,,,,,,,,,,,,,,,,,9,5,0,1.0,1.0
58295,1,1,1,1,1.0,0,,,,,2,Mujer,25,625,7,Universitaria,Superior,2,,1.0,1.0,,3,,,,,,,,,,,,,,,,,,,,,,,,,,,,,,,,,9,3,0,1.0,2.0
58299,3,1,3,0,,1,,,1.0,2500.0,1,Hombre,19,361,5,Media,Media,1,,1.0,,,2,1.0,2.0,,1.0,DOS MIL QUINIENTOS A CINCO MIL,,,,1.0,,,,,,2.0,,,2.0,2.0,2.0,2.0,2.0,2.0,2.0,2.0,2.0,2.0,2.0,2.0,2.0,2.0,2.0,9,6,0,1.0,1.0
58307,3,1,3,0,,1,,,,,2,Mujer,24,576,7,Universitaria,Superior,2,,1.0,,,3,,,,,,,,,,,,,,,,,,,,,,,,,,,,,,,,,9,6,0,2.0,3.0
58311,3,1,3,1,1.0,0,,,,,1,Hombre,21,441,6,Tecnica/tecnologica,Superior,2,,,,,3,,,,,,,,,,,,,,,,,,,,,,,,,,,,,,,,,9,6,0,1.0,1.0
58333,2,1,2,0,,1,,,1.0,,2,Mujer,26,676,7,Universitaria,Superior,1,,,,1.0,2,2.0,2.0,,2.0,,,,,1.0,,,,,,2.0,,,2.0,2.0,2.0,2.0,2.0,2.0,2.0,2.0,2.0,2.0,2.0,2.0,2.0,2.0,2.0,9,6,0,1.0,2.0
58335,4,1,4,0,,1,,,,,1,Hombre,34,1156,5,Media,Media,2,,1.0,,,3,,,,,,,,,,,,,,,,,,,,,,,,,,,,,,,,,9,6,0,1.0,1.0
58354,1,1,1,1,1.0,0,,,2.0,,1,Hombre,27,729,6,Tecnica/tecnologica,Superior,1,,1.0,1.0,,3,3.0,1.0,2.0,2.0,,,,,1.0,,,,,,2.0,,,2.0,2.0,2.0,2.0,2.0,2.0,2.0,2.0,2.0,2.0,2.0,2.0,2.0,2.0,2.0,9,6,0,1.0,1.0
58358,3,1,3,1,1.0,0,,,,,1,Hombre,32,1024,7,Universitaria,Superior,2,,,,,3,,,,,,,,,,,,,,,,,,,,,,,,,,,,,,,,,9,6,0,1.0,1.0
58364,1,1,1,1,1.0,0,,,,,1,Hombre,29,841,7,Universitaria,Superior,2,,,,,9,,,,,,,,,,,,,,,,,,,,,,,,,,,,,,,,,9,3,1,1.0,1.0
58366,3,1,3,0,,1,,,,,2,Mujer,31,961,3,Basica primaria,Baja,2,,1.0,,,3,,,,,,,,,,,,,,,,,,,,,,,,,,,,,,,,,9,6,1,1.0,2.0
58367,1,1,1,0,,1,,,,,1,Hombre,56,3136,5,Media,Media,2,,1.0,,,2,,,,,,,,,,,,,,,,,,,,,,,,,,,,,,,,,9,5,1,1.0,1.0
58382,3,1,3,0,,1,,,,,2,Mujer,32,1024,6,Tecnica/tecnologica,Superior,2,,1.0,,,3,,,,,,,,,,,,,,,,,,,,,,,,,,,,,,,,,9,6,0,2.0,2.0
58384,2,1,2,0,,1,,,,,2,Mujer,31,961,6,Tecnica/tecnologica,Superior,2,,1.0,,,3,,,,,,,,,,,,,,,,,,,,,,,,,,,,,,,,,9,1,0,1.0,2.0
58398,1,1,1,1,1.0,0,,,,,1,Hombre,24,576,7,Universitaria,Superior,2,,1.0,,,3,,,,,,,,,,,,,,,,,,,,,,,,,,,,,,,,,9,6,0,1.0,1.0
58408,2,1,2,0,,1,10000.0,9.210340371976184,4.0,2500.0,1,Hombre,28,784,5,Media,Media,1,1.0,1.0,,,3,4.0,1.0,8.0,1.0,DOS MIL PESOS,,,,1.0,,,,,,1.0,,,2.0,2.0,2.0,2.0,2.0,2.0,2.0,2.0,2.0,2.0,2.0,2.0,2.0,2.0,2.0,9,2,0,1.0,1.0
58435,2,1,2,1,1.0,0,,,5.0,5000.0,1,Hombre,26,676,4,Basica secundaria,Media,1,,1.0,1.0,,3,2.0,2.0,,1.0,CINCO MIL PESOS,,,1.0,,,,,,,2.0,,,2.0,2.0,2.0,2.0,2.0,2.0,2.0,2.0,2.0,2.0,2.0,2.0,2.0,2.0,2.0,9,6,1,1.0,1.0
58443,1,1,1,1,1.0,0,,,,,2,Mujer,21,441,5,Media,Media,2,,,,,3,,,,,,,,,,,,,,,,,,,,,,,,,,,,,,,,,5,6,0,1.0,2.0
58487,1,1,1,0,,1,150000.0,11.918390573078392,30.0,5000.0,1,Hombre,59,3481,3,Basica primaria,Baja,1,,1.0,,,3,5.0,1.0,30.0,1.0,CINCO MIL PESOS,,,1.0,,,,,,,2.0,,,1.0,1.0,1.0,1.0,1.0,1.0,1.0,1.0,1.0,1.0,1.0,1.0,1.0,1.0,1.0,9,6,1,1.0,1.0
58506,3,1,3,1,1.0,0,25000.0,10.126631103850338,20.0,2000.0,2,Mujer,21,441,5,Media,Media,1,,,,,3,4.0,1.0,20.0,1.0,DOS MIL PESOS,1.0,,1.0,,,,,,,2.0,,,1.0,2.0,2.0,1.0,2.0,2.0,2.0,1.0,1.0,1.0,2.0,1.0,2.0,1.0,1.0,9,6,1,1.0,2.0
58507,1,1,1,1,1.0,0,,,,,2,Mujer,30,900,6,Tecnica/tecnologica,Superior,2,,1.0,1.0,1.0,3,,,,,,,,,,,,,,,,,,,,,,,,,,,,,,,,,9,6,0,1.0,2.0
58516,2,1,2,1,1.0,0,50000.0,10.819778284410283,60.0,,1,Hombre,22,484,7,Universitaria,Superior,1,1.0,,,,3,5.0,1.0,30.0,2.0,,,,1.0,,,,,,,1.0,1.0,,2.0,2.0,2.0,2.0,2.0,2.0,2.0,2.0,2.0,2.0,2.0,1.0,2.0,2.0,2.0,9,6,0,1.0,1.0
58520,4,1,4,0,,1,,,,,2,Mujer,29,841,7,Universitaria,Superior,2,,1.0,,,3,,,,,,,,,,,,,,,,,,,,,,,,,,,,,,,,,9,2,2,1.0,2.0
58522,1,1,1,1,1.0,0,5000.0,8.517193191416238,1.0,5000.0,2,Mujer,29,841,7,Universitaria,Superior,1,1.0,1.0,1.0,,3,2.0,1.0,3.0,1.0,CINCO MIL PESOS,,,,1.0,,,,,,1.0,,,2.0,2.0,2.0,2.0,2.0,2.0,2.0,2.0,2.0,2.0,2.0,2.0,2.0,2.0,2.0,9,1,0,3.0,2.0
58536,2,1,2,0,,1,,,,,2,Mujer,56,3136,3,Basica primaria,Baja,2,,1.0,,,3,,,,,,,,,,,,,,,,,,,,,,,,,,,,,,,,,9,3,2,1.0,2.0
58539,1,1,1,0,,1,,,,,2,Mujer,42,1764,7,Universitaria,Superior,2,,1.0,,,3,,,,,,,,,,,,,,,,,,,,,,,,,,,,,,,,,9,2,2,1.0,2.0
58555,2,1,2,1,1.0,0,,,,,2,Mujer,18,324,5,Media,Media,2,,,,,3,,,,,,,,,,,,,,,,,,,,,,,,,,,,,,,,,9,1,0,1.0,2.0
58561,1,1,1,0,,1,,,,,1,Hombre,42,1764,5,Media,Media,2,,1.0,,,3,,,,,,,,,,,,,,,,,,,,,,,,,,,,,,,,,9,5,2,1.0,1.0
58586,2,1,2,1,1.0,0,100000.0,11.512925464970229,150.0,,2,Mujer,25,625,6,Tecnica/tecnologica,Superior,1,1.0,1.0,1.0,,3,5.0,1.0,30.0,2.0,,,,,1.0,,,,,,1.0,,,2.0,2.0,2.0,2.0,2.0,2.0,2.0,1.0,1.0,1.0,1.0,1.0,2.0,2.0,1.0,9,1,1,1.0,2.0
58587,2,1,2,1,1.0,0,,,,,1,Hombre,35,1225,4,Basica secundaria,Media,2,,1.0,1.0,,3,,,,,,,,,,,,,,,,,,,,,,,,,,,,,,,,,9,6,0,1.0,1.0
58595,2,1,2,0,,1,,,,,2,Mujer,58,3364,5,Media,Media,2,,1.0,,,3,,,,,,,,,,,,,,,,,,,,,,,,,,,,,,,,,9,3,0,1.0,2.0
58614,2,1,2,0,,1,,,,,1,Hombre,55,3025,8,Postgrado,Superior,2,,1.0,,,3,,,,,,,,,,,,,,,,,,,,,,,,,,,,,,,,,9,3,1,1.0,1.0
58642,1,1,1,0,,1,,,,,1,Hombre,37,1369,7,Universitaria,Superior,2,,1.0,,,3,,,,,,,,,,,,,,,,,,,,,,,,,,,,,,,,,9,3,0,1.0,1.0
58653,3,1,3,1,1.0,0,2000.0,7.600902459542082,4.0,,1,Hombre,32,1024,6,Tecnica/tecnologica,Superior,1,,,,,1,3.0,1.0,4.0,2.0,,,,,1.0,,,,,,2.0,,,2.0,2.0,2.0,2.0,2.0,2.0,2.0,2.0,2.0,2.0,2.0,2.0,2.0,2.0,1.0,9,6,1,1.0,1.0
58659,1,1,1,1,1.0,0,,,4.0,4000.0,1,Hombre,35,1225,8,Postgrado,Superior,1,,1.0,,,2,3.0,2.0,,1.0,CUATRO MIL PESOS,,,,1.0,,,,,,2.0,,,2.0,2.0,2.0,2.0,2.0,2.0,2.0,2.0,2.0,2.0,2.0,2.0,2.0,2.0,2.0,9,6,0,1.0,1.0
58660,2,1,2,1,1.0,0,2500.0,7.824046010856292,1.0,1000.0,2,Mujer,41,1681,6,Tecnica/tecnologica,Superior,1,,,,,3,3.0,1.0,2.0,1.0,MIL PESOS,,,,1.0,,,,,,2.0,,,2.0,2.0,2.0,2.0,2.0,2.0,2.0,2.0,2.0,2.0,2.0,2.0,2.0,2.0,2.0,9,2,3,1.0,2.0
58684,2,1,2,0,,1,,,,,1,Hombre,52,2704,5,Media,Media,2,,1.0,,,3,,,,,,,,,,,,,,,,,,,,,,,,,,,,,,,,,9,5,5,1.0,1.0
58705,1,1,1,0,,1,,,,,1,Hombre,30,900,5,Media,Media,2,,1.0,,,3,,,,,,,,,,,,,,,,,,,,,,,,,,,,,,,,,9,5,2,1.0,1.0
58759,2,1,2,0,,1,,,,,2,Mujer,63,3969,5,Media,Media,2,,1.0,,,3,,,,,,,,,,,,,,,,,,,,,,,,,,,,,,,,,9,3,2,1.0,2.0
58765,1,1,1,0,,1,,,,,1,Hombre,48,2304,5,Media,Media,2,,1.0,,,3,,,,,,,,,,,,,,,,,,,,,,,,,,,,,,,,,9,3,2,1.0,1.0
58770,3,1,3,0,,1,,,,,2,Mujer,24,576,7,Universitaria,Superior,2,,1.0,,,3,,,,,,,,,,,,,,,,,,,,,,,,,,,,,,,,,9,6,0,1.0,2.0
58791,1,1,1,0,,1,,,,,1,Hombre,44,1936,5,Media,Media,2,,1.0,,,3,,,,,,,,,,,,,,,,,,,,,,,,,,,,,,,,,1,2,2,1.0,1.0
58809,2,1,2,1,1.0,0,5000.0,8.517193191416238,2.0,2500.0,1,Hombre,26,676,7,Universitaria,Superior,1,1.0,1.0,,,3,2.0,1.0,30.0,1.0,DOS MIL QUINIENTOS,,,1.0,,,,,,,1.0,,,2.0,2.0,2.0,2.0,2.0,2.0,2.0,2.0,1.0,2.0,2.0,2.0,2.0,2.0,2.0,9,6,0,1.0,1.0
58815,2,1,2,0,,1,,,,,1,Hombre,34,1156,6,Tecnica/tecnologica,Superior,2,,1.0,,,3,,,,,,,,,,,,,,,,,,,,,,,,,,,,,,,,,9,2,1,1.0,1.0
58827,1,1,1,0,,1,,,,,1,Hombre,39,1521,5,Media,Media,2,,1.0,,,3,,,,,,,,,,,,,,,,,,,,,,,,,,,,,,,,,9,2,2,1.0,1.0
58828,2,1,2,0,,1,15000.0,9.615805480084347,,4000.0,1,Hombre,31,961,3,Basica primaria,Baja,1,,1.0,,,3,4.0,1.0,2.0,1.0,CUATRO MIL PESOS,,,,1.0,,,,,,2.0,,,2.0,2.0,2.0,2.0,2.0,2.0,2.0,2.0,2.0,2.0,2.0,2.0,2.0,2.0,2.0,9,6,2,1.0,1.0
58840,1,1,1,1,1.0,0,,,1.0,5000.0,1,Hombre,29,841,5,Media,Media,1,,,,,3,2.0,2.0,,1.0,CINCO MIL,,,,1.0,,,,,,2.0,,,2.0,2.0,2.0,2.0,2.0,2.0,2.0,2.0,2.0,2.0,2.0,2.0,2.0,2.0,2.0,9,2,0,1.0,1.0
58851,2,1,2,0,,1,,,,,2,Mujer,29,841,6,Tecnica/tecnologica,Superior,2,,1.0,,,3,,,,,,,,,,,,,,,,,,,,,,,,,,,,,,,,,9,3,1,1.0,2.0
58853,1,1,1,1,1.0,0,100000.0,11.512925464970229,60.0,2000.0,1,Hombre,31,961,6,Tecnica/tecnologica,Superior,1,1.0,,,,3,5.0,1.0,30.0,1.0,DOS MIL PESOS,,,,1.0,,,,,,1.0,,,2.0,2.0,2.0,2.0,2.0,2.0,2.0,1.0,1.0,1.0,2.0,1.0,2.0,2.0,1.0,9,6,1,1.0,1.0
58869,2,1,2,0,,1,,,,,1,Hombre,29,841,7,Universitaria,Superior,9,,1.0,,,3,,,,,,,,,,,,,,,,,,,,,,,,,,,,,,,,,9,6,0,1.0,1.0
58873,4,1,4,1,1.0,0,,,,,1,Hombre,21,441,6,Tecnica/tecnologica,Superior,2,,1.0,,,3,,,,,,,,,,,,,,,,,,,,,,,,,,,,,,,,,9,1,0,1.0,1.0
58885,3,1,3,1,1.0,0,5000.0,8.517193191416238,1.0,,2,Mujer,16,256,4,Basica secundaria,Media,1,1.0,1.0,,,3,3.0,1.0,5.0,2.0,,,,,1.0,,,,,,1.0,,,2.0,2.0,2.0,2.0,2.0,1.0,1.0,2.0,1.0,2.0,1.0,2.0,2.0,2.0,2.0,9,6,0,,
58888,2,1,2,0,,1,,,,,1,Hombre,53,2809,5,Media,Media,2,,1.0,,,3,,,,,,,,,,,,,,,,,,,,,,,,,,,,,,,,,9,6,0,1.0,1.0
58890,3,1,3,1,1.0,0,,,,,1,Hombre,25,625,7,Universitaria,Superior,2,,1.0,,,3,,,,,,,,,,,,,,,,,,,,,,,,,,,,,,,,,9,3,1,1.0,1.0
58894,3,1,3,0,,1,,,1.0,,1,Hombre,15,225,5,Media,Media,1,,1.0,,,2,1.0,2.0,,2.0,,,,,1.0,,,,,,2.0,,,2.0,2.0,2.0,2.0,2.0,2.0,2.0,2.0,2.0,2.0,2.0,2.0,2.0,2.0,2.0,9,6,0,,
58919,4,1,4,1,1.0,0,4000.0,8.294049640102028,30.0,2000.0,1,Hombre,39,1521,5,Media,Media,1,,1.0,1.0,,3,5.0,1.0,30.0,1.0,DOS MIL,1.0,1.0,,1.0,1.0,,,,,2.0,,,2.0,2.0,2.0,2.0,2.0,2.0,2.0,2.0,2.0,2.0,1.0,2.0,2.0,2.0,1.0,9,6,1,1.0,1.0
58926,1,1,1,1,1.0,0,,,1.0,5000.0,1,Hombre,23,529,7,Universitaria,Superior,1,,,,,2,2.0,2.0,,1.0,CINCO MIL PESOS,,,,1.0,,,,,,2.0,,,2.0,2.0,2.0,2.0,2.0,2.0,2.0,2.0,2.0,2.0,2.0,2.0,2.0,2.0,2.0,1,6,0,1.0,1.0
58988,1,1,1,1,1.0,0,1000.0,6.907755278982137,10.0,,1,Hombre,25,625,6,Tecnica/tecnologica,Superior,1,,1.0,1.0,,3,2.0,1.0,10.0,2.0,,,,,1.0,,,,,,2.0,,,2.0,2.0,2.0,2.0,2.0,2.0,2.0,2.0,2.0,2.0,2.0,2.0,2.0,2.0,2.0,9,6,0,3.0,1.0
58993,1,1,1,0,,1,,,,,1,Hombre,58,3364,5,Media,Media,2,,1.0,,,3,,,,,,,,,,,,,,,,,,,,,,,,,,,,,,,,,9,5,1,1.0,1.0
59017,2,1,2,1,1.0,0,,,,,1,Hombre,30,900,7,Universitaria,Superior,2,,,,,3,,,,,,,,,,,,,,,,,,,,,,,,,,,,,,,,,9,6,0,1.0,1.0
59020,3,1,3,0,,1,50000.0,10.819778284410283,30.0,2500.0,2,Mujer,16,256,4,Basica secundaria,Media,1,,1.0,,,3,5.0,1.0,30.0,1.0,DOS MIL QUINIENTOS PESOS,,,1.0,,,,,,,2.0,,,2.0,2.0,2.0,2.0,2.0,1.0,2.0,1.0,1.0,1.0,2.0,2.0,2.0,1.0,1.0,9,6,0,,
59039,5,1,5,0,,1,5000.0,8.517193191416238,3.0,1500.0,1,Hombre,27,729,5,Media,Media,1,,1.0,,,1,4.0,1.0,3.0,1.0,MIL QUINIENTOS,,,,1.0,,,,,,2.0,,,2.0,1.0,1.0,1.0,2.0,2.0,2.0,2.0,2.0,2.0,2.0,2.0,2.0,2.0,2.0,9,6,0,2.0,1.0
59045,4,1,4,0,,1,,,,,2,Mujer,35,1225,7,Universitaria,Superior,2,,1.0,,,3,,,,,,,,,,,,,,,,,,,,,,,,,,,,,,,,,9,5,0,1.0,2.0
59046,3,1,3,0,,1,,,,,1,Hombre,37,1369,5,Media,Media,2,,1.0,,,3,,,,,,,,,,,,,,,,,,,,,,,,,,,,,,,,,9,6,0,1.0,1.0
59057,2,1,2,0,,1,,,,,1,Hombre,64,4096,3,Basica primaria,Baja,2,,1.0,,,3,,,,,,,,,,,,,,,,,,,,,,,,,,,,,,,,,9,5,2,1.0,1.0
59061,3,1,3,1,1.0,0,5000.0,8.517193191416238,7.0,2000.0,1,Hombre,19,361,5,Media,Media,1,1.0,1.0,1.0,1.0,3,4.0,1.0,4.0,1.0,DOS MIL PESOS,,,1.0,,,,,,,1.0,,,2.0,2.0,2.0,2.0,2.0,2.0,2.0,2.0,1.0,1.0,1.0,1.0,1.0,1.0,1.0,9,6,0,1.0,1.0
59068,2,1,2,0,,1,,,,,2,Mujer,54,2916,7,Universitaria,Superior,2,,1.0,,,3,,,,,,,,,,,,,,,,,,,,,,,,,,,,,,,,,9,3,2,1.0,2.0
59095,3,1,3,0,,1,,,,,2,Mujer,38,1444,8,Postgrado,Superior,2,,1.0,,,3,,,,,,,,,,,,,,,,,,,,,,,,,,,,,,,,,9,6,1,1.0,2.0
59096,1,1,1,1,1.0,0,,,,,1,Hombre,57,3249,4,Basica secundaria,Media,2,,,,,3,,,,,,,,,,,,,,,,,,,,,,,,,,,,,,,,,9,3,4,1.0,1.0
59100,1,1,1,1,1.0,0,35000.0,10.46310334047155,20.0,4000.0,1,Hombre,26,676,7,Universitaria,Superior,1,1.0,1.0,1.0,,3,5.0,1.0,30.0,1.0,CUATRO MIL,,,,1.0,,,,,,1.0,,,2.0,2.0,2.0,2.0,2.0,1.0,1.0,1.0,1.0,1.0,2.0,2.0,2.0,2.0,1.0,9,3,0,1.0,1.0
59113,2,1,2,0,,1,,,,,2,Mujer,53,2809,6,Tecnica/tecnologica,Superior,2,,1.0,,,3,,,,,,,,,,,,,,,,,,,,,,,,,,,,,,,,,9,3,3,1.0,2.0
59118,3,1,3,0,,1,,,,,1,Hombre,40,1600,5,Media,Media,2,,1.0,,,3,,,,,,,,,,,,,,,,,,,,,,,,,,,,,,,,,9,6,1,1.0,1.0
59142,1,1,1,1,1.0,0,,,,,1,Hombre,59,3481,4,Basica secundaria,Media,2,,,,,3,,,,,,,,,,,,,,,,,,,,,,,,,,,,,,,,,9,3,2,1.0,1.0
59209,2,1,2,0,,1,,,,,1,Hombre,53,2809,8,Postgrado,Superior,2,,,,1.0,3,,,,,,,,,,,,,,,,,,,,,,,,,,,,,,,,,9,6,0,1.0,1.0
59233,4,1,4,1,1.0,0,,,,,1,Hombre,18,324,5,Media,Media,2,,,,,3,,,,,,,,,,,,,,,,,,,,,,,,,,,,,,,,,9,6,0,1.0,1.0
59236,5,1,5,0,,1,,,,,1,Hombre,18,324,5,Media,Media,2,,1.0,,,3,,,,,,,,,,,,,,,,,,,,,,,,,,,,,,,,,9,6,0,1.0,1.0
59243,1,1,1,0,,1,,,,,1,Hombre,62,3844,5,Media,Media,2,,1.0,,,3,,,,,,,,,,,,,,,,,,,,,,,,,,,,,,,,,9,3,0,1.0,1.0
59247,2,1,2,0,,1,,,,,2,Mujer,60,3600,5,Media,Media,2,,1.0,,,3,,,,,,,,,,,,,,,,,,,,,,,,,,,,,,,,,9,3,2,1.0,2.0
59249,1,1,1,1,1.0,0,,,,,1,Hombre,61,3721,3,Basica primaria,Baja,2,,,,,3,,,,,,,,,,,,,,,,,,,,,,,,,,,,,,,,,9,5,2,1.0,1.0
59250,1,1,1,1,1.0,0,,,,,1,Hombre,42,1764,6,Tecnica/tecnologica,Superior,2,,1.0,1.0,,3,,,,,,,,,,,,,,,,,,,,,,,,,,,,,,,,,9,2,2,1.0,1.0
59257,2,1,2,0,,1,,,,,2,Mujer,24,576,5,Media,Media,2,,1.0,,,3,,,,,,,,,,,,,,,,,,,,,,,,,,,,,,,,,9,1,0,1.0,2.0
59307,2,1,2,0,,1,,,,,2,Mujer,18,324,4,Basica secundaria,Media,2,,1.0,,,9,,,,,,,,,,,,,,,,,,,,,,,,,,,,,,,,,9,6,0,1.0,2.0
59315,3,1,3,0,,1,,,,,1,Hombre,50,2500,5,Media,Media,2,,1.0,,,3,,,,,,,,,,,,,,,,,,,,,,,,,,,,,,,,,9,2,0,2.0,1.0
59316,3,1,3,1,1.0,0,15000.0,9.615805480084347,7.0,2000.0,1,Hombre,18,324,5,Media,Media,1,,,,,3,4.0,1.0,20.0,1.0,dos mil,,,,1.0,,,,,,2.0,,,2.0,1.0,2.0,1.0,2.0,1.0,1.0,1.0,1.0,1.0,1.0,2.0,1.0,2.0,1.0,9,6,0,1.0,1.0
59393,1,1,1,0,,1,,,,,1,Hombre,57,3249,5,Media,Media,2,,1.0,,,3,,,,,,,,,,,,,,,,,,,,,,,,,,,,,,,,,9,5,2,1.0,1.0
59402,1,1,1,0,,1,,,,,2,Mujer,60,3600,7,Universitaria,Superior,2,,1.0,,,3,,,,,,,,,,,,,,,,,,,,,,,,,,,,,,,,,9,5,3,1.0,2.0
59429,3,1,3,1,1.0,0,25000.0,10.126631103850338,18.0,2000.0,1,Hombre,19,361,5,Media,Media,1,1.0,1.0,,1.0,3,5.0,1.0,30.0,1.0,dos mil pesos,,,1.0,1.0,1.0,1.0,,,,1.0,,,1.0,1.0,1.0,1.0,1.0,1.0,1.0,1.0,1.0,1.0,1.0,1.0,1.0,1.0,1.0,9,6,0,1.0,1.0
59441,1,1,1,1,1.0,0,,,,,2,Mujer,63,3969,3,Basica primaria,Baja,2,,1.0,,,3,,,,,,,,,,,,,,,,,,,,,,,,,,,,,,,,,9,6,0,1.0,2.0
59457,1,1,1,0,,1,,,,,1,Hombre,33,1089,7,Universitaria,Superior,2,,1.0,,,3,,,,,,,,,,,,,,,,,,,,,,,,,,,,,,,,,9,3,1,1.0,1.0
59465,3,1,3,1,1.0,0,5000.0,8.517193191416238,,3000.0,1,Hombre,18,324,5,Media,Media,1,,,,,3,4.0,1.0,4.0,1.0,TRES MIL PESOS,,,,1.0,,,,,,2.0,,,2.0,2.0,2.0,2.0,2.0,2.0,2.0,2.0,2.0,2.0,2.0,1.0,2.0,2.0,2.0,9,6,0,1.0,1.0
59487,2,1,2,0,,1,,,,,2,Mujer,50,2500,8,Postgrado,Superior,2,,1.0,,,3,,,,,,,,,,,,,,,,,,,,,,,,,,,,,,,,,9,3,0,1.0,2.0
59503,2,1,2,0,,1,,,,,2,Mujer,58,3364,5,Media,Media,2,,1.0,,,3,,,,,,,,,,,,,,,,,,,,,,,,,,,,,,,,,9,3,2,1.0,2.0
59508,1,1,1,1,1.0,0,,,1.0,2000.0,1,Hombre,27,729,8,Postgrado,Superior,1,1.0,1.0,1.0,,3,2.0,2.0,,1.0,DOS MIL PESOS,,,,1.0,,,,,,1.0,,,2.0,2.0,2.0,2.0,2.0,2.0,2.0,2.0,2.0,2.0,2.0,2.0,2.0,2.0,2.0,9,6,0,1.0,1.0
59517,3,1,3,1,1.0,0,,,2.0,1000.0,2,Mujer,14,196,4,Basica secundaria,Media,1,,,,,2,2.0,2.0,,1.0,MIL PESOS,,,,1.0,,,,,,2.0,,,1.0,2.0,2.0,1.0,2.0,1.0,1.0,2.0,1.0,1.0,2.0,2.0,2.0,2.0,2.0,9,6,0,,
59532,2,1,2,0,,1,,,,,2,Mujer,40,1600,5,Media,Media,2,,1.0,,,3,,,,,,,,,,,,,,,,,,,,,,,,,,,,,,,,,9,2,0,1.0,2.0
59551,3,1,3,0,,1,1000.0,6.907755278982137,1.0,1000.0,2,Mujer,25,625,6,Tecnica/tecnologica,Superior,1,,1.0,,,3,3.0,1.0,1.0,1.0,MIL PESOS,,,,1.0,,,,,,2.0,,,2.0,2.0,2.0,2.0,2.0,2.0,1.0,2.0,2.0,2.0,1.0,2.0,2.0,2.0,2.0,5,6,0,1.0,2.0
59558,1,1,1,1,1.0,0,2000.0,7.600902459542082,1.0,2000.0,2,Mujer,25,625,7,Universitaria,Superior,1,1.0,,,,3,3.0,1.0,2.0,1.0,dos mil pesos,,,,1.0,,,,,,1.0,,,2.0,2.0,2.0,1.0,2.0,1.0,1.0,2.0,2.0,2.0,2.0,2.0,2.0,2.0,2.0,9,6,0,1.0,2.0
59565,2,1,2,0,,1,,,,,1,Hombre,56,3136,5,Media,Media,2,,1.0,,,3,,,,,,,,,,,,,,,,,,,,,,,,,,,,,,,,,9,6,0,1.0,1.0
59567,2,1,2,0,,1,,,,,2,Mujer,20,400,7,Universitaria,Superior,2,,1.0,,,3,,,,,,,,,,,,,,,,,,,,,,,,,,,,,,,,,9,6,0,1.0,2.0
59568,1,1,1,0,,1,,,1.0,,1,Hombre,25,625,7,Universitaria,Superior,1,1.0,,,1.0,9,1.0,2.0,,2.0,,,,,1.0,,,,,,1.0,,,2.0,2.0,2.0,2.0,2.0,2.0,2.0,2.0,2.0,2.0,2.0,2.0,2.0,2.0,2.0,1,6,0,4.0,1.0
59569,1,1,1,0,,1,,,,,1,Hombre,57,3249,5,Media,Media,2,,1.0,,,3,,,,,,,,,,,,,,,,,,,,,,,,,,,,,,,,,9,5,2,1.0,1.0
59570,3,1,3,1,1.0,0,1000.0,6.907755278982137,150.0,2500.0,1,Hombre,21,441,7,Universitaria,Superior,1,1.0,1.0,1.0,,3,5.0,1.0,30.0,1.0,DOS MIL QUINIENTOS,,,,,,,,1.0,,1.0,1.0,1.0,2.0,1.0,1.0,2.0,2.0,1.0,2.0,2.0,1.0,2.0,1.0,1.0,2.0,2.0,2.0,9,6,0,1.0,1.0
59573,2,1,2,1,1.0,0,,,,,2,Mujer,24,576,6,Tecnica/tecnologica,Superior,2,,,,,3,,,,,,,,,,,,,,,,,,,,,,,,,,,,,,,,,9,3,1,1.0,2.0
59577,3,1,3,1,1.0,0,25000.0,10.126631103850338,1.0,3000.0,1,Hombre,31,961,7,Universitaria,Superior,1,1.0,,,,3,4.0,1.0,9.0,1.0,TRES MIL,,,,1.0,,,,,,1.0,,,1.0,1.0,2.0,2.0,2.0,2.0,2.0,2.0,1.0,2.0,2.0,2.0,2.0,2.0,2.0,9,6,0,1.0,1.0
59589,1,1,1,0,,1,,,,,1,Hombre,53,2809,5,Media,Media,2,,1.0,,,3,,,,,,,,,,,,,,,,,,,,,,,,,,,,,,,,,9,2,1,1.0,1.0
59591,2,1,2,1,1.0,0,,,,,1,Hombre,32,1024,7,Universitaria,Superior,2,,,,,3,,,,,,,,,,,,,,,,,,,,,,,,,,,,,,,,,9,6,1,1.0,1.0
59627,1,1,1,0,,1,,,,,1,Hombre,52,2704,6,Tecnica/tecnologica,Superior,2,,1.0,,,3,,,,,,,,,,,,,,,,,,,,,,,,,,,,,,,,,9,1,1,1.0,1.0
59629,3,1,3,0,,1,,,,,1,Hombre,29,841,5,Media,Media,2,,1.0,,,3,,,,,,,,,,,,,,,,,,,,,,,,,,,,,,,,,9,6,2,1.0,1.0
59631,2,1,2,0,,1,,,,,1,Hombre,38,1444,6,Tecnica/tecnologica,Superior,2,,1.0,,,3,,,,,,,,,,,,,,,,,,,,,,,,,,,,,,,,,9,2,1,1.0,1.0
59636,1,1,1,1,1.0,0,,,1.0,,2,Mujer,56,3136,5,Media,Media,1,,1.0,,,3,1.0,2.0,,2.0,,,,,1.0,,,,,,2.0,,,2.0,2.0,2.0,2.0,2.0,2.0,2.0,2.0,2.0,2.0,2.0,2.0,2.0,2.0,2.0,9,6,2,1.0,2.0
59646,1,1,1,1,1.0,0,,,,,1,Hombre,36,1296,8,Postgrado,Superior,2,,,,,3,,,,,,,,,,,,,,,,,,,,,,,,,,,,,,,,,9,2,1,1.0,1.0
59649,6,1,6,1,1.0,0,250000.0,12.429216196844383,90.0,2000.0,1,Hombre,28,784,5,Media,Media,1,1.0,1.0,1.0,,3,5.0,1.0,30.0,1.0,DOS MIL PESOS,,,,1.0,,,,,,1.0,,,2.0,2.0,2.0,2.0,2.0,1.0,1.0,1.0,1.0,1.0,1.0,1.0,2.0,2.0,1.0,9,6,0,1.0,1.0
59652,1,1,1,0,,1,,,,,1,Hombre,59,3481,5,Media,Media,2,,1.0,,,3,,,,,,,,,,,,,,,,,,,,,,,,,,,,,,,,,9,6,5,1.0,1.0
59661,3,1,3,1,1.0,0,,,,,2,Mujer,37,1369,3,Basica primaria,Baja,2,,,,,3,,,,,,,,,,,,,,,,,,,,,,,,,,,,,,,,,9,5,1,1.0,2.0
59670,2,1,2,0,,1,,,,,1,Hombre,37,1369,4,Basica secundaria,Media,2,,1.0,,,3,,,,,,,,,,,,,,,,,,,,,,,,,,,,,,,,,9,6,1,1.0,1.0
59671,2,1,2,0,,1,,,,,2,Mujer,52,2704,3,Basica primaria,Baja,2,,1.0,,,3,,,,,,,,,,,,,,,,,,,,,,,,,,,,,,,,,9,3,1,1.0,2.0
59673,1,1,1,0,,1,,,,,1,Hombre,61,3721,6,Tecnica/tecnologica,Superior,2,,1.0,,,3,,,,,,,,,,,,,,,,,,,,,,,,,,,,,,,,,9,3,4,1.0,1.0
59694,2,1,2,1,1.0,0,,,,,1,Hombre,28,784,5,Media,Media,2,,,,,3,,,,,,,,,,,,,,,,,,,,,,,,,,,,,,,,,9,6,0,1.0,1.0
59703,2,1,2,0,,1,,,,,1,Hombre,36,1296,4,Basica secundaria,Media,2,,1.0,,,3,,,,,,,,,,,,,,,,,,,,,,,,,,,,,,,,,9,6,2,1.0,1.0
59706,4,1,4,1,1.0,0,25000.0,10.126631103850338,60.0,5000.0,1,Hombre,22,484,5,Media,Media,1,1.0,,,,3,5.0,1.0,30.0,1.0,CINCO MIL PESOS,,,,1.0,,,,,,1.0,,,2.0,2.0,2.0,2.0,2.0,2.0,2.0,1.0,1.0,1.0,2.0,1.0,2.0,2.0,1.0,9,6,0,1.0,1.0
59733,1,1,1,0,,1,,,,,1,Hombre,55,3025,5,Media,Media,2,,1.0,,,3,,,,,,,,,,,,,,,,,,,,,,,,,,,,,,,,,9,5,3,1.0,1.0
59739,2,1,2,1,1.0,0,,,1.0,2000.0,2,Mujer,17,289,4,Basica secundaria,Media,1,,1.0,,,3,3.0,2.0,,1.0,DOS MIL PESOS,,,1.0,,,,,,,2.0,,,2.0,2.0,2.0,1.0,2.0,1.0,1.0,1.0,1.0,2.0,1.0,2.0,2.0,1.0,1.0,9,5,1,,
59741,2,1,2,0,,1,,,,,2,Mujer,22,484,7,Universitaria,Superior,2,,1.0,,,3,,,,,,,,,,,,,,,,,,,,,,,,,,,,,,,,,9,6,0,1.0,2.0
59760,4,1,4,0,,1,,,,,1,Hombre,27,729,5,Media,Media,2,,1.0,,,3,,,,,,,,,,,,,,,,,,,,,,,,,,,,,,,,,9,5,1,1.0,1.0
59764,2,1,2,0,,1,,,3.0,2000.0,1,Hombre,51,2601,3,Basica primaria,Baja,1,,1.0,,,2,2.0,2.0,,1.0,DOS MIL PESOS,,,,1.0,,,,,,2.0,,,2.0,1.0,2.0,1.0,2.0,2.0,2.0,2.0,1.0,1.0,2.0,2.0,2.0,2.0,1.0,9,6,1,1.0,1.0
59773,2,1,2,0,,1,,,,,1,Hombre,33,1089,8,Postgrado,Superior,2,,1.0,,,3,,,,,,,,,,,,,,,,,,,,,,,,,,,,,,,,,9,6,0,1.0,1.0
59774,2,1,2,1,1.0,0,,,,,2,Mujer,26,676,5,Media,Media,2,,1.0,,,3,,,,,,,,,,,,,,,,,,,,,,,,,,,,,,,,,9,5,2,1.0,2.0
59778,1,1,1,1,1.0,0,,,,,2,Mujer,20,400,4,Basica secundaria,Media,2,,,,,3,,,,,,,,,,,,,,,,,,,,,,,,,,,,,,,,,9,6,1,1.0,2.0
59784,2,1,2,1,1.0,0,,,,,1,Hombre,34,1156,3,Basica primaria,Baja,2,,,,,3,,,,,,,,,,,,,,,,,,,,,,,,,,,,,,,,,9,1,2,1.0,1.0
59788,1,1,1,1,1.0,0,,,,,1,Hombre,57,3249,4,Basica secundaria,Media,2,,,,,3,,,,,,,,,,,,,,,,,,,,,,,,,,,,,,,,,5,6,2,1.0,1.0
59808,1,1,1,1,1.0,0,,,,,2,Mujer,29,841,7,Universitaria,Superior,2,,,,,3,,,,,,,,,,,,,,,,,,,,,,,,,,,,,,,,,9,6,0,1.0,2.0
59817,2,1,2,1,1.0,0,,,,,1,Hombre,18,324,5,Media,Media,2,,,,,3,,,,,,,,,,,,,,,,,,,,,,,,,,,,,,,,,9,6,0,1.0,1.0
59818,4,1,4,0,,1,,,,,2,Mujer,19,361,4,Basica secundaria,Media,2,,1.0,,,3,,,,,,,,,,,,,,,,,,,,,,,,,,,,,,,,,9,2,1,1.0,2.0
59832,3,1,3,0,,1,,,,,2,Mujer,34,1156,7,Universitaria,Superior,2,,1.0,,,3,,,,,,,,,,,,,,,,,,,,,,,,,,,,,,,,,9,6,1,1.0,2.0
59835,1,1,1,0,,1,,,,,1,Hombre,39,1521,8,Postgrado,Superior,2,,1.0,,,3,,,,,,,,,,,,,,,,,,,,,,,,,,,,,,,,,9,3,1,1.0,1.0
59940,4,1,4,1,1.0,0,5000.0,8.517193191416238,4.0,1000.0,1,Hombre,21,441,5,Media,Media,1,,,,,3,2.0,1.0,2.0,1.0,MIL PESOS,,,,1.0,,,,,,2.0,,,1.0,2.0,2.0,1.0,1.0,1.0,1.0,1.0,1.0,1.0,1.0,1.0,1.0,1.0,1.0,9,6,0,1.0,1.0
59941,2,1,2,1,1.0,0,20000.0,9.903487552536127,10.0,,1,Hombre,21,441,5,Media,Media,1,,,,,3,4.0,1.0,10.0,2.0,,,,,1.0,,,,,,2.0,,,2.0,2.0,2.0,2.0,2.0,1.0,1.0,2.0,2.0,2.0,2.0,1.0,2.0,2.0,1.0,9,6,0,1.0,1.0
59943,3,1,3,0,,1,,,,,1,Hombre,18,324,6,Tecnica/tecnologica,Superior,2,,1.0,,,3,,,,,,,,,,,,,,,,,,,,,,,,,,,,,,,,,9,6,0,1.0,1.0
59944,1,1,1,0,,1,,,,,1,Hombre,24,576,8,Postgrado,Superior,2,,1.0,,,3,,,,,,,,,,,,,,,,,,,,,,,,,,,,,,,,,9,6,0,1.0,1.0
59973,1,1,1,0,,1,,,,,1,Hombre,31,961,7,Universitaria,Superior,2,,1.0,,,3,,,,,,,,,,,,,,,,,,,,,,,,,,,,,,,,,9,5,3,1.0,1.0
